time,value
0.00000000000000,0.00000000000000
0.00100000000000000,0.0314696348198611
0.00200000000000000,0.0630256722920406
0.00300000000000000,0.0946360910326275
0.00400000000000000,0.126268223838506
0.00500000000000000,0.157888786032888
0.00600000000000000,0.189463905540123
0.00700000000000000,0.220959154695256
0.00800000000000000,0.252339583790784
0.00900000000000000,0.283569756359974
0.0100000000000000,0.314613786192863
0.0110000000000000,0.345435376077719
0.0120000000000000,0.375997858257263
0.0130000000000000,0.406264236585384
0.0140000000000000,0.436197230366397
0.0150000000000000,0.465759319855074
0.0160000000000000,0.494912793391813
0.0170000000000000,0.523619796143289
0.0180000000000000,0.551842380414848
0.0190000000000000,0.579542557496739
0.0200000000000000,0.606682351002000
0.0210000000000000,0.633223851649490
0.0220000000000000,0.659129273441144
0.0230000000000000,0.684361011178067
0.0240000000000000,0.708881699255531
0.0250000000000000,0.732654271672413
0.0260000000000000,0.755642023185932
0.0270000000000000,0.777808671537966
0.0280000000000000,0.799118420674502
0.0290000000000000,0.819536024875147
0.0300000000000000,0.839026853704906
0.0310000000000000,0.857556957695795
0.0320000000000000,0.875093134661174
0.0330000000000000,0.891602996541107
0.0340000000000000,0.907055036672443
0.0350000000000000,0.921418697372813
0.0360000000000000,0.934664437723292
0.0370000000000000,0.946763801430094
0.0380000000000000,0.957689484641411
0.0390000000000000,0.967415403591330
0.0400000000000000,0.975916761938747
0.0410000000000000,0.983170117665268
0.0420000000000000,0.989153449392369
0.0430000000000000,0.993846221974503
0.0440000000000000,0.997229451221422
0.0450000000000000,0.999285767599846
0.0460000000000000,0.999999478761563
0.0470000000000000,0.999356630742357
0.0480000000000000,0.997345067673620
0.0490000000000000,0.993954489846290
0.0500000000000000,0.989176509964781
0.0510000000000000,0.983004707426931
0.0520000000000000,0.975434680464611
0.0530000000000000,0.966464095978637
0.0540000000000000,0.956092736900934
0.0550000000000000,0.944322546916580
0.0560000000000000,0.931157672378392
0.0570000000000000,0.916604501247168
0.0580000000000000,0.900671698891533
0.0590000000000000,0.883370240582573
0.0600000000000000,0.864713440520155
0.0610000000000000,0.844716977229927
0.0620000000000000,0.823398915172591
0.0630000000000000,0.800779722410087
0.0640000000000000,0.776882284176838
0.0650000000000000,0.751731912208236
0.0660000000000000,0.725356349683057
0.0670000000000000,0.697785771641478
0.0680000000000000,0.669052780745939
0.0690000000000000,0.639192398258107
0.0700000000000000,0.608242050111772
0.0710000000000000,0.576241547968608
0.0720000000000000,0.543233065151345
0.0730000000000000,0.509261107357067
0.0740000000000000,0.474372478062018
0.0750000000000000,0.438616238538528
0.0760000000000000,0.402043662414406
0.0770000000000000,0.364708184715399
0.0780000000000000,0.326665345342097
0.0790000000000000,0.287972726943955
0.0800000000000000,0.248689887164855
0.0810000000000000,0.208878285246906
0.0820000000000000,0.168601202991922
0.0830000000000000,0.127923660093169
0.0840000000000000,0.0869123238636462
0.0850000000000000,0.0456354134011495
0.0860000000000000,0.00416259824486709
0.0870000000000000,-0.0374351084069892
0.0880000000000000,-0.0790854618338045
0.0890000000000000,-0.120715103183279
0.0900000000000000,-0.162249682000279
0.0910000000000000,-0.203613983761868
0.0920000000000000,-0.244732062270263
0.0930000000000000,-0.285527376739052
0.0940000000000000,-0.325922933391385
0.0950000000000000,-0.365841431372154
0.0960000000000000,-0.405205412759378
0.0970000000000000,-0.443937416443223
0.0980000000000000,-0.481960135624283
0.0990000000000000,-0.519196578666011
0.100000000000000,-0.555570233019602
0.101000000000000,-0.591005231923187
0.102000000000000,-0.625426523560929
0.103000000000000,-0.658760042351719
0.104000000000000,-0.690932882021498
0.105000000000000,-0.721873470098001
0.106000000000000,-0.751511743451926
0.107000000000000,-0.779779324494221
0.108000000000000,-0.806609697625435
0.109000000000000,-0.831938385519976
0.110000000000000,-0.855703124815656
0.111000000000000,-0.877844040767228
0.112000000000000,-0.898303820411705
0.113000000000000,-0.917027883783240
0.114000000000000,-0.933964552706241
0.115000000000000,-0.949065216687261
0.116000000000000,-0.962284495419190
0.117000000000000,-0.973580397405258
0.118000000000000,-0.982914474205612
0.119000000000000,-0.990251969805661
0.120000000000000,-0.995561964603080
0.121000000000000,-0.998817513509438
0.122000000000000,-0.999995777662839
0.123000000000000,-0.999078149249850
0.124000000000000,-0.996050368938346
0.125000000000000,-0.990902635427780
0.126000000000000,-0.983629706629877
0.127000000000000,-0.974230992000777
0.128000000000000,-0.962710635555401
0.129000000000000,-0.949077589106174
0.130000000000000,-0.933345675281355
0.131000000000000,-0.915533639892992
0.132000000000000,-0.895665193241127
0.133000000000000,-0.873769039959129
0.134000000000000,-0.849878897025146
0.135000000000000,-0.824033499586462
0.136000000000000,-0.796276594267164
0.137000000000000,-0.766656919654845
0.138000000000000,-0.735228173689177
0.139000000000000,-0.702048967703939
0.140000000000000,-0.667182766904599
0.141000000000000,-0.630697817095677
0.142000000000000,-0.592667057505817
0.143000000000000,-0.553168019593847
0.144000000000000,-0.512282711755880
0.145000000000000,-0.470097489891759
0.146000000000000,-0.426702913828785
0.147000000000000,-0.382193589641561
0.148000000000000,-0.336667997948931
0.149000000000000,-0.290228308312221
0.150000000000000,-0.242980179903264
0.151000000000000,-0.195032548655858
0.152000000000000,-0.146497401160274
0.153000000000000,-0.0974895356071136
0.154000000000000,-0.0481263101339493
0.155000000000000,0.00147262102411231
0.156000000000000,0.0511855831310232
0.157000000000000,0.100889167796508
0.158000000000000,0.150458530527967
0.159000000000000,0.199767698394789
0.160000000000000,0.248689887164855
0.161000000000000,0.297097827226148
0.162000000000000,0.344864097560097
0.163000000000000,0.391861466988000
0.164000000000000,0.437963241867545
0.165000000000000,0.483043619373471
0.166000000000000,0.526978045454763
0.167000000000000,0.569643576520821
0.168000000000000,0.610919243870931
0.169000000000000,0.650686419845153
0.170000000000000,0.688829184640883
0.171000000000000,0.725234692707755
0.172000000000000,0.759793537604643
0.173000000000000,0.792400114176323
0.174000000000000,0.822952976884180
0.175000000000000,0.851355193105266
0.176000000000000,0.877514690197296
0.177000000000000,0.901344595113961
0.178000000000000,0.922763565345293
0.179000000000000,0.941696109952190
0.180000000000000,0.958072899462319
0.181000000000000,0.971831063397048
0.182000000000000,0.982914474205612
0.183000000000000,0.991274016393691
0.184000000000000,0.996867839649035
0.185000000000000,0.999661594786769
0.186000000000000,0.999628651361725
0.187000000000000,0.996750295824532
0.188000000000000,0.991015909132406
0.189000000000000,0.982423122764601
0.190000000000000,0.970977952136336
0.191000000000000,0.956694906453731
0.192000000000000,0.939597074105820
0.193000000000000,0.919716182748064
0.194000000000000,0.897092633294853
0.195000000000000,0.871775507106276
0.196000000000000,0.843822545726778
0.197000000000000,0.813300102610102
0.198000000000000,0.780283066346112
0.199000000000000,0.744854754990350
0.200000000000000,0.707106781186548
0.201000000000000,0.667138887865337
0.202000000000000,0.625058754399182
0.203000000000000,0.580981773193424
0.204000000000000,0.535030796796497
0.205000000000000,0.487335855718088
0.206000000000000,0.438033847252391
0.207000000000000,0.387268195713886
0.208000000000000,0.335188484605366
0.209000000000000,0.281950061351413
0.210000000000000,0.227713615345154
0.211000000000000,0.172644730171357
0.212000000000000,0.116913410984165
0.213000000000000,0.0606935881330648
0.214000000000000,0.00416259824486689
0.215000000000000,-0.0524993559171411
0.216000000000000,-0.109109765384331
0.217000000000000,-0.165484393162118
0.218000000000000,-0.221437869008978
0.219000000000000,-0.276784299062802
0.220000000000000,-0.331337888462570
0.221000000000000,-0.384913575017529
0.222000000000000,-0.437327671885216
0.223000000000000,-0.488398517133864
0.224000000000000,-0.537947127984772
0.225000000000000,-0.585797857456439
0.226000000000000,-0.631779051065304
0.227000000000000,-0.675723701178059
0.228000000000000,-0.717470096558508
0.229000000000000,-0.756862464607938
0.230000000000000,-0.793751603762681
0.231000000000000,-0.827995503486165
0.232000000000000,-0.859459949275900
0.233000000000000,-0.888019110098636
0.234000000000000,-0.913556105669948
0.235000000000000,-0.935963551007868
0.236000000000000,-0.955144075714288
0.237000000000000,-0.971010815472873
0.238000000000000,-0.983487873298390
0.239000000000000,-0.992510748129794
0.240000000000000,-0.998026728428272
0.241000000000000,-0.999995248521753
0.242000000000000,-0.998388205529252
0.243000000000000,-0.993190234801624
0.244000000000000,-0.984398941930051
0.245000000000000,-0.972025089499440
0.246000000000000,-0.956092736900934
0.247000000000000,-0.936639331665524
0.248000000000000,-0.913715750939089
0.249000000000000,-0.887386291887697
0.250000000000000,-0.857728610000272
0.251000000000000,-0.824833604443237
0.252000000000000,-0.788805249818131
0.253000000000000,-0.749760373877615
0.254000000000000,-0.707828380967326
0.255000000000000,-0.663150921179926
0.256000000000000,-0.615881505432588
0.257000000000000,-0.566185066909456
0.258000000000000,-0.514237469545177
0.259000000000000,-0.460224964463894
0.260000000000000,-0.404343595528745
0.261000000000000,-0.346798555399281
0.262000000000000,-0.287803493737078
0.263000000000000,-0.227579779442137
0.264000000000000,-0.166355719043383
0.265000000000000,-0.104365733604507
0.266000000000000,-0.0418494967403256
0.267000000000000,0.0209489634321797
0.268000000000000,0.0837821953615085
0.269000000000000,0.146400284886206
0.270000000000000,0.208551842348295
0.271000000000000,0.269985012331062
0.272000000000000,0.330448502171480
0.273000000000000,0.389692625224524
0.274000000000000,0.447470354697266
0.275000000000000,0.503538383725717
0.276000000000000,0.557658187238429
0.277000000000000,0.609597081038472
0.278000000000000,0.659129273441146
0.279000000000000,0.706036904729063
0.280000000000000,0.750111069630461
0.281000000000000,0.791152817991284
0.282000000000000,0.828974128797710
0.283000000000000,0.863398852713855
0.284000000000000,0.894263618330274
0.285000000000000,0.921418697372814
0.286000000000000,0.944728824199029
0.287000000000000,0.964073965010861
0.288000000000000,0.979350032338021
0.289000000000000,0.990469540496396
0.290000000000000,0.997362197900045
0.291000000000000,0.999975432303500
0.292000000000000,0.998274845273283
0.293000000000000,0.992244592433002
0.294000000000000,0.981887686294865
0.295000000000000,0.967226218781137
0.296000000000000,0.948301500851266
0.297000000000000,0.925174116983130
0.298000000000000,0.897923892609086
0.299000000000000,0.866649772978075
0.300000000000000,0.831469612302546
0.301000000000000,0.792519872452103
0.302000000000000,0.749955230872785
0.303000000000000,0.703948097840261
0.304000000000000,0.654688043595020
0.305000000000000,0.602381136355978
0.306000000000000,0.547249192663735
0.307000000000000,0.489528941964037
0.308000000000000,0.429471107803299
0.309000000000000,0.367339408469385
0.310000000000000,0.303409480369523
0.311000000000000,0.237967727891231
0.312000000000000,0.171310103938288
0.313000000000000,0.103740825770554
0.314000000000000,0.0355710312002275
0.315000000000000,-0.0328826193937568
0.316000000000000,-0.101299389380214
0.317000000000000,-0.169355954294718
0.318000000000000,-0.236727925790364
0.319000000000000,-0.303091404223849
0.320000000000000,-0.368124552684679
0.321000000000000,-0.431509185009010
0.322000000000000,-0.492932360085962
0.323000000000000,-0.552087974564194
0.324000000000000,-0.608678345903447
0.325000000000000,-0.662415777590172
0.326000000000000,-0.713024098251274
0.327000000000000,-0.760240166355855
0.328000000000000,-0.803815332193922
0.329000000000000,-0.843516848863969
0.330000000000000,-0.879129224089299
0.331000000000000,-0.910455504816811
0.332000000000000,-0.937318486732040
0.333000000000000,-0.959561841051026
0.334000000000000,-0.977051151222906
0.335000000000000,-0.989674852496959
0.336000000000000,-0.997345067673620
0.337000000000000,-0.999998332769829
0.338000000000000,-0.997596206784178
0.339000000000000,-0.990125760245151
0.340000000000000,-0.977599937764790
0.341000000000000,-0.960057790398466
0.342000000000000,-0.937564574226874
0.343000000000000,-0.910211712226544
0.344000000000000,-0.878116617177159
0.345000000000000,-0.841422374065082
0.346000000000000,-0.800297281179103
0.347000000000000,-0.754934249853470
0.348000000000000,-0.705550063590517
0.349000000000000,-0.652384498087241
0.350000000000000,-0.595699304492431
0.351000000000000,-0.535777059029273
0.352000000000000,-0.472919882928215
0.353000000000000,-0.407448037421727
0.354000000000000,-0.339698399351447
0.355000000000000,-0.270022823724349
0.356000000000000,-0.198786400323255
0.357000000000000,-0.126365612222849
0.358000000000000,-0.0531464047807980
0.359000000000000,0.0204778256406287
0.360000000000000,0.0941083133185113
0.361000000000000,0.167343064668934
0.362000000000000,0.239779048533036
0.363000000000000,0.311014423672775
0.364000000000000,0.380650791447713
0.365000000000000,0.448295461252740
0.366000000000000,0.513563715968882
0.367000000000000,0.576081064419447
0.368000000000000,0.635485467634787
0.369000000000000,0.691429525614068
0.370000000000000,0.743582611234066
0.371000000000000,0.791632937995740
0.372000000000000,0.835289548420439
0.373000000000000,0.874284210111044
0.374000000000000,0.908373206779606
0.375000000000000,0.937339011912575
0.376000000000000,0.960991833197673
0.377000000000000,0.979171016371756
0.378000000000000,0.991746297765939
0.379000000000000,0.998618895520750
0.380000000000000,0.999722430218001
0.381000000000000,0.995023666524578
0.382000000000000,0.984523068363071
0.383000000000000,0.968255161111065
0.384000000000000,0.946288695380672
0.385000000000000,0.918726608037320
0.386000000000000,0.885705777276505
0.387000000000000,0.847396569783173
0.388000000000000,0.804002179243955
0.389000000000000,0.755757756760999
0.390000000000000,0.702929335019976
0.391000000000000,0.645812549386511
0.392000000000000,0.584731160436696
0.393000000000000,0.520035383759954
0.394000000000000,0.452100034198320
0.395000000000000,0.381322492995469
0.396000000000000,0.308120507613837
0.397000000000000,0.232929835228865
0.398000000000000,0.156201742117421
0.399000000000000,0.0784003723135368
0.400000000000000,8.57252759403147e-16
0.401000000000000,-0.0785178188699144
0.402000000000000,-0.156667179278345
0.403000000000000,-0.233960826872565
0.404000000000000,-0.309913206647285
0.405000000000000,-0.384043541842117
0.406000000000000,-0.455878923759580
0.407000000000000,-0.524957392766336
0.408000000000000,-0.590830990418749
0.409000000000000,-0.653068762458011
0.410000000000000,-0.711259692354611
0.411000000000000,-0.765015545150754
0.412000000000000,-0.813973601554598
0.413000000000000,-0.857799262584799
0.414000000000000,-0.896188505548075
0.415000000000000,-0.928870172757067
0.416000000000000,-0.955608075159393
0.417000000000000,-0.976202893950078
0.418000000000000,-0.990493864275234
0.419000000000000,-0.998360226301473
0.420000000000000,-0.999722430218001
0.421000000000000,-0.994543083150751
0.422000000000000,-0.982827627493560
0.423000000000000,-0.964624741792154
0.424000000000000,-0.940026457043944
0.425000000000000,-0.909167983090522
0.426000000000000,-0.872227241669512
0.427000000000000,-0.829424104646906
0.428000000000000,-0.781019337957601
0.429000000000000,-0.727313253827915
0.430000000000000,-0.668644075925548
0.431000000000000,-0.605386024166000
0.432000000000000,-0.537947127984770
0.433000000000000,-0.466766778947388
0.434000000000000,-0.392313035598624
0.435000000000000,-0.315079695433338
0.436000000000000,-0.235583150788248
0.437000000000000,-0.154359047291703
0.438000000000000,-0.0719587652514864
0.439000000000000,0.0110542540055183
0.440000000000000,0.0941083133185181
0.441000000000000,0.176627371507605
0.442000000000000,0.258035035702891
0.443000000000000,0.337758607015621
0.444000000000000,0.415233151498223
0.445000000000000,0.489905567645027
0.446000000000000,0.561238621186171
0.447000000000000,0.628714917631907
0.448000000000000,0.691840782940291
0.449000000000000,0.750150022813409
0.450000000000000,0.803207531480643
0.451000000000000,0.850612721403406
0.452000000000000,0.892002746136605
0.453000000000000,0.927055489605766
0.454000000000000,0.955492296303613
0.455000000000000,0.977080418371323
0.456000000000000,0.991635157201721
0.457000000000000,0.999021679076549
0.458000000000000,0.999156486418096
0.459000000000000,0.992008528485466
0.460000000000000,0.977599937764790
0.461000000000000,0.956006380875897
0.462000000000000,0.927357015529202
0.463000000000000,0.891834047898109
0.464000000000000,0.849671887704937
0.465000000000000,0.801155901331673
0.466000000000000,0.746620766339564
0.467000000000000,0.686448433890536
0.468000000000000,0.621065708685699
0.469000000000000,0.550941459147261
0.470000000000000,0.476583473645638
0.471000000000000,0.398534981587906
0.472000000000000,0.317370861112414
0.473000000000000,0.233693557951796
0.474000000000000,0.148128742707748
0.475000000000000,0.0613207363022090
0.476000000000000,-0.0260722642942625
0.477000000000000,-0.113383125825960
0.478000000000000,-0.199940847876230
0.479000000000000,-0.285075723569417
0.480000000000000,-0.368124552684678
0.481000000000000,-0.448435866918067
0.482000000000000,-0.525375126232426
0.483000000000000,-0.598329844751786
0.484000000000000,-0.666714604499619
0.485000000000000,-0.729975915455863
0.486000000000000,-0.787596880923722
0.487000000000000,-0.839101628056147
0.488000000000000,-0.884059464594386
0.489000000000000,-0.922088724415653
0.490000000000000,-0.952860266367475
0.491000000000000,-0.976100593075662
0.492000000000000,-0.991594558939602
0.493000000000000,-0.999187639358694
0.494000000000000,-0.998787736350800
0.495000000000000,-0.990366499107455
0.496000000000000,-0.973960141659269
0.497000000000000,-0.949669743673038
0.498000000000000,-0.917661024442402
0.499000000000000,-0.878163584336340
0.500000000000000,-0.831469612302546
0.501000000000000,-0.777932062451996
0.502000000000000,-0.717962307241070
0.503000000000000,-0.652027279281749
0.504000000000000,-0.580646118310701
0.505000000000000,-0.504386344295177
0.506000000000000,-0.423859582009091
0.507000000000000,-0.339716866636137
0.508000000000000,-0.252643564009550
0.509000000000000,-0.163353942941293
0.510000000000000,-0.0725854406888244
0.511000000000000,0.0189073340806204
0.512000000000000,0.110358813476390
0.513000000000000,0.200998847729074
0.514000000000000,0.290059195444103
0.515000000000000,0.376780072668653
0.516000000000000,0.460416705266263
0.517000000000000,0.540245828141271
0.518000000000000,0.615572074379798
0.519000000000000,0.685734197388692
0.520000000000000,0.750111069630459
0.521000000000000,0.808127402575840
0.522000000000000,0.859259134028687
0.523000000000000,0.903038431017518
0.524000000000000,0.939058258986554
0.525000000000000,0.966976471044853
0.526000000000000,0.986519374527982
0.527000000000000,0.997484736071277
0.528000000000000,0.999744190761062
0.529000000000000,0.993245025689638
0.530000000000000,0.978011313356410
0.531000000000000,0.954144375792515
0.532000000000000,0.921822565996574
0.533000000000000,0.881300359208589
0.534000000000000,0.832906752667780
0.535000000000000,0.777042978745968
0.536000000000000,0.714179542666076
0.537000000000000,0.644852602348647
0.538000000000000,0.569659714219537
0.539000000000000,0.489254975000292
0.540000000000000,0.404343595528746
0.541000000000000,0.315675948462364
0.542000000000000,0.224041137241321
0.543000000000000,0.130260138874549
0.544000000000000,0.0351785779052363
0.545000000000000,-0.0603408067423717
0.546000000000000,-0.155425936484466
0.547000000000000,-0.249203340512563
0.548000000000000,-0.340806204369775
0.549000000000000,-0.429382446003323
0.550000000000000,-0.514102744193224
0.551000000000000,-0.594168443507276
0.552000000000000,-0.668819259888691
0.553000000000000,-0.737340711660951
0.554000000000000,-0.799071202142313
0.555000000000000,-0.853408682201928
0.556000000000000,-0.899816823954963
0.557000000000000,-0.937830640372989
0.558000000000000,-0.967061489857612
0.559000000000000,-0.987201409763732
0.560000000000000,-0.998026728428272
0.561000000000000,-0.999400911420347
0.562000000000000,-0.991276604431015
0.563000000000000,-0.973696842410407
0.564000000000000,-0.946795402176665
0.565000000000000,-0.910796283698352
0.566000000000000,-0.866012313518265
0.567000000000000,-0.812842872266590
0.568000000000000,-0.751770756824379
0.569000000000000,-0.683358196362654
0.570000000000000,-0.608242050111765
0.571000000000000,-0.527128223223819
0.572000000000000,-0.440785345389898
0.573000000000000,-0.350037764876594
0.574000000000000,-0.255757918265778
0.575000000000000,-0.158858143333851
0.576000000000000,-0.0602820091099370
0.577000000000000,0.0390047568716390
0.578000000000000,0.138023658833050
0.579000000000000,0.235793050729470
0.580000000000000,0.331337888462562
0.581000000000000,0.423699520057672
0.582000000000000,0.511945415666522
0.583000000000000,0.595178738359504
0.584000000000000,0.672547656770137
0.585000000000000,0.743254301768226
0.586000000000000,0.806563271475631
0.587000000000000,0.861809592098402
0.588000000000000,0.908406046218659
0.589000000000000,0.945849785345425
0.590000000000000,0.973728149632349
0.591000000000000,0.991723624686031
0.592000000000000,0.999617873256878
0.593000000000000,0.997294788258983
0.594000000000000,0.984742522931175
0.595000000000000,0.962054463943502
0.596000000000000,0.929429123778875
0.597000000000000,0.887168939677576
0.598000000000000,0.835677977715033
0.599000000000000,0.775458552077406
0.600000000000000,0.707106781186549
0.601000000000000,0.631307113884149
0.602000000000000,0.548825870290066
0.603000000000000,0.460503853076761
0.604000000000000,0.367248095625196
0.605000000000000,0.270022823724350
0.606000000000000,0.169839717026644
0.607000000000000,0.0677475652578634
0.608000000000000,-0.0351785779052404
0.609000000000000,-0.137848633439398
0.610000000000000,-0.239169012342996
0.611000000000000,-0.338054287337932
0.612000000000000,-0.433438896992216
0.613000000000000,-0.524288756158630
0.614000000000000,-0.609612645773335
0.615000000000000,-0.688473255582471
0.616000000000000,-0.759997755285259
0.617000000000000,-0.823387772904433
0.618000000000000,-0.877928663909584
0.619000000000000,-0.922997960700254
0.620000000000000,-0.958072899462317
0.621000000000000,-0.982736930085850
0.622000000000000,-0.996685124703080
0.623000000000000,-0.999728411383283
0.624000000000000,-0.991796571505610
0.625000000000000,-0.972939952205560
0.626000000000000,-0.943329858927625
0.627000000000000,-0.903257607376467
0.628000000000000,-0.853132228891993
0.629000000000000,-0.793476838322035
0.630000000000000,-0.724923688664521
0.631000000000000,-0.648207951929660
0.632000000000000,-0.564160280656588
0.633000000000000,-0.473698219134964
0.634000000000000,-0.377816547453761
0.635000000000000,-0.277576654856395
0.636000000000000,-0.174095051355172
0.637000000000000,-0.0685311379889990
0.638000000000000,0.0379256336564948
0.639000000000000,0.144069073147335
0.640000000000000,0.248689887164852
0.641000000000000,0.350589486925158
0.642000000000000,0.448593810065608
0.643000000000000,0.541566997587333
0.644000000000000,0.628424765838471
0.645000000000000,0.708147314778033
0.646000000000000,0.779791616894769
0.647000000000000,0.842502936167138
0.648000000000000,0.895525433315904
0.649000000000000,0.938211722272384
0.650000000000000,0.970031253194543
0.651000000000000,0.990577409418155
0.652000000000000,0.999573219318089
0.653000000000000,0.996875599042034
0.654000000000000,0.982478058312006
0.655000000000000,0.956511818796471
0.656000000000000,0.919245312749915
0.657000000000000,0.871082048494561
0.658000000000000,0.812556848665617
0.659000000000000,0.744330486731829
0.660000000000000,0.667182766904597
0.661000000000000,0.582004111923399
0.662000000000000,0.489785742113608
0.663000000000000,0.391608547315628
0.664000000000000,0.288630770546074
0.665000000000000,0.182074638345335
0.666000000000000,0.0732120874705769
0.667000000000000,-0.0366502492948201
0.668000000000000,-0.146186624117689
0.669000000000000,-0.254068138409089
0.670000000000000,-0.358978899705249
0.671000000000000,-0.459632175379320
0.672000000000000,-0.554786344741300
0.673000000000000,-0.643260450813033
0.674000000000000,-0.723949155256905
0.675000000000000,-0.795836904608883
0.676000000000000,-0.858011123104719
0.677000000000000,-0.909674256947856
0.678000000000000,-0.950154506772350
0.679000000000000,-0.978915099196329
0.680000000000000,-0.995561964603081
0.681000000000000,-0.999849706460430
0.682000000000000,-0.991685767398558
0.683000000000000,-0.971132718691006
0.684000000000000,-0.938408622477394
0.685000000000000,-0.893885439762940
0.686000000000000,-0.838085481644745
0.687000000000000,-0.771675926047728
0.688000000000000,-0.695461447194043
0.689000000000000,-0.610375029758753
0.690000000000000,-0.517467063860799
0.691000000000000,-0.417892840378852
0.692000000000000,-0.312898588250123
0.693000000000000,-0.203806216098605
0.694000000000000,-0.0919969394518221
0.695000000000000,0.0211060083340884
0.696000000000000,0.134055368770385
0.697000000000000,0.245398329870597
0.698000000000000,0.353695242772501
0.699000000000000,0.457538343039131
0.700000000000000,0.555570233019611
0.701000000000000,0.646501881485775
0.702000000000000,0.729129899796953
0.703000000000000,0.802352860099525
0.704000000000000,0.865186430515742
0.705000000000000,0.916777114845199
0.706000000000000,0.956414399883181
0.707000000000000,0.983541131895926
0.708000000000000,0.997761964888403
0.709000000000000,0.998849746819730
0.710000000000000,0.986749735591963
0.711000000000000,0.961581564152274
0.712000000000000,0.923638903068651
0.713000000000000,0.873386799099954
0.714000000000000,0.811456699194743
0.715000000000000,0.738639200614610
0.716000000000000,0.655874599068339
0.717000000000000,0.564241337438382
0.718000000000000,0.464942487453776
0.719000000000000,0.359290425092166
0.720000000000000,0.248689887164866
0.721000000000000,0.134619621058845
0.722000000000000,0.0186128616026083
0.723000000000000,-0.0977631118557841
0.724000000000000,-0.212928069133797
0.725000000000000,-0.325310292162264
0.726000000000000,-0.433368116911488
0.727000000000000,-0.535611259104835
0.728000000000000,-0.630621627634600
0.729000000000000,-0.717073332794725
0.730000000000000,-0.793751603762681
0.731000000000000,-0.859570341168867
0.732000000000000,-0.913588045995112
0.733000000000000,-0.955021885296802
0.734000000000000,-0.983259678141897
0.735000000000000,-0.997869611442705
0.736000000000000,-0.998607524711544
0.737000000000000,-0.985421634835363
0.738000000000000,-0.958454606329515
0.739000000000000,-0.918042908748708
0.740000000000000,-0.864713440520156
0.741000000000000,-0.799177436907782
0.742000000000000,-0.722321718583260
0.743000000000000,-0.635197375820148
0.744000000000000,-0.539006021086485
0.745000000000000,-0.435083779232283
0.746000000000000,-0.324883219006323
0.747000000000000,-0.209953461761725
0.748000000000000,-0.0919187324164361
0.749000000000000,0.0275443564463329
0.750000000000000,0.146730474455361
0.751000000000000,0.263929866629420
0.752000000000000,0.377452925918242
0.753000000000000,0.485654692710418
0.754000000000000,0.586958925459719
0.755000000000000,0.679881388270465
0.756000000000000,0.763052008172519
0.757000000000000,0.835235566894784
0.758000000000000,0.895350609119844
0.759000000000000,0.942486271304837
0.760000000000000,0.975916761938746
0.761000000000000,0.995113255257100
0.762000000000000,0.999752995560802
0.763000000000000,0.989725447931546
0.764000000000000,0.965135372784659
0.765000000000000,0.926302745780131
0.766000000000000,0.873759490505540
0.767000000000000,0.808243038393715
0.768000000000000,0.730686777856389
0.769000000000000,0.642207501897386
0.770000000000000,0.544090009798058
0.771000000000000,0.437769063130527
0.772000000000000,0.324808938647892
0.773000000000000,0.206880859845441
0.774000000000000,0.0857386245384397
0.775000000000000,-0.0368072229413568
0.776000000000000,-0.158916299912273
0.777000000000000,-0.278745977761534
0.778000000000000,-0.394479247145494
0.779000000000000,-0.504352435200887
0.780000000000000,-0.606682351002007
0.781000000000000,-0.699892438953730
0.782000000000000,-0.782537529771121
0.783000000000000,-0.853326795111799
0.784000000000000,-0.911144534651502
0.785000000000000,-0.955068453174329
0.786000000000000,-0.984385119741688
0.787000000000000,-0.998602340762088
0.788000000000000,-0.997458223276007
0.789000000000000,-0.980926753377271
0.790000000000000,-0.949219766722856
0.791000000000000,-0.902785242776644
0.792000000000000,-0.842301910975221
0.793000000000000,-0.768670214536128
0.794000000000000,-0.682999735261822
0.795000000000000,-0.586593239518073
0.796000000000000,-0.480927560673184
0.797000000000000,-0.367631585774155
0.798000000000000,-0.248461663233011
0.799000000000000,-0.125274792967069
0.800000000000000,-2.44929359829471e-15
0.801000000000000,0.125391673726652
0.802000000000000,0.248918097290297
0.803000000000000,0.368617416132908
0.804000000000000,0.482579359605643
0.805000000000000,0.588975990387636
0.806000000000000,0.686091398298929
0.807000000000000,0.772349851913764
0.808000000000000,0.846341940260057
0.809000000000000,0.906848263584999
0.810000000000000,0.952860266367477
0.811000000000000,0.983597847028394
0.812000000000000,0.998523426570730
0.813000000000000,0.997352211996906
0.814000000000000,0.980058449018182
0.815000000000000,0.946877521409734
0.816000000000000,0.898303820411700
0.817000000000000,0.835084375797323
0.818000000000000,0.758208309536124
0.819000000000000,0.668892242248548
0.820000000000000,0.568561850734250
0.821000000000000,0.458829840614453
0.822000000000000,0.341470660434638
0.823000000000000,0.218392341337837
0.824000000000000,0.0916058986096461
0.825000000000000,-0.0368072229413566
0.826000000000000,-0.164729139537097
0.827000000000000,-0.290040404566210
0.828000000000000,-0.410655198614016
0.829000000000000,-0.524556249633739
0.830000000000000,-0.629828897065443
0.831000000000000,-0.724693721083789
0.832000000000000,-0.807537175370243
0.833000000000000,-0.876939688726019
0.834000000000000,-0.931700737161241
0.835000000000000,-0.970860433344621
0.836000000000000,-0.993717233846407
0.837000000000000,-0.999841425671792
0.838000000000000,-0.989084121239116
0.839000000000000,-0.961581564152275
0.840000000000000,-0.917754625683986
0.841000000000000,-0.858303452563690
0.842000000000000,-0.784197309113823
0.843000000000000,-0.696659739610218
0.844000000000000,-0.597149258535224
0.845000000000000,-0.487335855718101
0.846000000000000,-0.369073678806774
0.847000000000000,-0.244370325721775
0.848000000000000,-0.115353243408308
0.849000000000000,0.0157662148798306
0.850000000000000,0.146730474455353
0.851000000000000,0.275274529641744
0.852000000000000,0.399165176516627
0.853000000000000,0.516240009229295
0.854000000000000,0.624445497382481
0.855000000000000,0.721873470098004
0.856000000000000,0.806795352466036
0.857000000000000,0.877693531939655
0.858000000000000,0.933289275493189
0.859000000000000,0.972566672425527
0.860000000000000,0.994792141761726
0.861000000000000,0.999529116303749
0.862000000000000,0.986647596340281
0.863000000000000,0.956328353523496
0.864000000000000,0.909061657994543
0.865000000000000,0.845640497912030
0.866000000000000,0.767148358440316
0.867000000000000,0.674941725260075
0.868000000000000,0.570627574011212
0.869000000000000,0.456036200009653
0.870000000000000,0.333189830368495
0.871000000000000,0.204267541634601
0.872000000000000,0.0715670786614061
0.873000000000000,-0.0625357667696669
0.874000000000000,-0.195629507375829
0.875000000000000,-0.325310292162256
0.876000000000000,-0.449225442519381
0.877000000000000,-0.565116403989409
0.878000000000000,-0.670860326705836
0.879000000000000,-0.764509503557350
0.880000000000000,-0.844327925502016
0.881000000000000,-0.908824257814884
0.882000000000000,-0.956780598782806
0.883000000000000,-0.987276452598813
0.884000000000000,-0.999707429844859
0.885000000000000,-0.993798280642851
0.886000000000000,-0.969609965751340
0.887000000000000,-0.927540577853714
0.888000000000000,-0.868320037135115
0.889000000000000,-0.792998599967755
0.890000000000000,-0.702929335019985
0.891000000000000,-0.599744835225322
0.892000000000000,-0.485328544638138
0.893000000000000,-0.361781184134102
0.894000000000000,-0.231382857134475
0.895000000000000,-0.0965515040975327
0.896000000000000,0.0402015493629591
0.897000000000000,0.176318142808463
0.898000000000000,0.309241073207463
0.899000000000000,0.436462239464921
0.900000000000000,0.555570233019604
0.901000000000000,0.664296468633878
0.902000000000000,0.760558967082382
0.903000000000000,0.842502936167141
0.904000000000000,0.908537347937809
0.905000000000000,0.957366777433878
0.906000000000000,0.988017850632012
0.907000000000000,0.999859745212505
0.908000000000000,0.992618295604793
0.909000000000000,0.966383371630178
0.910000000000000,0.921609325799928
0.911000000000000,0.859108435632842
0.912000000000000,0.780037401766223
0.913000000000000,0.685877097585508
0.914000000000000,0.578405898977055
0.915000000000000,0.459667050998537
0.916000000000000,0.331930649196709
0.917000000000000,0.197650924515058
0.918000000000000,0.0594196199102629
0.919000000000000,-0.0800836681820997
0.920000000000000,-0.218143241396540
0.921000000000000,-0.352060150483183
0.922000000000000,-0.479205119828181
0.923000000000000,-0.597070506715164
0.924000000000000,-0.703320264207007
0.925000000000000,-0.795836904608878
0.926000000000000,-0.872764508758387
0.927000000000000,-0.932546894208988
0.928000000000000,-0.973960141659270
0.929000000000000,-0.996138782277618
0.930000000000000,-0.998595067063175
0.931000000000000,-0.981230870916840
0.932000000000000,-0.944341926224704
0.933000000000000,-0.888614230781592
0.934000000000000,-0.815112629903591
0.935000000000000,-0.725261729548485
0.936000000000000,-0.620819453046972
0.937000000000000,-0.503843705482802
0.938000000000000,-0.376652753726980
0.939000000000000,-0.241780063603889
0.940000000000000,-0.101924455795048
0.941000000000000,0.0401034537643305
0.942000000000000,0.181437477412384
0.943000000000000,0.319213626130356
0.944000000000000,0.450628266130286
0.945000000000000,0.572995480647923
0.946000000000000,0.683802459438246
0.947000000000000,0.780761766144814
0.948000000000000,0.861859385323054
0.949000000000000,0.925397525716281
0.950000000000000,0.970031253194544
0.951000000000000,0.994798143881897
0.952000000000000,0.999140283278299
0.953000000000000,0.982918088081941
0.954000000000000,0.946415591022971
0.955000000000000,0.890337002109158
0.956000000000000,0.815794538786654
0.957000000000000,0.724287698985757
0.958000000000000,0.617674331094171
0.959000000000000,0.498134029794991
0.960000000000000,0.368124552684676
0.961000000000000,0.230332106043181
0.962000000000000,0.0876164856621954
0.963000000000000,-0.0570478228669403
0.964000000000000,-0.200633383310301
0.965000000000000,-0.340123113750963
0.966000000000000,-0.472573837177533
0.967000000000000,-0.595178738359488
0.968000000000000,-0.705327396646817
0.969000000000000,-0.800662101657705
0.970000000000000,-0.879129224089296
0.971000000000000,-0.939024506095041
0.972000000000000,-0.979031253222511
0.973000000000000,-0.998250550632129
0.974000000000000,-0.996222787523412
0.975000000000000,-0.972939952205562
0.976000000000000,-0.928848352463195
0.977000000000000,-0.864841617837516
0.978000000000000,-0.782244047946445
0.979000000000000,-0.682784579600449
0.980000000000000,-0.568561850734266
0.981000000000000,-0.442001036579001
0.982000000000000,-0.305803318648960
0.983000000000000,-0.162889015825603
0.984000000000000,-0.0163355551866129
0.985000000000000,0.130688415258126
0.986000000000000,0.274991372147484
0.987000000000000,0.413428252674440
0.988000000000000,0.542969275902168
0.989000000000000,0.660766740186662
0.990000000000000,0.764218316080240
0.991000000000000,0.851025415657528
0.992000000000000,0.919245312749914
0.993000000000000,0.967335812465614
0.994000000000000,0.994191420281926
0.995000000000000,0.999170137939667
0.996000000000000,0.982110211761074
0.997000000000000,0.943336374734124
0.998000000000000,0.883655352192904
0.999000000000000,0.804340637255223
1.00000000000000,0.707106781186546
1.00100000000000,0.594073680235321
1.00200000000000,0.467721568902752
1.00300000000000,0.330837644837812
1.00400000000000,0.186455447577544
1.00500000000000,0.0377882875026873
1.00600000000000,-0.111841831576738
1.00700000000000,-0.259078236540530
1.00800000000000,-0.400604913691915
1.00900000000000,-0.533221453744204
1.01000000000000,-0.653915916107761
1.01100000000000,-0.759933945316716
1.01200000000000,-0.848842540442809
1.01300000000000,-0.918586983533678
1.01400000000000,-0.967539573575681
1.01500000000000,-0.994538985484831
1.01600000000000,-0.998919275642968
1.01700000000000,-0.980527782281566
1.01800000000000,-0.939731415693324
1.01900000000000,-0.877411094418526
1.02000000000000,-0.794944353387517
1.02100000000000,-0.694176422395592
1.02200000000000,-0.577380341987153
1.02300000000000,-0.447206942565322
1.02400000000000,-0.306625755199890
1.02500000000000,-0.158858143333868
1.02600000000000,-0.00730413797155075
1.02700000000000,0.144535379894987
1.02800000000000,0.293139381078806
1.02900000000000,0.435048420665211
1.03000000000000,0.566945504900224
1.03100000000000,0.685734197388664
1.03200000000000,0.788612115035441
1.03300000000000,0.873138053622635
1.03400000000000,0.937291114765545
1.03500000000000,0.979520377678250
1.03600000000000,0.998783867182063
1.03700000000000,0.994575809264020
1.03800000000000,0.966941431982695
1.03900000000000,0.916478856655661
1.04000000000000,0.844327925502016
1.04100000000000,0.752146120278724
1.04200000000000,0.642072034690491
1.04300000000000,0.516677164121760
1.04400000000000,0.378907062251673
1.04500000000000,0.232013178341496
1.04600000000000,0.0794769248109662
1.04700000000000,-0.0750722738768505
1.04800000000000,-0.227943038312213
1.04900000000000,-0.375470166934026
1.05000000000000,-0.514102744193215
1.05100000000000,-0.640490103534799
1.05200000000000,-0.751563555399100
1.05300000000000,-0.844611872070460
1.05400000000000,-0.917348652394373
1.05500000000000,-0.967969867590581
1.05600000000000,-0.995200110890933
1.05700000000000,-0.998326333686873
1.05800000000000,-0.977218143442965
1.05900000000000,-0.932334057092075
1.06000000000000,-0.864713440520153
1.06100000000000,-0.775954212058034
1.06200000000000,-0.668176737237478
1.06300000000000,-0.543974684882980
1.06400000000000,-0.406353942377585
1.06500000000000,-0.258660992394819
1.06600000000000,-0.104502426709498
1.06700000000000,0.0523424922568239
1.06800000000000,0.208014121054795
1.06900000000000,0.358667334321418
1.07000000000000,0.500566705168812
1.07100000000000,0.630179608923202
1.07200000000000,0.744264920909572
1.07300000000000,0.839955065941716
1.07400000000000,0.914829321066498
1.07500000000000,0.966976471044852
1.07600000000000,0.995045163765370
1.07700000000000,0.998280604695497
1.07800000000000,0.976546558811185
1.07900000000000,0.930331987396624
1.08000000000000,0.860742027003942
1.08100000000000,0.769473409388777
1.08200000000000,0.658774814643559
1.08300000000000,0.531393035106689
1.08400000000000,0.390506195060575
1.08500000000000,0.239645611196825
1.08600000000000,0.0826081823294050
1.08700000000000,-0.0766385443052264
1.08800000000000,-0.234056275775140
1.08900000000000,-0.385638341519069
1.09000000000000,-0.527511936058207
1.09100000000000,-0.656037623955151
1.09200000000000,-0.767903539602793
1.09300000000000,-0.860211825770203
1.09400000000000,-0.930555030515096
1.09500000000000,-0.977080418371325
1.09600000000000,-0.998540443306205
1.09700000000000,-0.994327970971513
1.09800000000000,-0.964495218061289
1.09900000000000,-0.909755787786369
1.10000000000000,-0.831469612302546
1.10100000000000,-0.731611054424310
1.10200000000000,-0.612720860752803
1.10300000000000,-0.477843084966950
1.10400000000000,-0.330448502171459
1.10500000000000,-0.174346402056353
1.10600000000000,-0.0135869701532125
1.10700000000000,0.147643266306778
1.10800000000000,0.305130246217376
1.10900000000000,0.454742617341388
1.11000000000000,0.592540530789015
1.11100000000000,0.714880114836834
1.11200000000000,0.818510842360103
1.11300000000000,0.900663167324919
1.11400000000000,0.959124038140600
1.11500000000000,0.992298193912398
1.11600000000000,0.999253506668954
1.11700000000000,0.979749039693863
1.11800000000000,0.934244938951548
1.11900000000000,0.863893749838721
1.12000000000000,0.770513242775777
1.12100000000000,0.656541325540187
1.12200000000000,0.524974104534278
1.12300000000000,0.379288618266878
1.12400000000000,0.223352191540199
1.12500000000000,0.0613207363022157
1.12600000000000,-0.102471355908615
1.12700000000000,-0.263626833843641
1.12800000000000,-0.417803646946915
1.12900000000000,-0.560832279858363
1.13000000000000,-0.688829184640896
1.13100000000000,-0.798303210361482
1.13200000000000,-0.886252090619326
1.13300000000000,-0.950246292182680
1.13400000000000,-0.988497846468949
1.13500000000000,-0.999912172408589
1.13600000000000,-0.984121344545544
1.13700000000000,-0.941497752572172
1.13800000000000,-0.873147624964564
1.13900000000000,-0.780884435947126
1.14000000000000,-0.667182766904575
1.14100000000000,-0.535113735460147
1.14200000000000,-0.388263622696679
1.14300000000000,-0.230637806848004
1.14400000000000,-0.0665525365467162
1.14500000000000,0.0994825640002506
1.14600000000000,0.262888082483277
1.14700000000000,0.419141125119271
1.14800000000000,0.563900862418477
1.14900000000000,0.693129823124997
1.15000000000000,0.803207531480658
1.15100000000000,0.891033264890410
1.15200000000000,0.954114982890474
1.15300000000000,0.990641837477256
1.15400000000000,0.999538110317160
1.15500000000000,0.980496922821157
1.15600000000000,0.933992617258865
1.15700000000000,0.861271296090504
1.15800000000000,0.764319616361830
1.15900000000000,0.645812549386517
1.16000000000000,0.509041415750383
1.16100000000000,0.357824074782395
1.16200000000000,0.196399669562056
1.16300000000000,0.0293107879002235
1.16400000000000,-0.138723717250924
1.16500000000000,-0.302941709644475
1.16600000000000,-0.458672818271871
1.16700000000000,-0.601471724157682
1.16800000000000,-0.727245872424382
1.16900000000000,-0.832373921210482
1.17000000000000,-0.913811470467043
1.17100000000000,-0.969180946601731
1.17200000000000,-0.996842945025396
1.17300000000000,-0.995946840737629
1.17400000000000,-0.966459053501297
1.17500000000000,-0.909167983090527
1.17600000000000,-0.825665294008107
1.17700000000000,-0.718303909172075
1.17800000000000,-0.590133748863792
1.17900000000000,-0.444816905044340
1.18000000000000,-0.286524552727807
1.18100000000000,-0.119818451163154
1.18200000000000,0.0504796386343227
1.18300000000000,0.219426911675750
1.18400000000000,0.382102866234154
1.18500000000000,0.533752890662989
1.18600000000000,0.669927895667341
1.18700000000000,0.786615876045774
1.18800000000000,0.880361485623150
1.18900000000000,0.948370025917083
1.19000000000000,0.988592675057274
1.19100000000000,0.999790307343011
1.19200000000000,0.981573861250316
1.19300000000000,0.934419887718967
1.19400000000000,0.859660631983595
1.19500000000000,0.759448750236524
1.19600000000000,0.636697515132816
1.19700000000000,0.494998099251686
1.19800000000000,0.338516221036208
1.19900000000000,0.171871072251995
1.20000000000000,8.32883619547518e-15
1.20100000000000,-0.171987127710257
1.20200000000000,-0.338959600648816
1.20300000000000,-0.495919098363303
1.20400000000000,-0.638149898163569
1.20500000000000,-0.761361531936616
1.20600000000000,-0.861819551407856
1.20700000000000,-0.936460380810129
1.20800000000000,-0.982986679730928
1.20900000000000,-0.999940195227052
1.21000000000000,-0.986749735591966
1.21100000000000,-0.943752629774081
1.21200000000000,-0.872188825088671
1.21300000000000,-0.774167598252177
1.21400000000000,-0.652607686277666
1.21500000000000,-0.511152459187992
1.21600000000000,-0.354062530786482
1.21700000000000,-0.186088912753245
1.21800000000000,-0.0123304386912388
1.21900000000000,0.161920301609822
1.22000000000000,0.331337888462573
1.22100000000000,0.490726978999171
1.22200000000000,0.635182210643802
1.22300000000000,0.760240166355859
1.22400000000000,0.862018667817529
1.22500000000000,0.937339011912576
1.22600000000000,0.983827253930697
1.22700000000000,0.999991254425207
1.22800000000000,0.985270927971563
1.22900000000000,0.940059940079071
1.23000000000000,0.865697969084163
1.23100000000000,0.764433556636267
1.23200000000000,0.639358485546222
1.23300000000000,0.494315518855682
1.23400000000000,0.333782180822853
1.23500000000000,0.162734032076985
1.23600000000000,-0.0135084375448461
1.23700000000000,-0.189444626183974
1.23800000000000,-0.359565267190410
1.23900000000000,-0.518525174252200
1.24000000000000,-0.661311865323636
1.24100000000000,-0.783404729127881
1.24200000000000,-0.880919650014933
1.24300000000000,-0.950734422047941
1.24400000000000,-0.990590850071134
1.24500000000000,-0.999170137939666
1.24600000000000,-0.976138981306213
1.24700000000000,-0.922164689697547
1.24800000000000,-0.838898632227842
1.24900000000000,-0.728928303003768
1.25000000000000,-0.595699304492440
1.25100000000000,-0.443409517846135
1.25200000000000,-0.276878637014588
1.25300000000000,-0.101397058649946
1.25400000000000,0.0774411848529481
1.25500000000000,0.253916210003137
1.25600000000000,0.422365156386954
1.25700000000000,0.577364310420540
1.25800000000000,0.713904612952138
1.25900000000000,0.827554848123586
1.26000000000000,0.914607159798617
1.26100000000000,0.972200067314803
1.26200000000000,0.998414839260914
1.26300000000000,0.992341911946356
1.26400000000000,0.954114982890470
1.26500000000000,0.884911439618743
1.26600000000000,0.786918867730221
1.26700000000000,0.663268484858279
1.26800000000000,0.517937432997026
1.26900000000000,0.355622895020235
1.27000000000000,0.181591947674042
1.27100000000000,0.00151189088852757
1.27200000000000,-0.178733526547191
1.27300000000000,-0.353236056058823
1.27400000000000,-0.516256825367558
1.27500000000000,-0.662415777590174
1.27600000000000,-0.786870401800858
1.27700000000000,-0.885477783864351
1.27800000000000,-0.954934507014406
1.27900000000000,-0.992889618249076
1.28000000000000,-0.998026728428272
1.28100000000000,-0.970112304532781
1.28200000000000,-0.910008310476853
1.28300000000000,-0.819648522795345
1.28400000000000,-0.701979051251792
1.28500000000000,-0.560864792138933
1.28600000000000,-0.400964693678731
1.28700000000000,-0.227579779442168
1.28800000000000,-0.0464788204338878
1.28900000000000,0.136292663598053
1.29000000000000,0.314613786192847
1.29100000000000,0.482493370686682
1.29200000000000,0.634271852139573
1.29300000000000,0.764813185123916
1.29400000000000,0.869680217889881
1.29500000000000,0.945287497097680
1.29600000000000,0.989026179995296
1.29700000000000,0.999356630742358
1.29800000000000,0.975865336059122
1.29900000000000,0.919283958276297
1.30000000000000,0.831469612302540
1.30100000000000,0.715346764739445
1.30200000000000,0.574812464098282
1.30300000000000,0.414607876047802
1.30400000000000,0.240160273097063
1.30500000000000,0.0574006728919583
1.30600000000000,-0.127436803859568
1.30700000000000,-0.308027107822839
1.30800000000000,-0.478170768102730
1.30900000000000,-0.632007323744747
1.31000000000000,-0.764218316080250
1.31100000000000,-0.870212777196007
1.31200000000000,-0.946288695380675
1.31300000000000,-0.989764714464809
1.31400000000000,-0.999077306159147
1.31500000000000,-0.973839810974043
1.31600000000000,-0.914861035819540
1.31700000000000,-0.824122481484222
1.31800000000000,-0.704714703675644
1.31900000000000,-0.560734737827720
1.32000000000000,-0.397147890634772
1.32100000000000,-0.219618471739321
1.32200000000000,-0.0343151616455519
1.32300000000000,0.152302354131493
1.32400000000000,0.333708144217562
1.32500000000000,0.503538383725724
1.32600000000000,0.655815309705121
1.32700000000000,0.785158878842367
1.32800000000000,0.886978594882190
1.32900000000000,0.957638610612819
1.33000000000000,0.994590096071825
1.33100000000000,0.996465972164722
1.33200000000000,0.963134400298816
1.33300000000000,0.895708850089798
1.33400000000000,0.796514089383420
1.33500000000000,0.669009000614358
1.33600000000000,0.517668669793742
1.33700000000000,0.347829664042387
1.33800000000000,0.165503757365584
1.33900000000000,-0.0228334670316037
1.34000000000000,-0.210471759821297
1.34100000000000,-0.390705021341353
1.34200000000000,-0.557071305576603
1.34300000000000,-0.703585416521718
1.34400000000000,-0.824955697558322
1.34500000000000,-0.916777114845199
1.34600000000000,-0.975693525200626
1.34700000000000,-0.999523072126024
1.34800000000000,-0.987341935234251
1.34900000000000,-0.939523124468740
1.35000000000000,-0.857728610000272
1.35100000000000,-0.744854754990356
1.35200000000000,-0.604932711483077
1.35300000000000,-0.442987088185150
1.35400000000000,-0.264857742365917
1.35500000000000,-0.0769909292291313
1.35600000000000,0.113792791209795
1.35700000000000,0.300545582315694
1.35800000000000,0.476445374471021
1.35900000000000,0.635045713037890
1.36000000000000,0.770513242775796
1.36100000000000,0.877844040767226
1.36200000000000,0.953050716066776
1.36300000000000,0.993313204127234
1.36400000000000,0.997087463559123
1.36500000000000,0.964167787580435
1.36600000000000,0.895700119410691
1.36700000000000,0.794145549665265
1.36800000000000,0.663195009476960
1.36900000000000,0.507637988078429
1.37000000000000,0.333189830368464
1.37100000000000,0.146283743494824
1.37200000000000,-0.0461649983996592
1.37300000000000,-0.237014068265768
1.37400000000000,-0.419158952027529
1.37500000000000,-0.585797857456427
1.37600000000000,-0.730686777856398
1.37700000000000,-0.848375112070677
1.37800000000000,-0.934412894090985
1.37900000000000,-0.985521678685284
1.38000000000000,-0.999722430218000
1.38100000000000,-0.976415324485252
1.38200000000000,-0.916408141822344
1.38300000000000,-0.821891839434228
1.38400000000000,-0.696363871255210
1.38500000000000,-0.544501800574052
1.38600000000000,-0.371991649350812
1.38700000000000,-0.185317175896169
1.38800000000000,0.00848219844900565
1.38900000000000,0.202075843092031
1.39000000000000,0.388118861431171
1.39100000000000,0.559531079974586
1.39200000000000,0.709767479858855
1.39300000000000,0.833069710227544
1.39400000000000,0.924688963570693
1.39500000000000,0.981071511040756
1.39600000000000,0.999999555867835
1.39700000000000,0.980681716665137
1.39800000000000,0.923789339207341
1.39900000000000,0.831436885072012
1.40000000000000,0.707106781186532
1.40100000000000,0.555521254452793
1.40200000000000,0.382465737758052
1.40300000000000,0.194570337428584
1.40400000000000,-0.000942477656577744
1.40500000000000,-0.196534435502375
1.40600000000000,-0.384641726342006
1.40700000000000,-0.557967818021585
1.40800000000000,-0.709767479858827
1.40900000000000,-0.834110926790135
1.41000000000000,-0.926117682702248
1.41100000000000,-0.982150860248937
1.41200000000000,-0.999964025507654
1.41300000000000,-0.978794605858121
1.41400000000000,-0.919399841692006
1.41500000000000,-0.824033499586473
1.41600000000000,-0.696363871255267
1.41700000000000,-0.541335889303610
1.41800000000000,-0.364982406921202
1.41900000000000,-0.174191726045041
1.42000000000000,0.0235597648335943
1.42100000000000,0.220499538862865
1.42200000000000,0.408864111279895
1.42300000000000,0.581205488242042
1.42400000000000,0.730686777856356
1.42500000000000,0.851355193105262
1.42600000000000,0.938381481916282
1.42700000000000,0.988256067600270
1.42800000000000,0.998933828100121
1.42900000000000,0.969921423473671
1.43000000000000,0.902303322196591
1.43100000000000,0.798705091413700
1.43200000000000,0.663195009476971
1.43300000000000,0.501127532065507
1.43400000000000,0.318934496669811
1.43500000000000,0.123872088697116
1.43600000000000,-0.0762665720563884
1.43700000000000,-0.273461910103887
1.43800000000000,-0.459789110083129
1.43900000000000,-0.627737215416353
1.44000000000000,-0.770513242775780
1.44100000000000,-0.882318951654553
1.44200000000000,-0.958588918491430
1.44300000000000,-0.996180042921807
1.44400000000000,-0.993504504604127
1.44500000000000,-0.950600420135260
1.44600000000000,-0.869136933612860
1.44700000000000,-0.752353112973395
1.44800000000000,-0.604932711483106
1.44900000000000,-0.432819480679932
1.45000000000000,-0.242980179903275
1.45100000000000,-0.0431246162173068
1.45200000000000,0.158606125127194
1.45300000000000,0.353970713899617
1.45400000000000,0.534964442152642
1.45500000000000,0.694148155188010
1.45600000000000,0.824955697558327
1.45700000000000,0.921967106023048
1.45800000000000,0.981136094228560
1.45900000000000,0.999962170160509
1.46000000000000,0.977599937764792
1.46100000000000,0.914900671324884
1.46200000000000,0.814384013501608
1.46300000000000,0.680140523224993
1.46400000000000,0.517668669793743
1.46500000000000,0.333652615412640
1.46600000000000,0.135689634669995
1.46700000000000,-0.0680218204921367
1.46800000000000,-0.269020681288675
1.46900000000000,-0.458934514216282
1.47000000000000,-0.629828897065445
1.47100000000000,-0.774540320313295
1.47200000000000,-0.886978594882171
1.47300000000000,-0.962385918730093
1.47400000000000,-0.997541474876923
1.47500000000000,-0.990902635427779
1.47600000000000,-0.942676442096067
1.47700000000000,-0.854817918280212
1.47800000000000,-0.730954822217382
1.47900000000000,-0.576241547968591
1.48000000000000,-0.397147890634767
1.48100000000000,-0.201191186190127
1.48200000000000,0.00337720568276947
1.48300000000000,0.207918092774382
1.48400000000000,0.403768851125490
1.48500000000000,0.582610690797643
1.48600000000000,0.736823206366457
1.48700000000000,0.859811057016670
1.48800000000000,0.946288695380673
1.48900000000000,0.992510748129796
1.49000000000000,0.996437878800083
1.49100000000000,0.957830644464300
1.49200000000000,0.878266882292638
1.49300000000000,0.761081403512603
1.49400000000000,0.611230093839403
1.49500000000000,0.435083779232245
1.49600000000000,0.240160273097079
1.49700000000000,0.0348057422491635
1.49800000000000,-0.172161206421469
1.49900000000000,-0.371827610688804
1.50000000000000,-0.555570233019592
1.50100000000000,-0.715429081633508
1.50200000000000,-0.844454153277982
1.50300000000000,-0.937010218788913
1.50400000000000,-0.989026179995292
1.50500000000000,-0.998177833375235
1.50600000000000,-0.963995687544727
1.50700000000000,-0.887892680623040
1.50800000000000,-0.773110094089753
1.50900000000000,-0.624583513808385
1.51000000000000,-0.448734192214291
1.51100000000000,-0.253194464580526
1.51200000000000,-0.0464788204338966
1.51300000000000,0.162385303967582
1.51400000000000,0.364251077414256
1.51500000000000,0.550253050181379
1.51600000000000,0.712197593090322
1.51700000000000,0.842925763786417
1.51800000000000,0.936632453453815
1.51900000000000,0.989127477075185
1.52000000000000,0.998026728428273
1.52100000000000,0.962864524799094
1.52200000000000,0.885121688120263
1.52300000000000,0.768167601271969
1.52400000000000,0.617118279400111
1.52500000000000,0.438616238538510
1.52600000000000,0.240541460625389
1.52700000000000,0.0316658865025361
1.52800000000000,-0.178733526547189
1.52900000000000,-0.381286189945938
1.53000000000000,-0.566945504900224
1.53100000000000,-0.727394102258831
1.53200000000000,-0.855418503131914
1.53300000000000,-0.945236240014808
1.53400000000000,-0.992760486764318
1.53500000000000,-0.995789942327033
1.53600000000000,-0.954114982890465
1.53700000000000,-0.869534798389864
1.53800000000000,-0.745784199370346
1.53900000000000,-0.588372842553384
1.54000000000000,-0.404343595528755
1.54100000000000,-0.201960462394761
1.54200000000000,0.00966024715383781
1.54300000000000,0.220959154695251
1.54400000000000,0.422365156386958
1.54500000000000,0.604729438671375
1.54600000000000,0.759742471466722
1.54700000000000,0.880314916759498
1.54800000000000,0.960904896628664
1.54900000000000,0.997776383634217
1.55000000000000,0.989176509964783
1.55100000000000,0.935423207820017
1.55200000000000,0.838898632227845
1.55300000000000,0.703948097840261
1.55400000000000,0.536688589218301
1.55500000000000,0.344735081494451
1.55600000000000,0.136856741724123
1.55700000000000,-0.0774216088492102
1.55800000000000,-0.288254762302106
1.55900000000000,-0.485929291294655
1.56000000000000,-0.661311865323666
1.56100000000000,-0.806272995329354
1.56200000000000,-0.914066474505859
1.56300000000000,-0.979646693147205
1.56400000000000,-0.999908756894896
1.56500000000000,-0.973839810974043
1.56600000000000,-0.902574013286391
1.56700000000000,-0.789348023942872
1.56800000000000,-0.639358485546244
1.56900000000000,-0.459527544269051
1.57000000000000,-0.258186792737779
1.57100000000000,-0.0446938973856877
1.57200000000000,0.171000580390998
1.57300000000000,0.378816206083696
1.57400000000000,0.569014035032085
1.57500000000000,0.732654271672399
1.57600000000000,0.862018667817545
1.57700000000000,0.950977607364607
1.57800000000000,0.995284285152874
1.57900000000000,0.992781696602176
1.58000000000000,0.943512164028193
1.58100000000000,0.849723652320320
1.58200000000000,0.715771961798847
1.58300000000000,0.547922803608053
1.58400000000000,0.354062530786435
1.58500000000000,0.143330688741533
1.58600000000000,-0.0743086496420549
1.58700000000000,-0.288536772655649
1.58800000000000,-0.489169350420149
1.58900000000000,-0.666641430342995
1.59000000000000,-0.812465279758874
1.59100000000000,-0.919639081344911
1.59200000000000,-0.982986679730938
1.59300000000000,-0.999411735000264
1.59400000000000,-0.968053618175942
1.59500000000000,-0.890337002109158
1.59600000000000,-0.769912142697997
1.59700000000000,-0.612488071793639
1.59800000000000,-0.425566084896585
1.59900000000000,-0.218085754775675
1.60000000000000,-7.83773951454306e-15
1.60100000000000,0.218200727260494
1.60200000000000,0.425992474595788
1.60300000000000,0.613325863253346
1.60400000000000,0.771113658434173
1.60500000000000,0.891674114018482
1.60600000000000,0.969108348520889
1.60700000000000,0.999593058899303
1.60800000000000,0.981573861250307
1.60900000000000,0.915849277153855
1.61000000000000,0.805540637939693
1.61100000000000,0.655948705082995
1.61200000000000,0.474303336095547
1.61300000000000,0.269417791502381
1.61400000000000,0.0512640198361928
1.61500000000000,-0.169510762814339
1.61600000000000,-0.382102866234201
1.61700000000000,-0.576081064419449
1.61800000000000,-0.741899778713813
1.61900000000000,-0.871371201234943
1.62000000000000,-0.958072899462325
1.62100000000000,-0.997670458370142
1.62200000000000,-0.988138763965816
1.62300000000000,-0.929870421010500
1.62400000000000,-0.825665294008093
1.62500000000000,-0.680600997795454
1.62600000000000,-0.501790056217126
1.62700000000000,-0.298035102795088
1.62800000000000,-0.0793986331940864
1.62900000000000,0.143291824190479
1.63000000000000,0.358978899705260
1.63100000000000,0.556924541659049
1.63200000000000,0.727245872424411
1.63300000000000,0.861410947312355
1.63400000000000,0.952669440494043
1.63500000000000,0.996396363346438
1.63600000000000,0.990331121530612
1.63700000000000,0.934699337406644
1.63800000000000,0.832210655482053
1.63900000000000,0.687931925724748
1.64000000000000,0.509041415750344
1.64100000000000,0.304475724074846
1.64200000000000,0.0844865474694711
1.64300000000000,-0.139870885168193
1.64400000000000,-0.357292304571414
1.64500000000000,-0.556794070242922
1.64600000000000,-0.728269312924729
1.64700000000000,-0.863002335829806
1.64800000000000,-0.954114982890480
1.64900000000000,-0.996921953625809
1.65000000000000,-0.989176509964781
1.65100000000000,-0.931193464058668
1.65200000000000,-0.825842489439548
1.65300000000000,-0.678411353665457
1.65400000000000,-0.496345298101103
1.65500000000000,-0.288875152039562
1.65600000000000,-0.0665525365467201
1.65700000000000,0.159284612095615
1.65800000000000,0.377089246174783
1.65900000000000,0.575695813297507
1.66000000000000,0.744894056591638
1.66100000000000,0.875956458003579
1.66200000000000,0.962091957665926
1.66300000000000,0.998802190861737
1.66400000000000,0.984121344545541
1.66500000000000,0.918726608037317
1.66600000000000,0.805912783103573
1.66700000000000,0.651431592882571
1.66800000000000,0.463203229557937
1.66900000000000,0.250914345022454
1.67000000000000,0.0255226685587132
1.67100000000000,-0.201306585544117
1.67200000000000,-0.417803646946866
1.67300000000000,-0.612705343142193
1.67400000000000,-0.775842730283579
1.67500000000000,-0.898674465693950
1.67600000000000,-0.974737810149053
1.67700000000000,-0.999993259183427
1.67800000000000,-0.973044199741338
1.67900000000000,-0.895219400360057
1.68000000000000,-0.770513242775791
1.68100000000000,-0.605386024165997
1.68200000000000,-0.408434015506019
1.68300000000000,-0.189945865685328
1.68400000000000,0.0386319739308855
1.68500000000000,0.265293191379390
1.68600000000000,0.478101787708329
1.68700000000000,0.665821440977565
1.68800000000000,0.818510842360092
1.68900000000000,0.928053363214591
1.69000000000000,0.988592675057273
1.69100000000000,0.996850735164040
1.69200000000000,0.952310628336865
1.69300000000000,0.857253808792596
1.69400000000000,0.716648948913568
1.69500000000000,0.537897471514341
1.69600000000000,0.330448502171513
1.69700000000000,0.105303018024727
1.69800000000000,-0.125566991602386
1.69900000000000,-0.349853830527507
1.70000000000000,-0.555570233019584
1.70100000000000,-0.731691362860874
1.70200000000000,-0.868748230023857
1.70300000000000,-0.959340457179449
1.70400000000000,-0.998540443306203
1.70500000000000,-0.984166619371553
1.70600000000000,-0.916910380914252
1.70700000000000,-0.800309054210483
1.70800000000000,-0.640565495375411
1.70900000000000,-0.446223194701036
1.71000000000000,-0.227713615345166
1.71100000000000,0.00320049205199000
1.71200000000000,0.234056275775118
1.71300000000000,0.452362720623229
1.71400000000000,0.646277157202100
1.71500000000000,0.805249678248118
1.71600000000000,0.920600299597649
1.71700000000000,0.985997128548286
1.71800000000000,0.997808980406645
1.71900000000000,0.955312547885318
1.72000000000000,0.860742027003944
1.72100000000000,0.719177621227505
1.72200000000000,0.538278123411708
1.72300000000000,0.327871334789163
1.72400000000000,0.0994239511744868
1.72500000000000,-0.134580708507114
1.72600000000000,-0.361323517016160
1.72700000000000,-0.568351849599864
1.72800000000000,-0.744264920909562
1.72900000000000,-0.879344361410822
1.73000000000000,-0.966095016059905
1.73100000000000,-0.999665668626004
1.73200000000000,-0.978125822909208
1.73300000000000,-0.902582466641977
1.73400000000000,-0.777129485621335
1.73500000000000,-0.608631608723372
1.73600000000000,-0.406353942377649
1.73700000000000,-0.181456786439961
1.73800000000000,0.0536169717731243
1.73900000000000,0.285828443632854
1.74000000000000,0.502265533143348
1.74100000000000,0.690861906293748
1.74200000000000,0.841072057645123
1.74300000000000,0.944464585748705
1.74400000000000,0.995200110890932
1.74500000000000,0.990366499107456
1.74600000000000,0.930151862839559
1.74700000000000,0.817844767021319
1.74800000000000,0.659660687168709
1.74900000000000,0.464403508900773
1.75000000000000,0.242980179903274
1.75100000000000,0.00779499782960834
1.75200000000000,-0.227943038312208
1.75300000000000,-0.450961273472790
1.75400000000000,-0.648671322064330
1.75500000000000,-0.809881702072419
1.75600000000000,-0.925434729289867
1.75700000000000,-0.988731246961419
1.75800000000000,-0.996112882041898
1.75900000000000,-0.947079398212509
1.76000000000000,-0.844327925502009
1.76100000000000,-0.693610874905500
1.76200000000000,-0.503419630498381
1.76300000000000,-0.284511068095516
1.76400000000000,-0.0493030085982627
1.76500000000000,0.188827648264039
1.76600000000000,0.416304595863408
1.76700000000000,0.620126530640224
1.76800000000000,0.788612115035416
1.76900000000000,0.912072711468575
1.77000000000000,0.983373969830375
1.77100000000000,0.998353475490923
1.77200000000000,0.956069716736561
1.77300000000000,0.858867163197083
1.77400000000000,0.712252724199395
1.77500000000000,0.524589682678481
1.77600000000000,0.306625755199885
1.77700000000000,0.0708816006084115
1.77800000000000,-0.169065677060476
1.77900000000000,-0.399363198859678
1.78000000000000,-0.606682351001979
1.78100000000000,-0.778991985757140
1.78200000000000,-0.906259836683668
1.78300000000000,-0.981041081128562
1.78400000000000,-0.998919275642967
1.78500000000000,-0.958773250131039
1.78600000000000,-0.862853504740404
1.78700000000000,-0.716662642861356
1.78800000000000,-0.528645761861956
1.78900000000000,-0.309707848953778
1.79000000000000,-0.0725854406888221
1.79100000000000,0.168891503678930
1.79200000000000,0.400604913691926
1.79300000000000,0.608974298992336
1.79400000000000,0.781754525582245
1.79500000000000,0.908758716250575
1.79600000000000,0.982463417165578
1.79700000000000,0.998459825643018
1.79800000000000,0.955723706648403
1.79900000000000,0.856687135081484
1.80000000000000,0.707106781186545
1.80100000000000,0.515735432562834
1.80200000000000,0.293815113648800
1.80300000000000,0.0544208294506073
1.80400000000000,-0.188307015149801
1.80500000000000,-0.419996634312429
1.80600000000000,-0.626896210531444
1.80700000000000,-0.796692130113782
1.80800000000000,-0.919245312749916
1.80900000000000,-0.987201409763728
1.81000000000000,-0.996437878800080
1.81100000000000,-0.946320432972927
1.81200000000000,-0.839752562024218
1.81300000000000,-0.683014076866271
1.81400000000000,-0.485397213004986
1.81500000000000,-0.258660992394811
1.81600000000000,-0.0163355551865767
1.81700000000000,0.227082637039416
1.81800000000000,0.456997023030560
1.81900000000000,0.659586899410265
1.82000000000000,0.822640518020868
1.82100000000000,0.936294978783150
1.82200000000000,0.993637874098064
1.82300000000000,0.991133694885957
1.82400000000000,0.928848352463201
1.82500000000000,0.810457198252603
1.82600000000000,0.643034921133556
1.82700000000000,0.436638891164969
1.82800000000000,0.203710100911979
1.82900000000000,-0.0416729363160077
1.83000000000000,-0.284642829876534
1.83100000000000,-0.510443491446244
1.83200000000000,-0.705327396646818
1.83300000000000,-0.857395315302937
1.83400000000000,-0.957327064038747
1.83500000000000,-0.998958161808444
1.83600000000000,-0.979666395004676
1.83700000000000,-0.900543688934330
1.83800000000000,-0.766341658317949
1.83900000000000,-0.585192989438317
1.84000000000000,-0.368124552684672
1.84100000000000,-0.128391013079611
1.84200000000000,0.119331099239014
1.84300000000000,0.359840078098319
1.84400000000000,0.578341828407644
1.84500000000000,0.761361531936620
1.84600000000000,0.897577922111363
1.84700000000000,0.978528325109094
1.84800000000000,0.999140283278301
1.84900000000000,0.958056020110876
1.85000000000000,0.857728610000276
1.85100000000000,0.704282717761555
1.85200000000000,0.507147315807291
1.85300000000000,0.278481973152012
1.85400000000000,0.0324312563301972
1.85500000000000,-0.215747326660574
1.85600000000000,-0.450628266130283
1.85700000000000,-0.657577436618933
1.85800000000000,-0.823666234364596
1.85900000000000,-0.938483229172580
1.86000000000000,-0.994792141761727
1.86100000000000,-0.988994247298858
1.86200000000000,-0.921365281624837
1.86300000000000,-0.796050860166537
1.86400000000000,-0.620819453046950
1.86500000000000,-0.406587159105737
1.86600000000000,-0.166742933343033
1.86700000000000,0.0836843653610393
1.86800000000000,0.328965539797374
1.86900000000000,0.553658642162112
1.87000000000000,0.743582611234103
1.87100000000000,0.886715489870887
1.87200000000000,0.973960141659271
1.87300000000000,0.999728411383283
1.87400000000000,0.962305858825361
1.87500000000000,0.863972856121592
1.87600000000000,0.710873129296472
1.87700000000000,0.512636787624560
1.87800000000000,0.281780511836166
1.87900000000000,0.0329218680401848
1.88000000000000,-0.218143241396561
1.88100000000000,-0.455441970606255
1.88200000000000,-0.663841373377714
1.88300000000000,-0.830015935510794
1.88400000000000,-0.943303792064820
1.88500000000000,-0.996396363346440
1.88600000000000,-0.985816463283815
1.88700000000000,-0.912153202793683
1.88800000000000,-0.780037401766226
1.88900000000000,-0.597857765827400
1.89000000000000,-0.377234725053513
1.89100000000000,-0.132284502663005
1.89200000000000,0.121280333239288
1.89300000000000,0.367156779241327
1.89400000000000,0.589499510665656
1.89500000000000,0.773943836069985
1.89600000000000,0.908537347937838
1.89700000000000,0.984519627048692
1.89800000000000,0.996898819571697
1.89900000000000,0.944786745817157
1.90000000000000,0.831469612302555
1.90100000000000,0.664208404883871
1.90200000000000,0.453780548673200
1.90300000000000,0.213791296635977
1.90400000000000,-0.0402015493629905
1.90500000000000,-0.291693572953961
1.90600000000000,-0.524305476017107
1.90700000000000,-0.722851075795720
1.90800000000000,-0.874331861342976
1.90900000000000,-0.968792785501798
1.91000000000000,-0.999982651136178
1.91100000000000,-0.965774899387901
1.91200000000000,-0.868320037135091
1.91300000000000,-0.713918362052953
1.91400000000000,-0.512619928844750
1.91500000000000,-0.277576654856356
1.91600000000000,-0.0241879042702054
1.91700000000000,0.230905276380451
1.91800000000000,0.470911804070174
1.91900000000000,0.679996569847946
1.92000000000000,0.844327925502022
1.92100000000000,0.952997190114697
1.92200000000000,0.998748767421271
1.92300000000000,0.978471630036809
1.92400000000000,0.893418436004826
1.92500000000000,0.749136394523481
1.92600000000000,0.555113024785769
1.92700000000000,0.324158900096690
1.92800000000000,0.0715670786614638
1.92900000000000,-0.185895989281856
1.93000000000000,-0.431101745244642
1.93100000000000,-0.647699463385775
1.93200000000000,-0.821208969616183
1.93300000000000,-0.939992964948569
1.93400000000000,-0.996043392316679
1.93500000000000,-0.985528336117290
1.93600000000000,-0.909061657994554
1.93700000000000,-0.771675926047729
1.93800000000000,-0.582498976944670
1.93900000000000,-0.354154344260799
1.94000000000000,-0.101924455795056
1.94100000000000,0.157268317438541
1.94200000000000,0.405995095718055
1.94300000000000,0.627492634914133
1.94400000000000,0.806795352465989
1.94500000000000,0.931750651956782
1.94600000000000,0.993848396719677
1.94700000000000,0.988807542020579
1.94800000000000,0.916879033382495
1.94900000000000,0.782843055217312
1.95000000000000,0.595699304492431
1.95100000000000,0.368069783690188
1.95200000000000,0.115353243408313
1.95300000000000,-0.145312486431288
1.95400000000000,-0.396210640152096
1.95500000000000,-0.620249752244986
1.95600000000000,-0.802130140956455
1.95700000000000,-0.929392892742562
1.95800000000000,-0.993279157989221
1.95900000000000,-0.989340110042808
1.96000000000000,-0.917754625683986
1.96100000000000,-0.783331503546935
1.96200000000000,-0.595194516763257
1.96300000000000,-0.366170336989234
1.96400000000000,-0.111919878290859
1.96500000000000,0.150128527738888
1.96600000000000,0.401971748508822
1.96700000000000,0.626268803920767
1.96800000000000,0.807537175370211
1.96900000000000,0.933225798205936
1.97000000000000,0.994590096071824
1.97100000000000,0.987307655741283
1.97200000000000,0.911790714940286
1.97300000000000,0.773172359857394
1.97400000000000,0.580965791867001
1.97500000000000,0.348418680249457
1.97600000000000,0.0916058986096691
1.97700000000000,-0.171677641188080
1.97800000000000,-0.423148094312810
1.97900000000000,-0.645302704406706
1.98000000000000,-0.822640518020821
1.98100000000000,-0.942748495892885
1.98200000000000,-0.997176621041470
1.98300000000000,-0.982039892826883
1.98400000000000,-0.898303820411702
1.98500000000000,-0.751731912208250
1.98600000000000,-0.552497191712350
1.98700000000000,-0.314483318015805
1.98800000000000,-0.0543227999043598
1.98900000000000,0.209761484535125
1.99000000000000,0.459231054826040
1.99100000000000,0.676533836776520
1.99200000000000,0.846341940260053
1.99300000000000,0.956637732129396
1.99400000000000,0.999570921878586
1.99500000000000,0.972025089499436
1.99600000000000,0.875852248774074
1.99700000000000,0.717757263038098
1.99800000000000,0.508838594059996
1.99900000000000,0.263816232385762
2.00000000000000,9.76003555498352e-16
2.00100000000000,-0.263929866629359
2.00200000000000,-0.509244209180608
2.00300000000000,-0.718495130657187
2.00400000000000,-0.876760332921685
2.00500000000000,-0.972712642601023
2.00600000000000,-0.999437704234974
2.00700000000000,-0.954940334810403
2.00800000000000,-0.842301910975237
2.00900000000000,-0.669475868977420
2.01000000000000,-0.448734192214225
2.01100000000000,-0.195802804405910
2.01200000000000,0.0712537214401801
2.01300000000000,0.333319418278292
2.01400000000000,0.571594641821507
2.01500000000000,0.768946449742921
2.01600000000000,0.911144534651470
2.01700000000000,0.987893281961285
2.01800000000000,0.993584691780103
2.01900000000000,0.927716587419330
2.02000000000000,0.794944353387498
2.02100000000000,0.604760713976592
2.02200000000000,0.370824900090135
2.02300000000000,0.109988020423771
2.02400000000000,-0.158916299912285
2.02500000000000,-0.416429560097651
2.02600000000000,-0.643876613845206
2.02700000000000,-0.824722577312173
2.02800000000000,-0.945779653711381
2.02900000000000,-0.998175463027635
2.03000000000000,-0.978011313356389
2.03100000000000,-0.886661018453570
2.03200000000000,-0.730686777856374
2.03300000000000,-0.521376429026309
2.03400000000000,-0.273934040269933
2.03500000000000,-0.00638131676765854
2.03600000000000,0.261751241066406
2.03700000000000,0.510848658408151
2.03800000000000,0.722647527013647
2.03900000000000,0.881578565071315
2.04000000000000,0.975916761938746
2.04100000000000,0.998653747131771
2.04200000000000,0.948026958243974
2.04300000000000,0.827665059832092
2.04400000000000,0.646337089160062
2.04500000000000,0.417321932851129
2.04600000000000,0.157442830516654
2.04700000000000,-0.114163424173847
2.04800000000000,-0.377452925918243
2.04900000000000,-0.612953596561735
2.05000000000000,-0.803207531480626
2.05100000000000,-0.934069765071168
2.05200000000000,-0.995766512105599
2.05300000000000,-0.983633244689518
2.05400000000000,-0.898476293236929
2.05500000000000,-0.746529324228746
2.05600000000000,-0.539006021086469
2.05700000000000,-0.291280362308081
2.05800000000000,-0.0217538130070580
2.05900000000000,0.249507576122306
2.06000000000000,0.502265533143351
2.06100000000000,0.717620532311908
2.06200000000000,0.879428496764327
2.06300000000000,0.975516794457096
2.06400000000000,0.998607524711543
2.06500000000000,0.946877521409741
2.06600000000000,0.824111359859001
2.06700000000000,0.639433969908862
2.06800000000000,0.406640974589166
2.06900000000000,0.143175229211660
2.07000000000000,-0.131175063361404
2.07100000000000,-0.395759891874962
2.07200000000000,-0.630621627634587
2.07300000000000,-0.818002918151019
2.07400000000000,-0.943694183945945
2.07500000000000,-0.998118112900148
2.07600000000000,-0.977067877567839
2.07700000000000,-0.882041561709033
2.07800000000000,-0.720145566685178
2.07900000000000,-0.503572311472157
2.08000000000000,-0.248689887164886
2.08100000000000,0.0251889816591263
2.08200000000000,0.297266557987435
2.08300000000000,0.546838280195268
2.08400000000000,0.754869863153244
2.08500000000000,0.905453082892168
2.08600000000000,0.987028609779821
2.08700000000000,0.993281430412367
2.08800000000000,0.923638903068655
2.08900000000000,0.783331503546938
2.09000000000000,0.583009578983389
2.09100000000000,0.337943411125374
2.09200000000000,0.0668659960071818
2.09300000000000,-0.209454304154663
2.09400000000000,-0.469802852091349
2.09500000000000,-0.694148155188059
2.09600000000000,-0.865186430515759
2.09700000000000,-0.969681980809496
2.09800000000000,-0.999499131635489
2.09900000000000,-0.952244702722943
2.10000000000000,-0.831469612302562
2.10100000000000,-0.646411998500909
2.10200000000000,-0.411299602846352
2.10300000000000,-0.144263371519404
2.10400000000000,0.134055368770374
2.10500000000000,0.402097596216071
2.10600000000000,0.639056486479746
2.10700000000000,0.826495193023793
2.10800000000000,0.949786541003341
2.10900000000000,0.999261827269029
2.11000000000000,0.970977952136346
2.11100000000000,0.867041354135209
2.11200000000000,0.695461447194027
2.11300000000000,0.469542834090946
2.11400000000000,0.206861649631325
2.11500000000000,-0.0720958529395437
2.11600000000000,-0.345527505793788
2.11700000000000,-0.592018453574844
2.11800000000000,-0.792220419483692
2.11900000000000,-0.930375183935437
2.12000000000000,-0.995561964603084
2.12100000000000,-0.982569428167253
2.12200000000000,-0.892322044428998
2.12300000000000,-0.731825187687349
2.12400000000000,-0.513631105588966
2.12500000000000,-0.254865659604553
2.12600000000000,0.0241093873577028
2.12700000000000,0.301294576748174
2.12800000000000,0.554786344741312
2.12900000000000,0.764509503557332
2.13000000000000,0.913811470467041
2.13100000000000,0.990791314081771
2.13200000000000,0.989257029759744
2.13300000000000,0.909233384476195
2.13400000000000,0.756977948880963
2.13500000000000,0.544501800573971
2.13600000000000,0.288630770546058
2.13700000000000,0.00967988118986370
2.13800000000000,-0.270155160321182
2.13900000000000,-0.528562424392964
2.14000000000000,-0.744894056591623
2.14100000000000,-0.901820271399058
2.14200000000000,-0.986724237298083
2.14300000000000,-0.992725068141609
2.14400000000000,-0.919245312749915
2.14500000000000,-0.772075394294325
2.14600000000000,-0.562927548559169
2.14700000000000,-0.308512754295761
2.14800000000000,-0.0292126551698258
2.14900000000000,0.252548572868381
2.15000000000000,0.514102744193223
2.15100000000000,0.734362492826135
2.15200000000000,0.895525433315931
2.15300000000000,0.984519627048691
2.15400000000000,0.994072478009372
2.15500000000000,0.923314983074197
2.15600000000000,0.777870370743611
2.15700000000000,0.569417625681910
2.15800000000000,0.314762885403192
2.15900000000000,0.0344917716215227
2.16000000000000,-0.248689887164885
2.16100000000000,-0.511793606666242
2.16200000000000,-0.733415536107648
2.16300000000000,-0.895481740212883
2.16400000000000,-0.984728852574984
2.16500000000000,-0.993798280642848
2.16600000000000,-0.921853006138260
2.16700000000000,-0.774664501284786
2.16800000000000,-0.564160280656610
2.16900000000000,-0.307466646762547
2.17000000000000,-0.0255226685587005
2.17100000000000,0.258623058714391
2.17200000000000,0.521694738353554
2.17300000000000,0.742097228261438
2.17400000000000,0.901692964996195
2.17500000000000,0.987301418157873
2.17600000000000,0.991796571505603
2.17700000000000,0.914710340485092
2.17800000000000,0.762290030879650
2.17900000000000,0.547002660999959
2.18000000000000,0.286524552727839
2.18100000000000,0.00229728760723494
2.18200000000000,-0.282232624307993
2.18300000000000,-0.543546245245956
2.18400000000000,-0.759997755285292
2.18500000000000,-0.913611997540705
2.18600000000000,-0.991584394082272
2.18700000000000,-0.987357501596024
2.18800000000000,-0.901182957325608
2.18900000000000,-0.740119838832347
2.19000000000000,-0.517467063860833
2.19100000000000,-0.251674540276998
2.19200000000000,0.0351785779052532
2.19300000000000,0.319213626130326
2.19400000000000,0.576738905761231
2.19500000000000,0.786227770121773
2.19600000000000,0.930123022110340
2.19700000000000,0.996315980667138
2.19800000000000,0.979175002809897
2.19900000000000,0.880035325414133
2.20000000000000,0.707106781186543
2.20100000000000,0.474804549039434
2.20200000000000,0.202556565790536
2.20300000000000,-0.0868145201712851
2.20400000000000,-0.369000682752289
2.20500000000000,-0.620249752244978
2.20600000000000,-0.819367218754294
2.20700000000000,-0.949509701565997
2.20800000000000,-0.999617873256879
2.20900000000000,-0.965366272325451
2.21000000000000,-0.849547619216346
2.21100000000000,-0.661856641425229
2.21200000000000,-0.418089051750163
2.21300000000000,-0.138820942112765
2.21400000000000,0.152321759993817
2.21500000000000,0.430658776216367
2.21600000000000,0.672547656770148
2.21700000000000,0.857395315302973
2.21800000000000,0.969417514416609
2.21900000000000,0.998995456188116
2.22000000000000,0.943512164028172
2.22100000000000,0.807595076595202
2.22200000000000,0.602741549068207
2.22300000000000,0.346356523268799
2.22400000000000,0.0602820091099177
2.22500000000000,-0.231058108280643
2.22600000000000,-0.502740858256521
2.22700000000000,-0.731477184465768
2.22800000000000,-0.897612544079883
2.22900000000000,-0.986822907563884
2.23000000000000,-0.991359219835135
2.23100000000000,-0.910731421183256
2.23200000000000,-0.751770756824340
2.23300000000000,-0.528062292623782
2.23400000000000,-0.258793757134819
2.23500000000000,0.0328826193937059
2.23600000000000,0.321836086256873
2.23700000000000,0.583121242505446
2.23800000000000,0.794133616808477
2.23900000000000,0.936570533299205
2.24000000000000,0.998026728428276
2.24100000000000,0.973084938236474
2.24200000000000,0.863804729791645
2.24300000000000,0.679564552442890
2.24400000000000,0.436267903159952
2.24500000000000,0.154979804801612
2.24600000000000,-0.139890327078755
2.24700000000000,-0.422703281926100
2.24800000000000,-0.668819259888729
2.24900000000000,-0.856747899676043
2.25000000000000,-0.970031253194541
2.25100000000000,-0.998694179207600
2.25200000000000,-0.940133570862712
2.25300000000000,-0.799366237089334
2.25400000000000,-0.588610966372676
2.25500000000000,-0.326238483062342
2.25600000000000,-0.0351785779051748
2.25700000000000,0.259078236540578
2.25800000000000,0.530710898987027
2.25900000000000,0.755834899366327
2.26000000000000,0.914607159798653
2.26100000000000,0.992982804763518
2.26200000000000,0.983967630910571
2.26300000000000,0.888253729662096
2.26400000000000,0.714179542666051
2.26500000000000,0.477014957758952
2.26600000000000,0.197631676872099
2.26700000000000,-0.0993262623649774
2.26800000000000,-0.387612121610677
2.26900000000000,-0.641695631702676
2.27000000000000,-0.839026853704913
2.27100000000000,-0.962043748113214
2.27200000000000,-0.999744190761061
2.27300000000000,-0.948680945861033
2.27400000000000,-0.813288677964632
2.27500000000000,-0.605511041404329
2.27600000000000,-0.343758034421128
2.27700000000000,-0.0512836289630203
2.27800000000000,0.245874164361190
2.27900000000000,0.521208868652525
2.28000000000000,0.750111069630544
2.28100000000000,0.912072711468590
2.28200000000000,0.992532319615823
2.28300000000000,0.984194448931262
2.28400000000000,0.887702910613517
2.28500000000000,0.711604656279648
2.28600000000000,0.471604521541356
2.28700000000000,0.189174707532305
2.28800000000000,-0.110358813476461
2.28900000000000,-0.400083122992183
2.29000000000000,-0.653915916107753
2.29100000000000,-0.848956699930794
2.29200000000000,-0.967559419138986
2.29300000000000,-0.998938355524223
2.29400000000000,-0.940160334819772
2.29500000000000,-0.796430980063081
2.29600000000000,-0.580646118310669
2.29700000000000,-0.312245798884962
2.29800000000000,-0.0154717264967804
2.29900000000000,0.282816510142822
2.30000000000000,0.555570233019647
2.30100000000000,0.778006082604712
2.30200000000000,0.929863197382735
2.30300000000000,0.997257132936001
2.30400000000000,0.973960141659249
2.30500000000000,0.861988808829901
2.30600000000000,0.671442558231827
2.30700000000000,0.419604572196110
2.30800000000000,0.129384043380097
2.30900000000000,-0.172760769685634
2.31000000000000,-0.459231054826065
2.31100000000000,-0.703808626731767
2.31200000000000,-0.884059464594333
2.31300000000000,-0.983398919388711
2.31400000000000,-0.992627817878393
2.31500000000000,-0.910796283698366
2.31600000000000,-0.745313112823722
2.31700000000000,-0.511287461264261
2.31800000000000,-0.230160139348553
2.31900000000000,0.0722525229149245
2.32000000000000,0.368124552684616
2.32100000000000,0.630179608923248
2.32200000000000,0.834208388955488
2.32300000000000,0.961311592014825
2.32400000000000,0.999660060737937
2.32500000000000,0.945607325380505
2.32600000000000,0.804048878608457
2.32700000000000,0.587991738291722
2.32800000000000,0.317370861112464
2.32900000000000,0.0172190037300759
2.33000000000000,-0.284642829876516
2.33100000000000,-0.560181852690624
2.33200000000000,-0.783758499472026
2.33300000000000,-0.934517760683672
2.33400000000000,-0.998343323294605
2.33500000000000,-0.969190619993931
2.33600000000000,-0.849671887704969
2.33700000000000,-0.650835504647612
2.33800000000000,-0.391156831454524
2.33900000000000,-0.0948315575182462
2.34000000000000,0.210471759821298
2.34100000000000,0.496191879967881
2.34200000000000,0.735547507046689
2.34300000000000,0.906052224783970
2.34400000000000,0.991635157201715
2.34500000000000,0.984166619371537
2.34600000000000,0.884242933934767
2.34700000000000,0.701153526340863
2.34800000000000,0.452029977860771
2.34900000000000,0.160253748619314
2.35000000000000,-0.146730474455344
2.35100000000000,-0.439992067283263
2.35200000000000,-0.691840782940201
2.35300000000000,-0.878445209531778
2.35400000000000,-0.982095419133644
2.35500000000000,-0.992894292121305
2.35600000000000,-0.909715026751172
2.35700000000000,-0.740331066557026
2.35800000000000,-0.500702682511764
2.35900000000000,-0.213484390389200
2.36000000000000,0.0941083133185176
2.36100000000000,0.392872849379617
2.36200000000000,0.654391152209521
2.36300000000000,0.853736019972069
2.36400000000000,0.971854196402249
2.36500000000000,0.997397708032720
2.36600000000000,0.927826488783627
2.36700000000000,0.769674018291461
2.36800000000000,0.537947127984785
2.36900000000000,0.254713764151921
2.37000000000000,-0.0529895464888971
2.37100000000000,-0.355733000999417
2.37200000000000,-0.624506840423904
2.37300000000000,-0.833503910389940
2.37400000000000,-0.962604323173458
2.37500000000000,-0.999322384588351
2.37600000000000,-0.940026457043967
2.37700000000000,-0.790311433856901
2.37800000000000,-0.564484475150678
2.37900000000000,-0.284209878131827
2.38000000000000,0.0235597648335777
2.38100000000000,0.329169495336853
2.38200000000000,0.603117500837272
2.38300000000000,0.818905452756720
2.38400000000000,0.955608075159382
2.38500000000000,0.999912172408587
2.38600000000000,0.947425500351968
2.38700000000000,0.803125648194736
2.38800000000000,0.580901864321596
2.38900000000000,0.302230558377921
2.39000000000000,-0.00589045216105123
2.39100000000000,-0.313551229840798
2.39200000000000,-0.590830990418726
2.39300000000000,-0.810710169138982
2.39400000000000,-0.951709671156615
2.39500000000000,-0.999998915693072
2.39600000000000,-0.950764852287698
2.39700000000000,-0.808705270017556
2.39800000000000,-0.587594615839852
2.39900000000000,-0.308960971985754
2.40000000000000,-1.95448303354306e-15
2.40100000000000,0.309073015691949
2.40200000000000,0.587975856113306
2.40300000000000,0.809328491356160
2.40400000000000,0.951347335513035
2.40500000000000,0.999998915693072
2.40600000000000,0.950399084687707
2.40700000000000,0.807317079736715
2.40800000000000,0.584731160436743
2.40900000000000,0.304475724074766
2.41000000000000,-0.00589045216102967
2.41100000000000,-0.315787732038264
2.41200000000000,-0.594626349711266
2.41300000000000,-0.814828167255780
2.41400000000000,-0.954560762400846
2.41500000000000,-0.999912172408588
2.41600000000000,-0.946288695380701
2.41700000000000,-0.798894088749365
2.41800000000000,-0.572238913042396
2.41900000000000,-0.288724765654500
2.42000000000000,0.0235597648335914
2.42100000000000,0.333615595566289
2.42200000000000,0.610608299691098
2.42300000000000,0.826937073074865
2.42400000000000,0.960991833197663
2.42500000000000,0.999322384588347
2.42600000000000,0.938000906354109
2.42700000000000,0.783038492513682
2.42800000000000,0.549810303922740
2.42900000000000,0.261542780686724
2.43000000000000,-0.0529895464888325
2.43100000000000,-0.362330269596574
2.43200000000000,-0.635485467634777
2.43300000000000,-0.845032097293118
2.43400000000000,-0.969878392778483
2.43500000000000,-0.997397708032730
2.43600000000000,-0.924718862665952
2.43700000000000,-0.759039836968582
2.43800000000000,-0.516929307622101
2.43900000000000,-0.222682276225820
2.44000000000000,0.0941083133184884
2.44100000000000,0.401522230439087
2.44200000000000,0.668527265993526
2.44300000000000,0.868115443850740
2.44400000000000,0.980042839393514
2.44500000000000,0.992894292121310
2.44600000000000,0.905261308915532
2.44700000000000,0.725910278096940
2.44800000000000,0.472919882928220
2.44900000000000,0.171871072252112
2.45000000000000,-0.146730474455350
2.45100000000000,-0.450540622193321
2.45200000000000,-0.708660079140461
2.45300000000000,-0.894781477046689
2.45400000000000,-0.989879279063755
2.45500000000000,-0.984166619371548
2.45600000000000,-0.878116617177197
2.45700000000000,-0.682440207356113
2.45800000000000,-0.417018571201566
2.45900000000000,-0.108895067836762
2.46000000000000,0.210471759821282
2.46100000000000,0.508415958154618
2.46200000000000,0.754406064171953
2.46300000000000,0.923179193218795
2.46400000000000,0.997345067673624
2.46500000000000,0.969190619993938
2.46600000000000,0.841496638198393
2.46700000000000,0.627278576171184
2.46800000000000,0.348473893470340
2.46900000000000,0.0337068302269986
2.47000000000000,-0.284642829876589
2.47100000000000,-0.573767641762154
2.47200000000000,-0.803815332193908
2.47300000000000,-0.950977607364588
2.47400000000000,-0.999964688613821
2.47500000000000,-0.945607325380521
2.47600000000000,-0.793417085288879
2.47700000000000,-0.559042773913025
2.47800000000000,-0.266674909871616
2.47900000000000,0.0534405105407314
2.48000000000000,0.368124552684667
2.48100000000000,0.644702518599397
2.48200000000000,0.854399887060769
2.48300000000000,0.975343764948960
2.48400000000000,0.994855986417737
2.48500000000000,0.910796283698348
2.48600000000000,0.731811806474280
2.48700000000000,0.476462637510773
2.48800000000000,0.171310103938318
2.48900000000000,-0.151836595837417
2.49000000000000,-0.459231054826145
2.49100000000000,-0.718713603015884
2.49200000000000,-0.903080598596922
2.49300000000000,-0.992945603657124
2.49400000000000,-0.978790583564255
2.49500000000000,-0.861988808829861
2.49600000000000,-0.654688043595040
2.49700000000000,-0.378561789392298
2.49800000000000,-0.0625553632805792
2.49900000000000,0.260140094222900
2.50000000000000,0.555570233019610
2.50100000000000,0.792591712751806
2.50200000000000,0.946161653808775
2.50300000000000,0.999994230720584
2.50400000000000,0.948301500851263
2.50500000000000,0.796430980063081
2.50600000000000,0.560328228945178
2.50700000000000,0.264876676055598
2.50800000000000,-0.0587139957301503
2.50900000000000,-0.376197985153254
2.51000000000000,-0.653915916107831
2.51100000000000,-0.862366801643282
2.51200000000000,-0.979350032338022
2.51300000000000,-0.992341911946364
2.51400000000000,-0.899851085580630
2.51500000000000,-0.711604656279622
2.51600000000000,-0.447540591377901
2.51700000000000,-0.135709088001932
2.51800000000000,0.190697632077506
2.51900000000000,0.496873619667130
2.52000000000000,0.750111069630486
2.52100000000000,0.923299901007656
2.52200000000000,0.997840047112491
2.52300000000000,0.965652561433521
2.52400000000000,0.830070687475456
2.52500000000000,0.605511041404318
2.52600000000000,0.315955399183745
2.52700000000000,-0.00759865410518093
2.52800000000000,-0.330448502171408
2.52900000000000,-0.617905928230073
2.53000000000000,-0.839026853704977
2.53100000000000,-0.969950093776813
2.53200000000000,-0.996484091062373
2.53300000000000,-0.915659962577935
2.53400000000000,-0.736079366296013
2.53500000000000,-0.477014957758958
2.53600000000000,-0.166355719043434
2.53700000000000,0.162385303967572
2.53800000000000,0.473680926790378
2.53900000000000,0.733829171499746
2.54000000000000,0.914607159798623
2.54100000000000,0.996342873229547
2.54200000000000,0.970069408464513
2.54300000000000,0.838524386931294
2.54400000000000,0.615881505432586
2.54500000000000,0.326238483062316
2.54600000000000,0.00102101743494033
2.54700000000000,-0.324418933905508
2.54800000000000,-0.614643211838673
2.54900000000000,-0.837989063872533
2.55000000000000,-0.970031253194559
2.55100000000000,-0.996265292078032
2.55200000000000,-0.913715750939079
2.55300000000000,-0.731289719147942
2.55400000000000,-0.468831910474303
2.55500000000000,-0.154979804801662
2.55600000000000,0.175950911128700
2.55700000000000,0.487713011873733
2.55800000000000,0.746098050066004
2.55900000000000,0.922695451041320
2.56000000000000,0.998026728428269
2.56100000000000,0.963707954793161
2.56200000000000,0.823398915172612
2.56300000000000,0.592429807918359
2.56400000000000,0.296141511152873
2.56500000000000,-0.0328826193937481
2.56600000000000,-0.358392390500819
2.56700000000000,-0.644462332904032
2.56800000000000,-0.859459949275859
2.56900000000000,-0.979551992800464
2.57000000000000,-0.991359219835146
2.57100000000000,-0.893462534303865
2.57200000000000,-0.696589305505246
2.57300000000000,-0.422454142493161
2.57400000000000,-0.101377524874220
2.57500000000000,0.231058108280663
2.57600000000000,0.537947127984789
2.57700000000000,0.785158878842359
2.57800000000000,0.945140070123207
2.57900000000000,0.999997083648976
2.58000000000000,0.943512164028187
2.58100000000000,0.781864710169045
2.58200000000000,0.532972270211069
2.58300000000000,0.224519505915664
2.58400000000000,-0.109109765384366
2.58500000000000,-0.430658776216366
2.58600000000000,-0.704157253614814
2.58700000000000,-0.898949878995139
2.58800000000000,-0.993142111851094
2.58900000000000,-0.976074983987595
2.59000000000000,-0.849547619216352
2.59100000000000,-0.627645504987042
2.59200000000000,-0.335188484605295
2.59300000000000,-0.00496762295209375
2.59400000000000,0.325922933391272
2.59500000000000,0.620249752245005
2.59600000000000,0.844832555290866
2.59700000000000,0.974292957200062
2.59800000000000,0.993935072326885
2.59900000000000,0.901429617248522
2.60000000000000,0.707106781186566
2.60100000000000,0.432819480679971
2.60200000000000,0.109500111514596
2.60300000000000,-0.226317687056506
2.60400000000000,-0.536622317205700
2.60500000000000,-0.786227770121816
2.60600000000000,-0.946770122309401
2.60700000000000,-0.999942323318832
2.60800000000000,-0.939597074105836
2.60900000000000,-0.772474557737793
2.61000000000000,-0.517467063860831
2.61100000000000,-0.203498640591345
2.61200000000000,0.133744038545487
2.61300000000000,0.455861447741772
2.61400000000000,0.726112817310945
2.61500000000000,0.913611997540771
2.61600000000000,0.996867839649036
2.61700000000000,0.966262106275799
2.61800000000000,0.825177586441988
2.61900000000000,0.589642245978388
2.62000000000000,0.286524552727749
2.62100000000000,-0.0495187292757173
2.62200000000000,-0.379997051159458
2.62300000000000,-0.666992607683843
2.62400000000000,-0.877514690197321
2.62500000000000,-0.987301418157859
2.62600000000000,-0.983629706629889
2.62700000000000,-0.866806469605608
2.62800000000000,-0.650164425521847
2.62900000000000,-0.358557360525330
2.63000000000000,-0.0255226685587416
2.63100000000000,0.310566521261316
2.63200000000000,0.610919243870928
2.63300000000000,0.840806431321622
2.63400000000000,0.973584880751310
2.63500000000000,0.993798280642842
2.63600000000000,0.898992880268126
2.63700000000000,0.700032667778782
2.63800000000000,0.419871895772931
2.63900000000000,0.0909215431794898
2.64000000000000,-0.248689887164880
2.64100000000000,-0.559531079974596
2.64200000000000,-0.805447551953168
2.64300000000000,-0.957774208228811
2.64400000000000,-0.998689158887560
2.64500000000000,-0.923314983074268
2.64600000000000,-0.740317866964707
2.64700000000000,-0.470929125548904
2.64800000000000,-0.146497401160250
2.64900000000000,0.195148094699461
2.65000000000000,0.514102744193199
2.65100000000000,0.773047820870644
2.65200000000000,0.941623416848295
2.65300000000000,0.999999859473800
2.65400000000000,0.941226135853500
2.65500000000000,0.772075394294277
2.65600000000000,0.512282711755837
2.65700000000000,0.192258635233297
2.65800000000000,-0.150458530527875
2.65900000000000,-0.475599260637793
2.66000000000000,-0.744894056591628
2.66100000000000,-0.926583614172462
2.66200000000000,-0.999175726796753
2.66300000000000,-0.954003205997269
2.66400000000000,-0.796276594267205
2.66500000000000,-0.544501800574021
2.66600000000000,-0.228325381796405
2.66700000000000,0.114943652100089
2.66800000000000,0.444728975463053
2.66900000000000,0.721982164235136
2.67000000000000,0.913811470467035
2.67100000000000,0.997394876066155
2.67200000000000,0.962710635555382
2.67300000000000,0.813756831269261
2.67400000000000,0.568109494584890
2.67500000000000,0.254865659604467
2.67600000000000,-0.0887899912027516
2.67700000000000,-0.421991370296977
2.67800000000000,-0.705048965076470
2.67900000000000,-0.904182286500768
2.68000000000000,-0.995561964603086
2.68100000000000,-0.968176584860918
2.68200000000000,-0.825177586441998
2.68300000000000,-0.583535896269283
2.68400000000000,-0.272045124705112
2.68500000000000,0.0720958529393844
2.68600000000000,0.407716987709146
2.68700000000000,0.694600302024172
2.68800000000000,0.898303820411738
2.68900000000000,0.994307068587343
2.69000000000000,0.970977952136346
2.69100000000000,0.831000246374092
2.69200000000000,0.591084423493487
2.69300000000000,0.279990286879642
2.69400000000000,-0.0649067673344580
2.69500000000000,-0.402097596215957
2.69600000000000,-0.690932882021504
2.69700000000000,-0.896527991588279
2.69800000000000,-0.993986783402226
2.69900000000000,-0.971431709806993
2.70000000000000,-0.831469612302574
2.70100000000000,-0.590910194519889
2.70200000000000,-0.278764834427950
2.70300000000000,0.0672382205423257
2.70400000000000,0.405205412759346
2.70500000000000,0.694148155188077
2.70600000000000,0.898958479942913
2.70700000000000,0.994685535175454
2.70800000000000,0.969590747530583
2.70900000000000,0.826605710843189
2.71000000000000,0.583009578983424
2.71100000000000,0.268358729324445
2.71200000000000,-0.0790854618338110
2.71300000000000,-0.417000724951507
2.71400000000000,-0.704157253614868
2.71500000000000,-0.905453082892169
2.71600000000000,-0.996215964518049
2.71700000000000,-0.965243219681359
2.71800000000000,-0.816203140696160
2.71900000000000,-0.567220438068527
2.72000000000000,-0.248689887164839
2.72100000000000,0.100420322129766
2.72200000000000,0.437327671885201
2.72300000000000,0.720676659620207
2.72400000000000,0.915620496446247
2.72500000000000,0.998118112900146
2.72600000000000,0.957915229578085
2.72700000000000,0.799837892340056
2.72800000000000,0.543233065151348
2.72900000000000,0.219618471739318
2.73000000000000,-0.131175063361487
2.73100000000000,-0.465898315672315
2.73200000000000,-0.743214892595753
2.73300000000000,-0.928811978144793
2.73400000000000,-0.999658009943886
2.73500000000000,-0.946877521409754
2.73600000000000,-0.776882284176799
2.73700000000000,-0.510612324794344
2.73800000000000,-0.180974039782028
2.73900000000000,0.171213379644527
2.74000000000000,0.502265533143455
2.74100000000000,0.771051147085805
2.74200000000000,0.944109158286772
2.74300000000000,0.999827130956367
2.74400000000000,0.931157672378358
2.74500000000000,0.746529324228711
2.74600000000000,0.468831910474402
2.74700000000000,0.132595894497360
2.74800000000000,-0.220288865236023
2.74900000000000,-0.545785744085803
2.75000000000000,-0.803207531480617
2.75100000000000,-0.960310117943570
2.75200000000000,-0.997345067673613
2.75300000000000,-0.909560054855700
2.75400000000000,-0.707828380967383
2.75500000000000,-0.417321932851102
2.75600000000000,-0.0743869720892506
2.75700000000000,0.277991623063242
2.75800000000000,0.595573129599857
2.75900000000000,0.838417386958519
2.76000000000000,0.975916761938763
2.76100000000000,0.990668617575680
2.76200000000000,0.880696530931621
2.76300000000000,0.659734468569103
2.76400000000000,0.355531136267138
2.76500000000000,0.00638131676759287
2.76600000000000,-0.343684279897815
2.76700000000000,-0.650447831984652
2.76800000000000,-0.875093134661234
2.76900000000000,-0.989127477075178
2.77000000000000,-0.978011313356437
2.77100000000000,-0.843031389457806
2.77200000000000,-0.601173643582870
2.77300000000000,-0.283004838070522
2.77400000000000,0.0711753810348069
2.77500000000000,0.416429560097588
2.77600000000000,0.708881699255557
2.77700000000000,0.911298206093477
2.77800000000000,0.997840047112487
2.77900000000000,0.957378120796425
2.78000000000000,0.794944353387478
2.78100000000000,0.531126876594674
2.78200000000000,0.199479102065459
2.78300000000000,-0.157733674718378
2.78400000000000,-0.494912793391842
2.78500000000000,-0.768946449742899
2.78600000000000,-0.944728824199007
2.78700000000000,-0.999670726238807
2.78800000000000,-0.926620532141334
2.78900000000000,-0.734815459801838
2.79000000000000,-0.448734192214265
2.79100000000000,-0.104990600236582
2.79200000000000,0.252339583790782
2.79300000000000,0.577364310420609
2.79400000000000,0.828270653740166
2.79500000000000,0.972712642601010
2.79600000000000,0.991996136912158
2.79700000000000,0.883517435836813
2.79800000000000,0.661135106211486
2.79900000000000,0.353419740964310
2.80000000000000,-4.60702409121308e-14
2.80100000000000,-0.353529945367824
2.80200000000000,-0.661488587722158
2.80300000000000,-0.884013575956114
2.80400000000000,-0.992232384456694
2.80500000000000,-0.972025089499414
2.80600000000000,-0.825886775562534
2.80700000000000,-0.572641403330261
2.80800000000000,-0.245036656104980
2.80900000000000,0.114475523821952
2.81000000000000,0.459231054826063
2.81100000000000,0.744409156248631
2.81200000000000,0.932865543161033
2.81300000000000,0.999983451302124
2.81400000000000,0.936907300234892
2.81500000000000,0.751731912208240
2.81600000000000,0.468485008180648
2.81700000000000,0.124027957004051
2.81800000000000,-0.236727925790404
2.81900000000000,-0.566670508563766
2.82000000000000,-0.822640518020823
2.82100000000000,-0.971085862788329
2.82200000000000,-0.992474726777478
2.82300000000000,-0.883885042442080
2.82400000000000,-0.659424543965264
2.82500000000000,-0.348418680249410
2.82600000000000,0.00840366143193968
2.82700000000000,0.364232791295936
2.82800000000000,0.672315128822114
2.82900000000000,0.892100356796643
2.83000000000000,0.994590096071828
2.83100000000000,0.966181143496809
2.83200000000000,0.810491703188726
2.83300000000000,0.547922803607934
2.83400000000000,0.213004807208683
2.83500000000000,-0.150128527738860
2.83600000000000,-0.493547251458014
2.83700000000000,-0.771850730900575
2.83800000000000,-0.948176796488739
2.83900000000000,-0.999098267873180
2.84000000000000,-0.917754625684002
2.84100000000000,-0.714797731775030
2.84200000000000,-0.417018571201616
2.84300000000000,-0.0638290844185037
2.84400000000000,0.297941388149726
2.84500000000000,0.620249752245036
2.84600000000000,0.860221838191539
2.84700000000000,0.985865849656505
2.84800000000000,0.980353883133434
2.84900000000000,0.844296361233633
2.85000000000000,0.595699304492434
2.85100000000000,0.267602057620921
2.85200000000000,-0.0962974391029616
2.85300000000000,-0.447452795095930
2.85400000000000,-0.738943551944157
2.85500000000000,-0.931750651956777
2.85600000000000,-0.999992893893247
2.85700000000000,-0.934419887718954
2.85800000000000,-0.743687632425873
2.85900000000000,-0.453238058511733
2.86000000000000,-0.101924455795081
2.86100000000000,0.263172235888875
2.86200000000000,0.593046549902986
2.86300000000000,0.843348071446697
2.86400000000000,0.980353883133425
2.86500000000000,0.985528336117257
2.86600000000000,0.858051460951039
2.86700000000000,0.614968410830968
2.86800000000000,0.288931545096575
2.86900000000000,-0.0761686828562359
2.87000000000000,-0.431101745244754
2.87100000000000,-0.727932833745352
2.87200000000000,-0.926502363205461
2.87300000000000,-0.999872590546414
2.87400000000000,-0.938000906354095
2.87500000000000,-0.749136394523481
2.87600000000000,-0.458742607748439
2.87700000000000,-0.106084016958278
2.87800000000000,0.261068961737099
2.87900000000000,0.592904255682548
2.88000000000000,0.844327925502015
2.88100000000000,0.981101916746009
2.88200000000000,0.984523068363083
2.88300000000000,0.854001733743190
2.88400000000000,0.607181709483065
2.88500000000000,0.277576654856323
2.88600000000000,-0.0899633735106192
2.88700000000000,-0.445344392470164
2.88800000000000,-0.740053815187069
2.88900000000000,-0.933789018732901
2.89000000000000,-0.999982651136177
2.89100000000000,-0.929465345857123
2.89200000000000,-0.731758278800616
2.89300000000000,-0.433810448540878
2.89400000000000,-0.0763448828873386
2.89500000000000,0.291693572953974
2.89600000000000,0.619833818010938
2.89700000000000,0.863002335829789
2.89800000000000,0.987725172180753
2.89900000000000,0.976753255775149
2.90000000000000,0.831469612302586
2.90100000000000,0.571739633601649
2.90200000000000,0.233216248113053
2.90300000000000,-0.137537466558453
2.90400000000000,-0.489443332476508
2.90500000000000,-0.773943836070051
2.90600000000000,-0.951709671156657
2.90700000000000,-0.998091531121435
2.90800000000000,-0.906558414174391
2.90900000000000,-0.689640082131189
2.91000000000000,-0.377234725053478
2.91100000000000,-0.0125071396501247
2.91200000000000,0.354062530786509
2.91300000000000,0.671660788292776
2.91400000000000,0.896188505548098
2.91500000000000,0.996396363346438
2.91600000000000,0.958252739020463
2.91700000000000,0.786930983454136
2.91800000000000,0.506131609936499
2.91900000000000,0.154824621150549
2.92000000000000,-0.218143241396520
2.92100000000000,-0.560832279858471
2.92200000000000,-0.825443685125639
2.92300000000000,-0.974995901116687
2.92400000000000,-0.988509721384694
2.92500000000000,-0.863972856121532
2.92600000000000,-0.618662105236350
2.92700000000000,-0.286769095717035
2.92800000000000,0.0853473649056425
2.92900000000000,0.445625655925500
2.93000000000000,0.743582611234099
2.93100000000000,0.937393729826729
2.93200000000000,0.999778484907856
2.93300000000000,0.921860615285137
2.93400000000000,0.714454362244548
2.93500000000000,0.406587159105804
2.93600000000000,0.0414571384754154
2.93700000000000,-0.329614435927829
2.93800000000000,-0.654391152209480
2.93900000000000,-0.887078318108593
2.94000000000000,-0.994792141761719
2.94100000000000,-0.962225715445825
2.94200000000000,-0.793847136407595
2.94300000000000,-0.513310976682577
2.94400000000000,-0.160156841902240
2.94500000000000,0.215747326660481
2.94600000000000,0.561238621186199
2.94700000000000,0.827378443029657
2.94800000000000,0.976394123777708
2.94900000000000,0.987056964916012
2.95000000000000,0.857728610000302
2.95100000000000,0.606635523861905
2.95200000000000,0.269323245603741
2.95300000000000,-0.106357351150081
2.95400000000000,-0.467027230240713
2.95500000000000,-0.761361531936655
2.95600000000000,-0.947400366539180
2.95700000000000,-0.998545740825268
2.95800000000000,-0.907385418983930
2.95900000000000,-0.686791032446854
2.96000000000000,-0.368124552684685
2.96100000000000,0.00320049205184006
2.96200000000000,0.374177719471359
2.96300000000000,0.691769892504571
2.96400000000000,0.910496106204190
2.96500000000000,0.998958161808442
2.96600000000000,0.944367760205169
2.96700000000000,0.754418952567921
2.96800000000000,0.456228407197270
2.96900000000000,0.0924857205469985
2.97000000000000,-0.284642829876610
2.97100000000000,-0.620988760382109
2.97200000000000,-0.868164169926238
2.97300000000000,-0.990534335170272
2.97400000000000,-0.970373788867174
2.97500000000000,-0.810457198252596
2.97600000000000,-0.533703077400033
2.97700000000000,-0.179911843801700
2.97800000000000,0.199940847876329
2.97900000000000,0.551039772709821
2.98000000000000,0.822640518020836
2.98100000000000,0.975413048955101
2.98200000000000,0.987154396666085
2.98300000000000,0.856038239748713
2.98400000000000,0.600922563464319
2.98500000000000,0.258660992394849
2.98600000000000,-0.121202372806784
2.98700000000000,-0.483593677362306
2.98800000000000,-0.775892280730165
2.98900000000000,-0.955579144260333
2.99000000000000,-0.996437878800072
2.99100000000000,-0.892401799344617
2.99200000000000,-0.658479320558355
2.99300000000000,-0.328613216816529
2.99400000000000,0.0492245641448728
2.99500000000000,0.419996634312503
2.99600000000000,0.729613474015165
2.99700000000000,0.932830173682191
2.99800000000000,0.999872903777405
2.99900000000000,0.920822509906688
3.00000000000000,0.707106781186596
3.00100000000000,0.389873444835670
3.00200000000000,0.0154717264967579
3.00300000000000,-0.361305208519861
3.00400000000000,-0.685233838542954
3.00500000000000,-0.908758716250576
3.00600000000000,-0.998987521728370
3.00700000000000,-0.942551881961876
3.00800000000000,-0.747612658169115
3.00900000000000,-0.442705413754041
3.01000000000000,-0.0725854406886882
3.01100000000000,0.308325976699181
3.01200000000000,0.643936704977003
3.01300000000000,0.884746771422587
3.01400000000000,0.995161604303217
3.01500000000000,0.958773250131045
3.01600000000000,0.780823104808861
3.01700000000000,0.487473013936276
3.01800000000000,0.121981943409653
3.01900000000000,-0.261656487861525
3.02000000000000,-0.606682351001933
3.02100000000000,-0.861968901176480
3.02200000000000,-0.989610022874671
3.02300000000000,-0.970567977322029
3.02400000000000,-0.807537175370236
3.02500000000000,-0.524589682678491
3.02600000000000,-0.163644503974094
3.02700000000000,0.221725071993218
3.02800000000000,0.574233908836621
3.02900000000000,0.841401152821625
3.03000000000000,0.983373969830391
3.03100000000000,0.978891027700331
3.03200000000000,0.828490630250620
3.03300000000000,0.554475919452973
3.03400000000000,0.197631676871928
3.03500000000000,-0.188827648263979
3.03600000000000,-0.547183455527404
3.03700000000000,-0.823833215980212
3.03800000000000,-0.977318049438903
3.03900000000000,-0.984554023111916
3.04000000000000,-0.844327925502003
3.04100000000000,-0.577524616069192
3.04200000000000,-0.224041137241181
3.04300000000000,0.163160227712311
3.04400000000000,0.525976439999234
3.04500000000000,0.809881702072404
3.04600000000000,0.972131061774500
3.04700000000000,0.988214025275362
3.04800000000000,0.855581175759517
3.04900000000000,0.594073680235326
3.05000000000000,0.242980179903255
3.05100000000000,-0.144846233235213
3.05200000000000,-0.510933053916086
3.05300000000000,-0.800002855131534
3.05400000000000,-0.968328739555151
3.05500000000000,-0.990366499107447
3.05600000000000,-0.862654946860073
3.05700000000000,-0.604385348775779
3.05800000000000,-0.254542874255678
3.05900000000000,0.133958079494983
3.06000000000000,0.502265533143297
3.06100000000000,0.794503392979488
3.06200000000000,0.966257048896014
3.06300000000000,0.991341181156850
3.06400000000000,0.865815888304025
3.06500000000000,0.608631608723337
3.06600000000000,0.258793757134723
3.06700000000000,-0.130532681208807
3.06800000000000,-0.500090687226512
3.06900000000000,-0.793548531866749
3.07000000000000,-0.966095016059950
3.07100000000000,-0.991299879569238
3.07200000000000,-0.865186430515731
3.07300000000000,-0.606885244282086
3.07400000000000,-0.255757918265890
3.07500000000000,0.134580708507052
3.07600000000000,0.504437206478167
3.07700000000000,0.797166567488098
3.07800000000000,0.967856386312751
3.07900000000000,0.990235553499673
3.08000000000000,0.860742027003924
3.08100000000000,0.599116181528366
3.08200000000000,0.245417364386416
3.08300000000000,-0.146089503331613
3.08400000000000,-0.515247505015760
3.08500000000000,-0.805249678248085
3.08600000000000,-0.971389756863548
3.08700000000000,-0.987972351001634
3.08800000000000,-0.852311700540841
3.08900000000000,-0.585192989438237
3.09000000000000,-0.227713615345231
3.09100000000000,0.165019633156279
3.09200000000000,0.532374041144111
3.09300000000000,0.817550893830929
3.09400000000000,0.976377156435919
3.09500000000000,0.984166619371546
3.09600000000000,0.839581941758101
3.09700000000000,0.564889595847622
3.09800000000000,0.202556565790569
3.09900000000000,-0.191295110231362
3.10000000000000,-0.555570233019558
3.10100000000000,-0.833677446508609
3.10200000000000,-0.982331374143764
3.10300000000000,-0.978309236720556
3.10400000000000,-0.822104295819061
3.10500000000000,-0.537897471514329
3.10600000000000,-0.169839717026685
3.10700000000000,0.224787368750133
3.10800000000000,0.584476277063752
3.10900000000000,0.853081007519568
3.11000000000000,0.988592675057274
3.11100000000000,0.969729944118277
3.11200000000000,0.799307245506700
3.11300000000000,0.503843705482862
3.11400000000000,0.129461922635570
3.11500000000000,-0.265293191379520
3.11600000000000,-0.618600397957951
3.11700000000000,-0.875045618317301
3.11800000000000,-0.994325882458123
3.11900000000000,-0.957604677979670
3.12000000000000,-0.770513242775730
3.12100000000000,-0.462315519989339
3.12200000000000,-0.0813557754288467
3.12300000000000,0.312506932344347
3.12400000000000,0.657296329215930
3.12500000000000,0.898674465693938
3.12600000000000,0.998519156988303
3.12700000000000,0.940967202647455
3.12800000000000,0.734961937835329
3.12900000000000,0.412891830591990
3.13000000000000,0.0255226685586956
3.13100000000000,-0.365987617290649
3.13200000000000,-0.699738156080912
3.13300000000000,-0.922877025148371
3.13400000000000,-0.999986154827525
3.13500000000000,-0.918726608037303
3.13600000000000,-0.691840782940327
3.13700000000000,-0.355182421761306
3.13800000000000,0.0379256336563565
3.13900000000000,0.425121828469116
3.14000000000000,0.744894056591635
3.14100000000000,0.946358506043974
3.14200000000000,0.997373587289907
3.14300000000000,0.889692444400844
3.14400000000000,0.640324219756796
3.14500000000000,0.288875152039631
3.14600000000000,-0.108719402427991
3.14700000000000,-0.489083721125313
3.14800000000000,-0.791500953661305
3.14900000000000,-0.967613963663150
3.15000000000000,-0.989176509964785
3.15100000000000,-0.852609385168869
3.15200000000000,-0.579622561445086
3.15300000000000,-0.213791296635968
3.15400000000000,0.186378284506055
3.15500000000000,0.556794070242987
3.15600000000000,0.838042632532496
3.15700000000000,0.984929874311755
3.15800000000000,0.973763906790354
3.15900000000000,0.806203300143144
3.16000000000000,0.509041415750409
3.16100000000000,0.129948649869765
3.16200000000000,-0.270155160321223
3.16300000000000,-0.626880912763282
3.16400000000000,-0.882734462519975
3.16500000000000,-0.996396363346438
3.16600000000000,-0.949417257013303
3.16700000000000,-0.749240437307939
3.16800000000000,-0.428052022860870
3.16900000000000,-0.0376313195958851
3.17000000000000,0.358978899705223
3.17100000000000,0.697645111737047
3.17200000000000,0.923518451602129
3.17300000000000,0.999933579647032
3.17400000000000,0.914384722084695
3.17500000000000,0.680600997795387
3.17600000000000,0.336372161619049
3.17700000000000,-0.0625357667696640
3.17800000000000,-0.451399345398349
3.17900000000000,-0.767034989406909
3.18000000000000,-0.958072899462324
3.18100000000000,-0.993335853683572
3.18200000000000,-0.866953294997163
3.18300000000000,-0.599367687376538
3.18400000000000,-0.234056275775105
3.18500000000000,0.169510762814351
3.18600000000000,0.545538931201299
3.18700000000000,0.832634996186001
3.18800000000000,0.983841318939453
3.18900000000000,0.974337172982467
3.19000000000000,0.805540637939708
3.19100000000000,0.504928783983789
3.19200000000000,0.121592167483678
3.19300000000000,-0.281761672457970
3.19400000000000,-0.639056486479677
3.19500000000000,-0.891674114018542
3.19600000000000,-0.998085463834205
3.19700000000000,-0.940701056949449
3.19800000000000,-0.728807314576135
3.19900000000000,-0.397093829735905
3.20000000000000,-2.74320883009007e-14
3.20100000000000,0.397201950155547
3.20200000000000,0.729129899796901
3.20300000000000,0.941060216522178
3.20400000000000,0.997967106510798
3.20500000000000,0.890337002109172
3.20600000000000,0.635788626625975
3.20700000000000,0.276218215361697
3.20800000000000,-0.129072518382135
3.20900000000000,-0.513142459086431
3.21000000000000,-0.812465279758866
3.21100000000000,-0.977446773469675
3.21200000000000,-0.980662507947572
3.21300000000000,-0.821444188969386
3.21400000000000,-0.526043236423182
3.21500000000000,-0.143330688741585
3.21600000000000,0.263266948618856
3.21700000000000,0.626268803920749
3.21800000000000,0.885340885399697
3.21900000000000,0.997337913737627
3.22000000000000,0.943512164028177
3.22100000000000,0.732680998246128
3.22200000000000,0.399813180339489
3.22300000000000,0.000255254400388412
3.22400000000000,-0.399453202857485
3.22500000000000,-0.732654271672387
3.22600000000000,-0.943694183945928
3.22700000000000,-0.997236749339535
3.22800000000000,-0.884206250974718
3.22900000000000,-0.623356017769469
3.23000000000000,-0.258186792737750
3.23100000000000,0.150283825254849
3.23200000000000,0.533703077400013
3.23300000000000,0.827819302615829
3.23400000000000,0.983259678141897
3.23500000000000,0.973839810974058
3.23600000000000,0.801003116781822
3.23700000000000,0.493632633541018
3.23800000000000,0.103252588016155
3.23900000000000,-0.304587938091737
3.24000000000000,-0.661311865323757
3.24100000000000,-0.906848263585005
3.24200000000000,-0.999763357810066
3.24300000000000,-0.924277272674294
3.24400000000000,-0.692974122577323
3.24500000000000,-0.344735081494374
3.24600000000000,0.0617714841101522
3.24700000000000,0.457957313086643
3.24800000000000,0.776882284176890
3.24900000000000,0.964572960190077
3.25000000000000,0.989176509964789
3.25100000000000,0.846394227986533
3.25200000000000,0.560263174991963
3.25300000000000,0.179139205776128
3.25400000000000,-0.232452435533155
3.25500000000000,-0.604729438671355
3.25600000000000,-0.874484288652932
3.25700000000000,-0.995829445665495
3.25800000000000,-0.948026958244014
3.25900000000000,-0.739062604922581
3.26000000000000,-0.404343595528631
3.26100000000000,-0.000726493237138388
3.26200000000000,0.403122073148489
3.26300000000000,0.738400907534735
3.26400000000000,0.947901932221215
3.26500000000000,0.995789942327037
3.26600000000000,0.873759490505594
3.26700000000000,0.602506511237357
3.26800000000000,0.228248915914423
3.26900000000000,-0.185124223801859
3.27000000000000,-0.566945504900131
3.27100000000000,-0.851849229045798
3.27200000000000,-0.990973843299536
3.27300000000000,-0.960364868100509
3.27400000000000,-0.765129339486616
3.27500000000000,-0.438616238538596
3.27600000000000,-0.0367483579300689
3.27700000000000,0.371535957733779
3.27800000000000,0.716100964498478
3.27900000000000,0.937666972431418
3.28000000000000,0.998026728428264
3.28100000000000,0.886661018453544
3.28200000000000,0.622603416710644
3.28300000000000,0.251218441723817
3.28400000000000,-0.163567022418965
3.28500000000000,-0.550253050181352
3.28600000000000,-0.842090178864334
3.28700000000000,-0.988613366787532
3.28800000000000,-0.964391431745624
3.28900000000000,-0.773471131798789
3.29000000000000,-0.448734192214253
3.29100000000000,-0.0462630682763754
3.29200000000000,0.364324220483465
3.29300000000000,0.711908082699666
3.29400000000000,0.936191496929920
3.29500000000000,0.998177833375242
3.29600000000000,0.886978594882129
3.29700000000000,0.621757973959006
3.29800000000000,0.248461663233013
3.29900000000000,-0.168117336025515
3.30000000000000,-0.555570233019609
3.30100000000000,-0.846456962489863
3.30200000000000,-0.990056829305554
3.30300000000000,-0.961235833769233
3.30400000000000,-0.764876430741904
3.30500000000000,-0.435083779232237
3.30600000000000,-0.0292911613766930
3.30700000000000,0.381721787716950
3.30800000000000,0.726166817131174
3.30900000000000,0.943791577286524
3.31000000000000,0.996437878800090
3.31100000000000,0.874760343157325
3.31200000000000,0.599917650150989
3.31300000000000,0.219924950226624
3.31400000000000,-0.198709427325542
3.31500000000000,-0.582610690797610
3.31600000000000,-0.864397687111564
3.31700000000000,-0.994522579484164
3.31800000000000,-0.950007478683982
3.31900000000000,-0.738533303968173
3.32000000000000,-0.397147890634657
3.32100000000000,0.0141955949895364
3.32200000000000,0.423148094312868
3.32300000000000,0.757683172334994
3.32400000000000,0.958789987593591
3.32500000000000,0.990902635427784
3.32600000000000,0.848219155411377
3.32700000000000,0.555782451197883
3.32800000000000,0.165116461182745
3.32900000000000,-0.254827686330752
3.33000000000000,-0.629828897065499
3.33100000000000,-0.893515440895682
3.33200000000000,-0.999127209828743
3.33300000000000,-0.927833812679706
3.33400000000000,-0.692124277994595
3.33500000000000,-0.333652615412665
3.33600000000000,0.0840952459318155
3.33700000000000,0.487027205767711
3.33800000000000,0.803581661820952
3.33900000000000,0.977446773469685
3.34000000000000,0.977599937764805
3.34100000000000,0.803873730420028
3.34200000000000,0.487044354583564
3.34300000000000,0.0834104370717698
3.34400000000000,-0.335188484605246
3.34500000000000,-0.694148155188037
3.34600000000000,-0.929400139666454
3.34700000000000,-0.998864761402029
3.34800000000000,-0.890005993239780
3.34900000000000,-0.622126983661557
3.35000000000000,-0.242980179903332
3.35100000000000,0.179718694680795
3.35200000000000,0.570369555449496
3.35300000000000,0.859007928633183
3.35400000000000,0.993848396719676
3.35500000000000,0.950600420135264
3.35600000000000,0.736876303722531
3.35700000000000,0.390885756689864
3.35800000000000,-0.0253656397815152
3.35900000000000,-0.437168745235000
3.36000000000000,-0.770513242775692
3.36100000000000,-0.965397001991452
3.36200000000000,-0.986647596340282
3.36300000000000,-0.830300558355837
3.36400000000000,-0.524372353429454
3.36500000000000,-0.123872088697037
3.36600000000000,0.299065774107016
3.36700000000000,0.668162128652075
3.36800000000000,0.916753586699800
3.36900000000000,0.999849706460429
3.37000000000000,0.902303322196573
3.37100000000000,0.641605271974636
3.37200000000000,0.264782006586281
3.37300000000000,-0.160059933641439
3.37400000000000,-0.556027273328661
3.37500000000000,-0.851355193105263
3.37600000000000,-0.992426564387677
3.37700000000000,-0.953531110149078
3.37800000000000,-0.741583725584721
3.37900000000000,-0.394930265964656
3.38000000000000,0.0235597648336130
3.38100000000000,0.437874981337539
3.38200000000000,0.772661560632370
3.38300000000000,0.966936424911246
3.38400000000000,0.985217157934574
3.38500000000000,0.824033499586436
3.38600000000000,0.512619928844727
3.38700000000000,0.107645818030171
3.38800000000000,-0.317072927752778
3.38900000000000,-0.684017334501429
3.39000000000000,-0.926117682702258
3.39100000000000,-0.999030343008960
3.39200000000000,-0.889288692792395
3.39300000000000,-0.616824683342605
3.39400000000000,-0.231382857134454
3.39500000000000,0.196534435502306
3.39600000000000,0.588547471679049
3.39700000000000,0.872754923954441
3.39800000000000,0.996935792549169
3.39900000000000,0.938170946317264
3.40000000000000,0.707106781186590
3.40100000000000,0.346061792445615
3.40200000000000,-0.0786939866607044
3.40300000000000,-0.489083721125191
3.40400000000000,-0.809570609531560
3.40500000000000,-0.981071511040782
3.40600000000000,-0.971872696062185
3.40700000000000,-0.783526747600152
3.40800000000000,-0.450628266130310
3.40900000000000,-0.0344917716214728
3.41000000000000,0.388118861431155
3.41100000000000,0.739141960753006
3.41200000000000,0.953643445990171
3.41300000000000,0.991849194322370
3.41400000000000,0.846551042217078
3.41500000000000,0.544501800574004
3.41600000000000,0.141523254293911
3.41700000000000,-0.287784689492539
3.41800000000000,-0.663841373377762
3.41900000000000,-0.916839841014420
3.42000000000000,-0.999722430218001
3.42100000000000,-0.896962461025532
3.42200000000000,-0.627507923010155
3.42300000000000,-0.241322779027267
3.42400000000000,0.189849477314112
3.42500000000000,0.585797857456525
3.42600000000000,0.872764508758326
3.42700000000000,0.997198694167720
3.42800000000000,0.935776757511499
3.42900000000000,0.699808288706488
3.43000000000000,0.333189830368468
3.43100000000000,-0.0957306561454455
3.43200000000000,-0.506876529673578
3.43300000000000,-0.823387772904541
3.43400000000000,-0.986000402728189
3.43500000000000,-0.964167787580439
3.43600000000000,-0.761832336599983
3.43700000000000,-0.416750860571144
3.43800000000000,0.00651875858712953
3.43900000000000,0.428673002688812
3.44000000000000,0.770513242775689
3.44100000000000,0.967811926862093
3.44200000000000,0.983402482094793
3.44300000000000,0.814213057962296
3.44400000000000,0.491906993966443
3.44500000000000,0.0769909292291674
3.44600000000000,-0.352519554869486
3.44700000000000,-0.715758249903116
3.44800000000000,-0.944238532052707
3.44900000000000,-0.994786136189842
3.45000000000000,-0.857728610000311
3.45100000000000,-0.558782264688160
3.45200000000000,-0.154262048419920
3.45300000000000,0.279500160515372
3.45400000000000,0.660545644142248
3.45500000000000,0.916777114845210
3.45600000000000,0.999617873256884
3.45700000000000,0.893250783939338
3.45800000000000,0.617674331094137
3.45900000000000,0.224978688947610
3.46000000000000,-0.210471759821230
3.46100000000000,-0.606104669203965
3.46200000000000,-0.886797173921380
3.46300000000000,-0.999155679920546
3.46400000000000,-0.921700748569120
3.46500000000000,-0.669009000614374
3.46600000000000,-0.289006734279635
3.46700000000000,0.146089503331631
3.46800000000000,0.553478769517330
3.46900000000000,0.855530349633559
3.47000000000000,0.994590096071831
3.47100000000000,0.944012032415500
3.47200000000000,0.713299380113805
3.47300000000000,0.346356523268942
3.47400000000000,-0.0868340809769232
3.47500000000000,-0.503538383725686
3.47600000000000,-0.824066870180877
3.47700000000000,-0.987025457306438
3.47800000000000,-0.961100370530597
3.47900000000000,-0.751110043706415
3.48000000000000,-0.397147890634770
3.48100000000000,0.0330396136744673
3.48200000000000,0.456997023030660
3.48300000000000,0.793357324608511
3.48400000000000,0.977467501496153
3.48500000000000,0.973839810974064
3.48600000000000,0.783026279946587
3.48700000000000,0.441578279374873
3.48800000000000,0.0150790732360833
3.48900000000000,-0.414429189941207
3.49000000000000,-0.764218316080238
3.49100000000000,-0.966816143365117
3.49200000000000,-0.983044335007728
3.49300000000000,-0.809628236430446
3.49400000000000,-0.479894318236396
3.49500000000000,-0.0574006728919319
3.49600000000000,0.376288946123244
3.49700000000000,0.737340711660846
3.49800000000000,0.955862269885950
3.49900000000000,0.989454177169198
3.50000000000000,0.831469612302548
3.50100000000000,0.512367023436434
3.50200000000000,0.0938737369466913
3.50300000000000,-0.342928173882225
3.50400000000000,-0.713299380113735
3.50500000000000,-0.945287497097691
3.50600000000000,-0.993726020948180
3.50700000000000,-0.849060446917275
3.50800000000000,-0.539270611432784
3.50900000000000,-0.124495543548004
3.51000000000000,0.314613786192895
3.51100000000000,0.692563484379460
3.51200000000000,0.935665940960478
3.51300000000000,0.996426278674611
3.51400000000000,0.862853504740399
3.51500000000000,0.560864792139017
3.51600000000000,0.149293740221290
3.51700000000000,-0.291543320830844
3.51800000000000,-0.675506561807712
3.51900000000000,-0.927467179741149
3.52000000000000,-0.998026728428279
3.52100000000000,-0.873233751893449
3.52200000000000,-0.577380341987171
3.52300000000000,-0.168310887679658
3.52400000000000,0.273858503876059
3.52500000000000,0.662415777590188
3.52600000000000,0.921059714907363
3.52700000000000,0.998901866549551
3.52800000000000,0.880510448964286
3.52900000000000,0.589007725930649
3.53000000000000,0.181591947673922
3.53100000000000,-0.261656487861475
3.53200000000000,-0.653499872744008
3.53300000000000,-0.916714366055361
3.53400000000000,-0.999327434106138
3.53500000000000,-0.884911439618718
3.53600000000000,-0.595888539271123
3.53700000000000,-0.189174707532431
3.53800000000000,0.254998562967070
3.53900000000000,0.648895447151676
3.54000000000000,0.914607159798611
3.54100000000000,0.999479683922047
3.54200000000000,0.886579288253806
3.54300000000000,0.598109567079376
3.54400000000000,0.191083109955128
3.54500000000000,-0.253916210003058
3.54600000000000,-0.648671322064387
3.54700000000000,-0.914821391496496
3.54800000000000,-0.999435067695489
3.54900000000000,-0.885569006835804
3.55000000000000,-0.595699304492491
3.55100000000000,-0.187323452765583
3.55200000000000,0.258414416344121
3.55300000000000,0.652830817857820
3.55400000000000,0.917348652394408
3.55500000000000,0.999170137939664
3.55600000000000,0.881847206642143
3.55700000000000,0.588626839478867
3.55800000000000,0.177883433516272
3.55900000000000,-0.268472215813558
3.56000000000000,-0.661311865323657
3.56100000000000,-0.922088724415595
3.56200000000000,-0.998561575636598
3.56300000000000,-0.875292611196550
3.56400000000000,-0.576803065399675
3.56500000000000,-0.162734032077135
3.56600000000000,0.284040446448759
3.56700000000000,0.673984946568075
3.56800000000000,0.928848352463236
3.56900000000000,0.997386370937775
3.57000000000000,0.865697969084167
3.57100000000000,0.560084258802080
3.57200000000000,0.141834244535741
3.57300000000000,-0.305036751869668
3.57400000000000,-0.690648939160841
3.57500000000000,-0.937339011912554
3.57600000000000,-0.995322300608250
3.57700000000000,-0.852773506635176
3.57800000000000,-0.538278123411564
3.57900000000000,-0.115138698021560
3.58000000000000,0.331337888462599
3.58100000000000,0.711025018986463
3.58200000000000,0.947173899260802
3.58300000000000,0.991948961737040
3.58400000000000,0.836152157574169
3.58500000000000,0.511152459188063
3.58600000000000,0.0826081823296048
3.58700000000000,-0.362769447456791
3.58800000000000,-0.734748867545329
3.58900000000000,-0.957864488480608
3.59000000000000,-0.986749735591967
3.59100000000000,-0.815396896144303
3.59200000000000,-0.478446660179964
3.59300000000000,-0.0442231244381824
3.59400000000000,0.399093163774695
3.59500000000000,0.761361531936650
3.59600000000000,0.968817115611738
3.59700000000000,0.979115166601054
3.59800000000000,0.790010577621495
3.59900000000000,0.439886270902094
3.60000000000000,5.19312140902137e-14
3.60100000000000,-0.439992067283272
3.60200000000000,-0.790299403263195
3.60300000000000,-0.979330179429553
3.60400000000000,-0.968348346287619
3.60500000000000,-0.759448750236541
3.60600000000000,-0.395200831585641
3.60700000000000,0.0499893845400717
3.60800000000000,0.485053841237419
3.60900000000000,0.820883913362406
3.61000000000000,0.988592675057249
3.61100000000000,0.953672985994700
3.61200000000000,0.723135938744926
3.61300000000000,0.344145210869138
3.61400000000000,-0.105595900262803
3.61500000000000,-0.533752890663045
3.61600000000000,-0.852311700540748
3.61700000000000,-0.995684906514082
3.61800000000000,-0.934244938951616
3.61900000000000,-0.680485904335384
3.62000000000000,-0.286524552727699
3.62100000000000,0.166568690086622
3.62200000000000,0.585431792066096
3.62300000000000,0.883646160153777
3.62400000000000,0.999582347417265
3.62500000000000,0.909167983090544
3.62600000000000,0.630926349002960
3.62700000000000,0.222222844922789
3.62800000000000,-0.232528823251462
3.62900000000000,-0.639282995021261
3.63000000000000,-0.913811470467028
3.63100000000000,-0.999163727561735
3.63200000000000,-0.877514690197246
3.63300000000000,-0.573928444534135
3.63400000000000,-0.151234941486110
3.63500000000000,0.302941709644456
3.63600000000000,0.694331872900852
3.63700000000000,0.941590360007090
3.63800000000000,0.993224504953587
3.63900000000000,0.838353171459256
3.64000000000000,0.509041415750434
3.64100000000000,0.0737016351708503
3.64200000000000,-0.377089246174617
3.64300000000000,-0.749422467695593
3.64400000000000,-0.965627047367789
3.64500000000000,-0.980496922821170
3.64600000000000,-0.790780389304371
3.64700000000000,-0.435932183430079
3.64800000000000,0.0100529271569039
3.64900000000000,0.454042983568454
3.65000000000000,0.803207531480611
3.65100000000000,0.984436921637695
3.65200000000000,0.959677830644870
3.65300000000000,0.733962544281253
3.65400000000000,0.354429764199550
3.65500000000000,-0.0994825640003861
3.65600000000000,-0.532639953586738
3.65700000000000,-0.854144718205027
3.65800000000000,-0.996424619977170
3.65900000000000,-0.929465345857067
3.66000000000000,-0.667182766904524
3.66100000000000,-0.264573724771729
3.66200000000000,0.193780626683047
3.66300000000000,0.611463169460743
3.66400000000000,0.900501001588652
3.66500000000000,0.999912172408589
3.66600000000000,0.888605224933252
3.66700000000000,0.589895952177464
3.66800000000000,0.166665492538340
3.66900000000000,-0.291843817879803
3.67000000000000,-0.688829184640848
3.67100000000000,-0.940367558839152
3.67200000000000,-0.993178792272190
3.67300000000000,-0.835947474630026
3.67400000000000,-0.501790056217199
3.67500000000000,-0.0613207363022788
3.67600000000000,0.392240790970620
3.67700000000000,0.762785436532682
3.67800000000000,0.971687429706722
3.67900000000000,0.974513660457577
3.68000000000000,0.770513242775752
3.68100000000000,0.402852522859469
3.68200000000000,-0.0504796386342385
3.68300000000000,-0.493188594773478
3.68400000000000,-0.831120373127543
3.68500000000000,-0.992298193912400
3.68600000000000,-0.942282647365203
3.68700000000000,-0.691571363815743
3.68800000000000,-0.293439724767820
3.68900000000000,0.167343064668976
3.69000000000000,0.592540530788881
3.69100000000000,0.891389512119534
3.69200000000000,0.999991660195874
3.69300000000000,0.895009304825879
3.69400000000000,0.598723085273348
3.69500000000000,0.174346402056388
3.69600000000000,-0.287427387773997
3.69700000000000,-0.687789406834045
3.69800000000000,-0.940960556078401
3.69900000000000,-0.992592077780989
3.70000000000000,-0.831469612302595
3.70100000000000,-0.491992467238921
3.70200000000000,-0.0468710915225277
3.70300000000000,0.408416092879767
3.70400000000000,0.776090434652828
3.70500000000000,0.977080418371322
3.70600000000000,0.968053618175982
3.70700000000000,0.750798859226865
3.70800000000000,0.371918744712557
3.70900000000000,-0.0871274890369170
3.71000000000000,-0.527511936058197
3.71100000000000,-0.854308049986250
3.71200000000000,-0.996966434250048
3.71300000000000,-0.924576791164080
3.71400000000000,-0.652607686277765
3.71500000000000,-0.239645611196888
3.71600000000000,0.225189131146971
3.71700000000000,0.641454652639728
3.71800000000000,0.919090642048661
3.71900000000000,0.997923073346973
3.72000000000000,0.860742027003944
3.72100000000000,0.537102714276013
3.72200000000000,0.0970009882823629
3.72300000000000,-0.364232791295800
3.72400000000000,-0.746568515431810
3.72500000000000,-0.966976471044852
3.72600000000000,-0.977484077134114
3.72700000000000,-0.775656873487865
3.72800000000000,-0.405205412759327
3.72900000000000,0.0534405105407334
3.73000000000000,0.500566705168827
3.73100000000000,0.838845192866538
3.73200000000000,0.994532836110268
3.73300000000000,0.933578080964453
3.73400000000000,0.669111150643652
3.73500000000000,0.258660992394703
3.73600000000000,-0.208321398074572
3.73700000000000,-0.629935649058153
3.73800000000000,-0.914066474505821
3.73900000000000,-0.998528754887111
3.74000000000000,-0.864713440520163
3.74100000000000,-0.541732049878926
3.74200000000000,-0.100127282257130
3.74300000000000,0.363501231489130
3.74400000000000,0.747612658169084
3.74500000000000,0.967969867590559
3.74600000000000,0.976138981306245
3.74700000000000,0.770175208163575
3.74800000000000,0.395128684104213
3.74900000000000,-0.0667680406333494
3.75000000000000,-0.514102744193193
3.75100000000000,-0.848541384725507
3.75200000000000,-0.996457720935347
3.75300000000000,-0.925174116983122
3.75400000000000,-0.650224097561361
3.75500000000000,-0.232013178341532
3.75600000000000,0.237414633185718
3.75700000000000,0.654613830211971
3.75800000000000,0.927533239651611
3.75900000000000,0.995847340301124
3.76000000000000,0.844327925501904
3.76100000000000,0.506284010633852
3.76200000000000,0.0562832900921682
3.76300000000000,-0.406264236585287
3.76400000000000,-0.779053540910105
3.76500000000000,-0.979520377678238
3.76600000000000,-0.963155526163150
3.76700000000000,-0.733428883426958
3.76800000000000,-0.341101539218765
3.76900000000000,0.126949916919084
3.77000000000000,0.566945504900156
3.77100000000000,0.881207555962370
3.77200000000000,0.999861384608679
3.77300000000000,0.896406185281108
3.77400000000000,0.593678744533152
3.77500000000000,0.158858143333932
3.77600000000000,-0.311406281630823
3.77700000000000,-0.712459426725867
3.77800000000000,-0.954934507014428
3.77900000000000,-0.984691227775075
3.78000000000000,-0.794944353387451
3.78100000000000,-0.427856816006390
3.78200000000000,0.0347861191850510
3.78300000000000,0.489768623425054
3.78400000000000,0.835462235198847
3.78500000000000,0.994538985484837
3.78600000000000,0.931300785247503
3.78700000000000,0.659734468569180
3.78800000000000,0.240465226085407
3.78900000000000,-0.232738882079308
3.79000000000000,-0.653915916107741
3.79100000000000,-0.928637256808586
3.79200000000000,-0.995200110890913
3.79300000000000,-0.838524386931217
3.79400000000000,-0.493615557504937
3.79500000000000,-0.0377882875027960
3.79600000000000,0.426631881742844
3.79700000000000,0.795265870524953
3.79800000000000,0.985149808649358
3.79900000000000,0.953436408612896
3.80000000000000,0.707106781186550
3.80100000000000,0.301481796334727
3.80200000000000,-0.172161206421341
3.80300000000000,-0.607103700516253
3.80400000000000,-0.905227938072193
3.80500000000000,-0.999170137939666
3.80600000000000,-0.867578904892312
3.80700000000000,-0.540014486346738
3.80800000000000,-0.0903544732799579
3.80900000000000,0.379833586408335
3.81000000000000,0.764218316080278
3.81100000000000,0.975758024808333
3.81200000000000,0.966438879865895
3.81300000000000,0.738215504703629
3.81400000000000,0.342651494176204
3.81500000000000,-0.130688415258032
3.81600000000000,-0.574491079947479
3.81700000000000,-0.888019110098734
3.81800000000000,-0.999994297224627
3.81900000000000,-0.884838267398978
3.82000000000000,-0.568561850734248
3.82100000000000,-0.122936814805165
3.82200000000000,0.350754979827164
3.82300000000000,0.744723730987912
3.82400000000000,0.969205127279849
3.82500000000000,0.972939952205573
3.82600000000000,0.754921373095601
3.82700000000000,0.364708184715494
3.82800000000000,-0.108797476362605
3.82900000000000,-0.557576692551932
3.83000000000000,-0.879129224089310
3.83100000000000,-0.999900902905166
3.83200000000000,-0.892144711521376
3.83300000000000,-0.580342345492331
3.83400000000000,-0.135689634669946
3.83500000000000,0.340123113750873
3.83600000000000,0.738149275887436
3.83700000000000,0.967136416977637
3.83800000000000,0.974474003182735
3.83900000000000,0.758323517797325
3.84000000000000,0.368124552684735
3.84100000000000,-0.106669723241365
3.84200000000000,-0.557071305576682
3.84300000000000,-0.879568661323889
3.84400000000000,-0.999932443318540
3.84500000000000,-0.890337002109153
3.84600000000000,-0.575840297454472
3.84700000000000,-0.128702565904161
3.84800000000000,0.348179408991247
3.84900000000000,0.744933355608260
3.85000000000000,0.970031253194544
3.85100000000000,0.971431709807007
3.85200000000000,0.748654956246652
3.85300000000000,0.352978874313826
3.85400000000000,-0.124320201828296
3.85500000000000,-0.572995480647938
3.85600000000000,-0.889288692792355
3.85700000000000,-0.999942323318831
3.85800000000000,-0.879204074800156
3.85900000000000,-0.554868022775091
3.86000000000000,-0.101924455794956
3.86100000000000,0.374742117106031
3.86200000000000,0.764623404043555
3.86300000000000,0.977213975983622
3.86400000000000,0.963049837431857
3.86500000000000,0.725261729548517
3.86600000000000,0.318934496669754
3.86700000000000,-0.161610280055316
3.86800000000000,-0.604682523964931
3.86900000000000,-0.907178995618628
3.87000000000000,-0.998595067063181
3.87100000000000,-0.857496351716181
3.87200000000000,-0.516593106327653
3.87300000000000,-0.0552050468579202
3.87400000000000,0.419158952027508
3.87500000000000,0.795836904608845
3.87600000000000,0.986838787883191
3.87700000000000,0.947431782891977
3.87800000000000,0.686662575856726
3.87900000000000,0.265331053955256
3.88000000000000,-0.218143241396463
3.88100000000000,-0.650686419845199
3.88200000000000,-0.931014415913106
3.88300000000000,-0.993372013317243
3.88400000000000,-0.822997593561369
3.88500000000000,-0.459667050998389
3.88600000000000,0.0115450965135788
3.88700000000000,0.480152691343951
3.88800000000000,0.836152157574056
3.88900000000000,0.995858058653876
3.89000000000000,0.921609325799973
3.89100000000000,0.630697817095846
3.89200000000000,0.191391471043744
3.89300000000000,-0.293045517741359
3.89400000000000,-0.708604663182406
3.89500000000000,-0.957366777433833
3.89600000000000,-0.980600976535446
3.89700000000000,-0.772674025109006
3.89800000000000,-0.382465737758014
3.89900000000000,0.0980757613788349
3.90000000000000,0.555570233019585
3.90100000000000,0.881949030378201
3.90200000000000,0.999999972241738
3.90300000000000,0.881671232388313
3.90400000000000,0.554786344741205
3.90500000000000,0.0965515040974952
3.90600000000000,-0.384641726341955
3.90700000000000,-0.774838304469244
3.90800000000000,-0.981513782283080
3.90900000000000,-0.955544415024168
3.91000000000000,-0.702929335019895
3.91100000000000,-0.283456780567317
3.91200000000000,0.203402519124966
3.91300000000000,0.642056981540844
3.91400000000000,0.928236076013622
3.91500000000000,0.993798280642849
3.91600000000000,0.822997593561464
3.91700000000000,0.456315767065484
3.91800000000000,-0.0190840167819739
3.91900000000000,-0.490042499776910
3.92000000000000,-0.844327925502042
3.92100000000000,-0.997394876066157
3.92200000000000,-0.912595276399800
3.92300000000000,-0.610001687746297
3.92400000000000,-0.161707163506039
3.92500000000000,0.325310292162278
3.92600000000000,0.734695588641204
3.92700000000000,0.968519650386668
3.92800000000000,0.970733250293725
3.92900000000000,0.740647771135489
3.93000000000000,0.333189830368362
3.93100000000000,-0.154165048061070
3.93200000000000,-0.604682523965027
3.93300000000000,-0.910325521409638
3.93400000000000,-0.997682497857540
3.93500000000000,-0.845640497912060
3.93600000000000,-0.490538777371203
3.93700000000000,-0.0175331155636876
3.93800000000000,0.459789110083178
3.93900000000000,0.826672006238242
3.94000000000000,0.994792141761717
3.94100000000000,0.923556102477142
3.94200000000000,0.629950898371257
3.94300000000000,0.184545324726101
3.94400000000000,-0.305429408362268
3.94500000000000,-0.721873470098010
3.94600000000000,-0.964287496708702
3.94700000000000,-0.974053542945954
3.94800000000000,-0.748654956246533
3.94900000000000,-0.342374784746854
3.95000000000000,0.146730474455407
3.95100000000000,0.600467329598679
3.95200000000000,0.909061657994459
3.95300000000000,0.997736950151832
3.95400000000000,0.844874573905603
3.95500000000000,0.487335855718087
3.95600000000000,0.0116236310599851
3.95700000000000,-0.467009868081414
3.95800000000000,-0.832471845990610
3.95900000000000,-0.995999649230789
3.96000000000000,-0.917754625684029
3.96100000000000,-0.616577377970113
3.96200000000000,-0.165503757365524
3.96300000000000,0.325904370514792
3.96400000000000,0.738149275887214
3.96500000000000,0.970860433344599
3.96600000000000,0.967261109076966
3.96700000000000,0.728067446469555
3.96800000000000,0.311406281630682
3.96900000000000,-0.181263693017004
3.97000000000000,-0.629828897065507
3.97100000000000,-0.924801055765442
3.97200000000000,-0.994063936141531
3.97300000000000,-0.820547368191974
3.97400000000000,-0.446486751542641
3.97500000000000,0.0368072229413145
3.97600000000000,0.511203086444647
3.97700000000000,0.860612063901765
3.97800000000000,0.999411061416299
3.97900000000000,0.893462534303826
3.98000000000000,0.568561850734282
3.98100000000000,0.104209510499255
3.98200000000000,-0.385801381214745
3.98300000000000,-0.781252264701922
3.98400000000000,-0.985001105469419
3.98500000000000,-0.946877521409686
3.98600000000000,-0.676085469862876
3.98700000000000,-0.239035554331620
3.98800000000000,0.256896655259449
3.98900000000000,0.689725389528394
3.99000000000000,0.952860266367480
3.99100000000000,0.981382021824684
3.99200000000000,0.768104741290451
3.99300000000000,0.365439373563068
3.99400000000000,-0.127436803859525
3.99500000000000,-0.588975990387476
3.99600000000000,-0.905227938072104
3.99700000000000,-0.997993300178805
3.99800000000000,-0.844201650851911
3.99900000000000,-0.481702054541706
