time,value
0.00000000000000,3.00000000000000
0.00100000000000000,3.07524819265606
0.00200000000000000,3.14960011110048
0.00300000000000000,3.22217893991071
0.00400000000000000,3.29214631222069
0.00500000000000000,3.35872037295410
0.00600000000000000,3.42119248074526
0.00700000000000000,3.47894214717095
0.00800000000000000,3.53144985516110
0.00900000000000000,3.57830745048201
0.0100000000000000,3.61922585971054
0.0110000000000000,3.65403995367801
0.0120000000000000,3.68271044534413
0.0130000000000000,3.70532278374326
0.0140000000000000,3.72208307923816
0.0150000000000000,3.73331116801051
0.0160000000000000,3.73943099372391
0.0170000000000000,3.74095854989190
0.0180000000000000,3.73848768605738
0.0190000000000000,3.73267413297590
0.0200000000000000,3.72421814531243
0.0210000000000000,3.71384619384617
0.0220000000000000,3.70229216200668
0.0230000000000000,3.69027851317931
0.0240000000000000,3.67849789533268
0.0250000000000000,3.66759563813764
0.0260000000000000,3.65815357514636
0.0270000000000000,3.65067559034255
0.0280000000000000,3.64557524527983
0.0290000000000000,3.64316579115854
0.0300000000000000,3.64365281083226
0.0310000000000000,3.64712967034690
0.0320000000000000,3.65357588981118
0.0330000000000000,3.66285847089792
0.0340000000000000,3.67473614486930
0.0350000000000000,3.68886643251524
0.0360000000000000,3.70481533758033
0.0370000000000000,3.72206942985283
0.0380000000000000,3.74005001471084
0.0390000000000000,3.75812903403163
0.0400000000000000,3.77564630024795
0.0410000000000000,3.79192763204584
0.0420000000000000,3.80630343756161
0.0430000000000000,3.81812727951195
0.0440000000000000,3.82679395676213
0.0450000000000000,3.83175664840378
0.0460000000000000,3.83254268919169
0.0470000000000000,3.82876757861872
0.0480000000000000,3.82014686916794
0.0490000000000000,3.80650563130595
0.0500000000000000,3.78778525229247
0.0510000000000000,3.76404739141189
0.0520000000000000,3.73547498417148
0.0530000000000000,3.70237026063515
0.0540000000000000,3.66514981658326
0.0550000000000000,3.62433684879853
0.0560000000000000,3.58055073568560
0.0570000000000000,3.53449420991833
0.0580000000000000,3.48693842925838
0.0590000000000000,3.43870630363957
0.0600000000000000,3.39065447978245
0.0610000000000000,3.34365441793041
0.0620000000000000,3.29857301795952
0.0630000000000000,3.25625326355067
0.0640000000000000,3.21749535304152
0.0650000000000000,3.18303877399663
0.0660000000000000,3.15354575573218
0.0670000000000000,3.12958650056458
0.0680000000000000,3.11162655124406
0.0690000000000000,3.10001659994829
0.0700000000000000,3.09498498462821
0.0710000000000000,3.09663305288368
0.0720000000000000,3.10493350351324
0.0730000000000000,3.11973174315292
0.0740000000000000,3.14075022178175
0.0750000000000000,3.16759563813764
0.0760000000000000,3.19976883604455
0.0770000000000000,3.23667714702328
0.0780000000000000,3.27764887495648
0.0790000000000000,3.32194956646978
0.0800000000000000,3.36879966735444
0.0810000000000000,3.41739313185861
0.0820000000000000,3.46691652883563
0.0830000000000000,3.51656817711881
0.0840000000000000,3.56557684237701
0.0850000000000000,3.61321953909370
0.0860000000000000,3.65883800392205
0.0870000000000000,3.70185343994051
0.0880000000000000,3.74177917444595
0.0890000000000000,3.77823092481105
0.0900000000000000,3.81093442631978
0.0910000000000000,3.83973024131452
0.0920000000000000,3.86457563882909
0.0930000000000000,3.88554350642101
0.0940000000000000,3.90281832936711
0.0950000000000000,3.91668934493809
0.0960000000000000,3.92754104933268
0.0970000000000000,3.93584130030892
0.0980000000000000,3.94212731798570
0.0990000000000000,3.94698993823813
0.100000000000000,3.95105651629515
0.101000000000000,3.95497291150325
0.102000000000000,3.95938500692454
0.103000000000000,3.96492022893104
0.104000000000000,3.97216953195721
0.105000000000000,3.98167030207880
0.106000000000000,3.99389061038202
0.107000000000000,4.00921521373144
0.108000000000000,4.02793365736002
0.109000000000000,4.05023078175472
0.110000000000000,4.07617987687493
0.111000000000000,4.10573866128452
0.112000000000000,4.13874819391318
0.113000000000000,4.17493475361095
0.114000000000000,4.21391464820956
0.115000000000000,4.25520184226464
0.116000000000000,4.29821822281252
0.117000000000000,4.34230625705532
0.118000000000000,4.38674373650119
0.119000000000000,4.43076025019669
0.120000000000000,4.47355498657585
0.121000000000000,4.51431543017838
0.122000000000000,4.55223649687992
0.123000000000000,4.58653963988845
0.124000000000000,4.61649145887645
0.125000000000000,4.64142135623731
0.126000000000000,4.66073780729294
0.127000000000000,4.67394284477821
0.128000000000000,4.68064440126396
0.129000000000000,4.68056620528936
0.130000000000000,4.67355498657585
0.131000000000000,4.65958481132377
0.132000000000000,4.63875843863521
0.133000000000000,4.61130566184091
0.134000000000000,4.57757867214601
0.135000000000000,4.53804455473926
0.136000000000000,4.49327509754304
0.137000000000000,4.44393415839653
0.138000000000000,4.39076289604720
0.139000000000000,4.33456322241160
0.140000000000000,4.27617987687492
0.141000000000000,4.21648155686570
0.142000000000000,4.15634156174406
0.143000000000000,4.09661841862120
0.144000000000000,4.03813695879852
0.145000000000000,3.98167030207880
0.146000000000000,3.92792318354071
0.147000000000000,3.87751702404128
0.148000000000000,3.83097710254050
0.149000000000000,3.78872213639227
0.150000000000000,3.75105651629515
0.151000000000000,3.71816537711106
0.152000000000000,3.69011261585168
0.153000000000000,3.66684189552334
0.154000000000000,3.64818059999920
0.155000000000000,3.63384663246347
0.156000000000000,3.62345788003362
0.157000000000000,3.61654410163543
0.158000000000000,3.61256093669507
0.159000000000000,3.61090568018745
0.160000000000000,3.61093442631978
0.161000000000000,3.61198014970007
0.162000000000000,3.61337127006191
0.163000000000000,3.61445023505075
0.164000000000000,3.61459165550555
0.165000000000000,3.61321953909370
0.166000000000000,3.60982319079351
0.167000000000000,3.60397138200858
0.168000000000000,3.59532443321967
0.169000000000000,3.58364390696959
0.170000000000000,3.56879966735444
0.171000000000000,3.55077412759685
0.172000000000000,3.52966357709050
0.173000000000000,3.50567655180886
0.174000000000000,3.47912928537804
0.175000000000000,3.45043835061226
0.176000000000000,3.42011067111524
0.177000000000000,3.38873114793851
0.178000000000000,3.35694820564726
0.179000000000000,3.32545761401075
0.180000000000000,3.29498498462821
0.181000000000000,3.26626737505928
0.182000000000000,3.24003445562810
0.183000000000000,3.21698970545434
0.184000000000000,3.19779210414867
0.185000000000000,3.18303877399663
0.186000000000000,3.17324900462502
0.187000000000000,3.16885005866091
0.188000000000000,3.17016511357547
0.189000000000000,3.17740364281943
0.190000000000000,3.19065447978245
0.191000000000000,3.20988174251250
0.192000000000000,3.23492372712436
0.193000000000000,3.26549480513275
0.194000000000000,3.30119028635212
0.195000000000000,3.34149413632391
0.196000000000000,3.38578936724978
0.197000000000000,3.43337085584956
0.198000000000000,3.48346028203746
0.199000000000000,3.53522283028482
0.200000000000000,3.58778525229247
0.201000000000000,3.64025485619497
0.202000000000000,3.69173896478390
0.203000000000000,3.74136437372896
0.204000000000000,3.78829634077519
0.205000000000000,3.83175664840378
0.206000000000000,3.87104030517862
0.207000000000000,3.90553048440172
0.208000000000000,3.93471134194565
0.209000000000000,3.95817840715682
0.210000000000000,3.97564630024795
0.211000000000000,3.98695359515870
0.212000000000000,3.99206471684486
0.213000000000000,3.99106883463841
0.214000000000000,3.98417578691382
0.215000000000000,3.97170914498986
0.216000000000000,3.95409659420279
0.217000000000000,3.93185787568350
0.218000000000000,3.90559059194520
0.219000000000000,3.87595423147397
0.220000000000000,3.84365281083225
0.221000000000000,3.80941656626952
0.222000000000000,3.77398314966387
0.223000000000000,3.73807879523232
0.224000000000000,3.70239992356285
0.225000000000000,3.66759563813764
0.226000000000000,3.63425154691618
0.227000000000000,3.60287530828954
0.228000000000000,3.57388425762264
0.229000000000000,3.54759541873519
0.230000000000000,3.52421814531243
0.231000000000000,3.50384957184882
0.232000000000000,3.48647298392336
0.233000000000000,3.47195914510631
0.234000000000000,3.46007054439043
0.235000000000000,3.45046845553589
0.236000000000000,3.44272262990468
0.237000000000000,3.43632337895768
0.238000000000000,3.43069574321011
0.239000000000000,3.42521539255094
0.240000000000000,3.41922585971054
0.241000000000000,3.41205667537103
0.242000000000000,3.40304195077706
0.243000000000000,3.39153894228119
0.244000000000000,3.37694613232877
0.245000000000000,3.35872037295410
0.246000000000000,3.33639266063719
0.247000000000000,3.30958214480047
0.248000000000000,3.27800801548452
0.249000000000000,3.24149896776704
0.250000000000000,3.20000000000000
0.251000000000000,3.15357636847102
0.252000000000000,3.10241459103354
0.253000000000000,3.04682046487488
0.254000000000000,2.98721413711279
0.255000000000000,2.92412233952052
0.256000000000000,2.85816796858822
0.257000000000000,2.79005725761463
0.258000000000000,2.72056484697292
0.259000000000000,2.65051711064507
0.260000000000000,2.58077414028946
0.261000000000000,2.51221082143297
0.262000000000000,2.44569745903991
0.263000000000000,2.38208042114650
0.264000000000000,2.32216326917833
0.265000000000000,2.26668883198949
0.266000000000000,2.21632265785960
0.267000000000000,2.17163824521834
0.268000000000000,2.13310440955858
0.269000000000000,2.10107509191312
0.270000000000000,2.07578185468757
0.271000000000000,2.05732924502676
0.272000000000000,2.04569313585930
0.273000000000000,2.04072208203511
0.274000000000000,2.04214165533384
0.275000000000000,2.04956164938774
0.276000000000000,2.06248597552016
0.277000000000000,2.08032500487187
0.278000000000000,2.10241005258615
0.279000000000000,2.12800964771439
0.280000000000000,2.15634718916775
0.281000000000000,2.18661955454212
0.282000000000000,2.21801620580478
0.283000000000000,2.24973832421232
0.284000000000000,2.28101750671420
0.285000000000000,2.31113356748476
0.286000000000000,2.33943101083616
0.287000000000000,2.36533377503694
0.288000000000000,2.38835788967320
0.289000000000000,2.40812174107935
0.290000000000000,2.42435369975205
0.291000000000000,2.43689692908124
0.292000000000000,2.44571126457241
0.293000000000000,2.45087212527363
0.294000000000000,2.45256649257135
0.295000000000000,2.45108606407084
0.296000000000000,2.44681776014180
0.297000000000000,2.44023182616686
0.298000000000000,2.43186783296608
0.299000000000000,2.42231892982112
0.300000000000000,2.41221474770753
0.301000000000000,2.40220338369909
0.302000000000000,2.39293292021256
0.303000000000000,2.38503294425462
0.304000000000000,2.37909653183323
0.305000000000000,2.37566315120147
0.306000000000000,2.37520291589790
0.307000000000000,2.37810258519191
0.308000000000000,2.38465366635758
0.309000000000000,2.39504292124945
0.310000000000000,2.40934552021755
0.311000000000000,2.42752102094251
0.312000000000000,2.44941227990646
0.313000000000000,2.47474733166375
0.314000000000000,2.50314419762500
0.315000000000000,2.53411851352875
0.316000000000000,2.56709379493434
0.317000000000000,2.60141409464984
0.318000000000000,2.63635874662192
0.319000000000000,2.67115883892463
0.320000000000000,2.70501501537179
0.321000000000000,2.73711617200534
0.322000000000000,2.76665859210271
0.323000000000000,2.79286505195731
0.324000000000000,2.81500342980175
0.325000000000000,2.83240436186236
0.326000000000000,2.84447751237194
0.327000000000000,2.85072605786649
0.328000000000000,2.85075902942756
0.329000000000000,2.84430120864120
0.330000000000000,2.83120033264556
0.331000000000000,2.81143142926846
0.332000000000000,2.78509817329839
0.333000000000000,2.75243122766677
0.334000000000000,2.71378360695647
0.335000000000000,2.66962317338092
0.336000000000000,2.62052244541143
0.337000000000000,2.56714596484507
0.338000000000000,2.51023552768807
0.339000000000000,2.45059363631602
0.340000000000000,2.38906557368022
0.341000000000000,2.32652053379645
0.342000000000000,2.26383226555495
0.343000000000000,2.20185969846876
0.344000000000000,2.14142801904939
0.345000000000000,2.08331065506191
0.346000000000000,2.02821260225082
0.347000000000000,1.97675549480131
0.348000000000000,1.92946477763026
0.349000000000000,1.88675928665088
0.350000000000000,1.84894348370485
0.351000000000000,1.81620252736967
0.352000000000000,1.78860029094144
0.353000000000000,1.76608036628338
0.354000000000000,1.74847001870931
0.355000000000000,1.73548698544659
0.356000000000000,1.72674894028449
0.357000000000000,1.72178538148298
0.358000000000000,1.72005164050596
0.359000000000000,1.72094465711821
0.360000000000000,1.72382012312507
0.361000000000000,1.72801056360450
0.362000000000000,1.73284390170278
0.363000000000000,1.73766204149929
0.364000000000000,1.74183900337395
0.365000000000000,1.74479815773536
0.366000000000000,1.74602812560397
0.367000000000000,1.74509694783444
0.368000000000000,1.74166416788285
0.369000000000000,1.73549052491429
0.370000000000000,1.72644501342415
0.371000000000000,1.71450913094869
0.372000000000000,1.69977820525410
0.373000000000000,1.68245976489713
0.374000000000000,1.66286899045704
0.375000000000000,1.64142135623731
0.376000000000000,1.61862264204054
0.377000000000000,1.59505656000737
0.378000000000000,1.57137030087006
0.379000000000000,1.54825835583771
0.380000000000000,1.52644501342415
0.381000000000000,1.50666596378721
0.382000000000000,1.48964946574883
0.383000000000000,1.47609754304886
0.384000000000000,1.46666767627049
0.385000000000000,1.46195544526074
0.386000000000000,1.46247855404047
0.387000000000000,1.46866263671371
0.388000000000000,1.48082919956876
0.389000000000000,1.49918600247742
0.390000000000000,1.52382012312507
0.391000000000000,1.55469388200723
0.392000000000000,1.59164373612192
0.393000000000000,1.63438217659321
0.394000000000000,1.68250259186800
0.395000000000000,1.73548698544659
0.396000000000000,1.79271636712580
0.397000000000000,1.85348357117314
0.398000000000000,1.91700819532548
0.399000000000000,1.98245330248065
0.400000000000000,2.04894348370485
0.401000000000000,2.11558384777796
0.402000000000000,2.18147947976428
0.403000000000000,2.24575489958690
0.404000000000000,2.30757305158431
0.405000000000000,2.36615336753653
0.406000000000000,2.42078846838287
0.407000000000000,2.47085910325434
0.408000000000000,2.51584696768897
0.409000000000000,2.55534509492353
0.410000000000000,2.58906557368022
0.411000000000000,2.61684441142700
0.412000000000000,2.63864343207211
0.413000000000000,2.65454916973484
0.414000000000000,2.66476879382793
0.415000000000000,2.66962317338092
0.416000000000000,2.66953725853998
0.417000000000000,2.66502802277701
0.418000000000000,2.65669026891435
0.419000000000000,2.64518065415748
0.420000000000000,2.63120033264556
0.421000000000000,2.61547664751413
0.422000000000000,2.59874432729354
0.423000000000000,2.58172665308090
0.424000000000000,2.56511706303846
0.425000000000000,2.54956164938774
0.426000000000000,2.53564298046827
0.427000000000000,2.52386564717173
0.428000000000000,2.51464388996870
0.429000000000000,2.50829161087826
0.430000000000000,2.50501501537179
0.431000000000000,2.50490806381365
0.432000000000000,2.50795084223788
0.433000000000000,2.51401088976008
0.434000000000000,2.52284744651784
0.435000000000000,2.53411851352875
0.436000000000000,2.54739054604149
0.437000000000000,2.56215053655351
0.438000000000000,2.57782018429051
0.439000000000000,2.59377179605349
0.440000000000000,2.60934552021755
0.441000000000000,2.62386748237652
0.442000000000000,2.63666836849160
0.443000000000000,2.64710198997749
0.444000000000000,2.65456336523139
0.445000000000000,2.65850586367609
0.446000000000000,2.65845698116672
0.447000000000000,2.65403234904020
0.448000000000000,2.64494762234658
0.449000000000000,2.63102794482617
0.450000000000000,2.61221474770753
0.451000000000000,2.58856970493210
0.452000000000000,2.56027573735012
0.453000000000000,2.52763503105662
0.454000000000000,2.49106410855829
0.455000000000000,2.45108606407084
0.456000000000000,2.40832014415486
0.457000000000000,2.36346892038387
0.458000000000000,2.31730336018837
0.459000000000000,2.27064615397026
0.460000000000000,2.22435369975205
0.461000000000000,2.17929717995228
0.462000000000000,2.13634318753918
0.463000000000000,2.09633437025135
0.464000000000000,2.06007056150268
0.465000000000000,2.02829085501014
0.466000000000000,2.00165705738072
0.467000000000000,1.98073891942673
0.468000000000000,1.96600150367076
0.469000000000000,1.95779499341505
0.470000000000000,1.95634718916775
0.471000000000000,1.96175887260341
0.472000000000000,1.97400214820211
0.473000000000000,1.99292179998210
0.474000000000000,2.01823962710367
0.475000000000000,2.04956164938774
0.476000000000000,2.08638800375034
0.477000000000000,2.12812528692488
0.478000000000000,2.17410104024334
0.479000000000000,2.22358002013774
0.480000000000000,2.27578185468757
0.481000000000000,2.32989965304019
0.482000000000000,2.38511911169260
0.483000000000000,2.44063765000392
0.484000000000000,2.49568310719308
0.485000000000000,2.54953154446411
0.486000000000000,2.60152371851182
0.487000000000000,2.65107982593208
0.488000000000000,2.69771216117393
0.489000000000000,2.74103538256004
0.490000000000000,2.78077414028946
0.491000000000000,2.81676788575605
0.492000000000000,2.84897275135696
0.493000000000000,2.87746046250439
0.494000000000000,2.90241431700472
0.495000000000000,2.92412233952052
0.496000000000000,2.94296778869630
0.497000000000000,2.95941725998511
0.498000000000000,2.97400668664950
0.499000000000000,2.98732559336003
0.500000000000000,3.00000000000000
0.501000000000000,3.01267440663996
0.502000000000000,3.02599331335050
0.503000000000000,3.04058274001489
0.504000000000000,3.05703221130370
0.505000000000000,3.07587766047948
0.506000000000000,3.09758568299528
0.507000000000000,3.12253953749561
0.508000000000000,3.15102724864304
0.509000000000000,3.18323211424395
0.510000000000000,3.21922585971054
0.511000000000000,3.25896461743995
0.512000000000000,3.30228783882607
0.513000000000000,3.34892017406792
0.514000000000000,3.39847628148818
0.515000000000000,3.45046845553589
0.516000000000000,3.50431689280692
0.517000000000000,3.55936234999608
0.518000000000000,3.61488088830740
0.519000000000000,3.67010034695981
0.520000000000000,3.72421814531243
0.521000000000000,3.77641997986226
0.522000000000000,3.82589895975666
0.523000000000000,3.87187471307512
0.524000000000000,3.91361199624967
0.525000000000000,3.95043835061226
0.526000000000000,3.98176037289634
0.527000000000000,4.00707820001790
0.528000000000000,4.02599785179789
0.529000000000000,4.03824112739659
0.530000000000000,4.04365281083225
0.531000000000000,4.04220500658495
0.532000000000000,4.03399849632924
0.533000000000000,4.01926108057327
0.534000000000000,3.99834294261928
0.535000000000000,3.97170914498985
0.536000000000000,3.93992943849732
0.537000000000000,3.90366562974864
0.538000000000000,3.86365681246082
0.539000000000000,3.82070282004772
0.540000000000000,3.77564630024795
0.541000000000000,3.72935384602974
0.542000000000000,3.68269663981163
0.543000000000000,3.63653107961613
0.544000000000000,3.59167985584514
0.545000000000000,3.54891393592916
0.546000000000000,3.50893589144170
0.547000000000000,3.47236496894338
0.548000000000000,3.43972426264988
0.549000000000000,3.41143029506790
0.550000000000000,3.38778525229247
0.551000000000000,3.36897205517384
0.552000000000000,3.35505237765342
0.553000000000000,3.34596765095980
0.554000000000000,3.34154301883328
0.555000000000000,3.34149413632391
0.556000000000000,3.34543663476861
0.557000000000000,3.35289801002251
0.558000000000000,3.36333163150841
0.559000000000000,3.37613251762348
0.560000000000000,3.39065447978246
0.561000000000000,3.40622820394651
0.562000000000000,3.42217981570949
0.563000000000000,3.43784946344649
0.564000000000000,3.45260945395851
0.565000000000000,3.46588148647125
0.566000000000000,3.47715255348216
0.567000000000000,3.48598911023993
0.568000000000000,3.49204915776212
0.569000000000000,3.49509193618635
0.570000000000000,3.49498498462821
0.571000000000000,3.49170838912173
0.572000000000000,3.48535611003130
0.573000000000000,3.47613435282827
0.574000000000000,3.46435701953173
0.575000000000000,3.45043835061225
0.576000000000000,3.43488293696154
0.577000000000000,3.41827334691910
0.578000000000000,3.40125567270646
0.579000000000000,3.38452335248587
0.580000000000000,3.36879966735444
0.581000000000000,3.35481934584252
0.582000000000000,3.34330973108565
0.583000000000000,3.33497197722299
0.584000000000000,3.33046274146002
0.585000000000000,3.33037682661908
0.586000000000000,3.33523120617207
0.587000000000000,3.34545083026516
0.588000000000000,3.36135656792789
0.589000000000000,3.38315558857300
0.590000000000000,3.41093442631978
0.591000000000000,3.44465490507647
0.592000000000000,3.48415303231103
0.593000000000000,3.52914089674566
0.594000000000000,3.57921153161713
0.595000000000000,3.63384663246347
0.596000000000000,3.69242694841569
0.597000000000000,3.75424510041310
0.598000000000000,3.81852052023572
0.599000000000000,3.88441615222204
0.600000000000000,3.95105651629515
0.601000000000000,4.01754669751934
0.602000000000000,4.08299180467451
0.603000000000000,4.14651642882685
0.604000000000000,4.20728363287419
0.605000000000000,4.26451301455341
0.606000000000000,4.31749740813200
0.607000000000000,4.36561782340679
0.608000000000000,4.40835626387808
0.609000000000000,4.44530611799277
0.610000000000000,4.47617987687492
0.611000000000000,4.50081399752258
0.612000000000000,4.51917080043124
0.613000000000000,4.53133736328629
0.614000000000000,4.53752144595954
0.615000000000000,4.53804455473926
0.616000000000000,4.53333232372951
0.617000000000000,4.52390245695114
0.618000000000000,4.51035053425117
0.619000000000000,4.49333403621278
0.620000000000000,4.47355498657585
0.621000000000000,4.45174164416229
0.622000000000000,4.42862969912994
0.623000000000000,4.40494343999263
0.624000000000000,4.38137735795946
0.625000000000000,4.35857864376269
0.626000000000000,4.33713100954296
0.627000000000000,4.31754023510286
0.628000000000000,4.30022179474590
0.629000000000000,4.28549086905130
0.630000000000000,4.27355498657585
0.631000000000000,4.26450947508571
0.632000000000000,4.25833583211715
0.633000000000000,4.25490305216556
0.634000000000000,4.25397187439603
0.635000000000000,4.25520184226464
0.636000000000000,4.25816099662605
0.637000000000000,4.26233795850071
0.638000000000000,4.26715609829722
0.639000000000000,4.27198943639550
0.640000000000000,4.27617987687492
0.641000000000000,4.27905534288179
0.642000000000000,4.27994835949404
0.643000000000000,4.27821461851702
0.644000000000000,4.27325105971551
0.645000000000000,4.26451301455342
0.646000000000000,4.25152998129069
0.647000000000000,4.23391963371662
0.648000000000000,4.21139970905856
0.649000000000000,4.18379747263033
0.650000000000000,4.15105651629515
0.651000000000000,4.11324071334912
0.652000000000000,4.07053522236974
0.653000000000000,4.02324450519869
0.654000000000000,3.97178739774917
0.655000000000000,3.91668934493809
0.656000000000000,3.85857198095061
0.657000000000000,3.79814030153124
0.658000000000000,3.73616773444505
0.659000000000000,3.67347946620354
0.660000000000000,3.61093442631978
0.661000000000000,3.54940636368398
0.662000000000000,3.48976447231193
0.663000000000000,3.43285403515493
0.664000000000000,3.37947755458856
0.665000000000000,3.33037682661908
0.666000000000000,3.28621639304353
0.667000000000000,3.24756877233323
0.668000000000000,3.21490182670161
0.669000000000000,3.18856857073154
0.670000000000000,3.16879966735444
0.671000000000000,3.15569879135880
0.672000000000000,3.14924097057244
0.673000000000000,3.14927394213352
0.674000000000000,3.15552248762806
0.675000000000000,3.16759563813764
0.676000000000000,3.18499657019825
0.677000000000000,3.20713494804269
0.678000000000000,3.23334140789728
0.679000000000000,3.26288382799466
0.680000000000000,3.29498498462821
0.681000000000000,3.32884116107537
0.682000000000000,3.36364125337809
0.683000000000000,3.39858590535016
0.684000000000000,3.43290620506566
0.685000000000000,3.46588148647125
0.686000000000000,3.49685580237500
0.687000000000000,3.52525266833625
0.688000000000000,3.55058772009354
0.689000000000000,3.57247897905749
0.690000000000000,3.59065447978245
0.691000000000000,3.60495707875056
0.692000000000000,3.61534633364242
0.693000000000000,3.62189741480810
0.694000000000000,3.62479708410209
0.695000000000000,3.62433684879853
0.696000000000000,3.62090346816676
0.697000000000000,3.61496705574538
0.698000000000000,3.60706707978744
0.699000000000000,3.59779661630091
0.700000000000000,3.58778525229247
0.701000000000000,3.57768107017888
0.702000000000000,3.56813216703392
0.703000000000000,3.55976817383314
0.704000000000000,3.55318223985820
0.705000000000000,3.54891393592916
0.706000000000000,3.54743350742864
0.707000000000000,3.54912787472637
0.708000000000000,3.55428873542759
0.709000000000000,3.56310307091876
0.710000000000000,3.57564630024795
0.711000000000000,3.59187825892065
0.712000000000000,3.61164211032680
0.713000000000000,3.63466622496306
0.714000000000000,3.66056898916384
0.715000000000000,3.68886643251524
0.716000000000000,3.71898249328580
0.717000000000000,3.75026167578769
0.718000000000000,3.78198379419522
0.719000000000000,3.81338044545788
0.720000000000000,3.84365281083225
0.721000000000000,3.87199035228561
0.722000000000000,3.89758994741385
0.723000000000000,3.91967499512813
0.724000000000000,3.93751402447984
0.725000000000000,3.95043835061226
0.726000000000000,3.95785834466616
0.727000000000000,3.95927791796489
0.728000000000000,3.95430686414070
0.729000000000000,3.94267075497324
0.730000000000000,3.92421814531243
0.731000000000000,3.89892490808688
0.732000000000000,3.86689559044142
0.733000000000000,3.82836175478166
0.734000000000000,3.78367734214040
0.735000000000000,3.73331116801051
0.736000000000000,3.67783673082167
0.737000000000000,3.61791957885350
0.738000000000000,3.55430254096009
0.739000000000000,3.48778917856703
0.740000000000000,3.41922585971054
0.741000000000000,3.34948288935494
0.742000000000000,3.27943515302709
0.743000000000000,3.20994274238537
0.744000000000000,3.14183203141178
0.745000000000000,3.07587766047948
0.746000000000000,3.01278586288721
0.747000000000000,2.95317953512512
0.748000000000000,2.89758540896646
0.749000000000000,2.84642363152898
0.750000000000000,2.80000000000000
0.751000000000000,2.75850103223297
0.752000000000000,2.72199198451548
0.753000000000000,2.69041785519953
0.754000000000000,2.66360733936281
0.755000000000000,2.64127962704591
0.756000000000000,2.62305386767123
0.757000000000000,2.60846105771881
0.758000000000000,2.59695804922294
0.759000000000000,2.58794332462897
0.760000000000000,2.58077414028946
0.761000000000000,2.57478460744906
0.762000000000000,2.56930425678989
0.763000000000000,2.56367662104232
0.764000000000000,2.55727737009533
0.765000000000000,2.54953154446411
0.766000000000000,2.53992945560958
0.767000000000000,2.52804085489369
0.768000000000000,2.51352701607664
0.769000000000000,2.49615042815118
0.770000000000000,2.47578185468757
0.771000000000000,2.45240458126482
0.772000000000000,2.42611574237736
0.773000000000000,2.39712469171046
0.774000000000000,2.36574845308382
0.775000000000000,2.33240436186236
0.776000000000000,2.29760007643715
0.777000000000000,2.26192120476768
0.778000000000000,2.22601685033613
0.779000000000000,2.19058343373048
0.780000000000000,2.15634718916774
0.781000000000000,2.12404576852603
0.782000000000000,2.09440940805480
0.783000000000000,2.06814212431650
0.784000000000000,2.04590340579721
0.785000000000000,2.02829085501014
0.786000000000000,2.01582421308618
0.787000000000000,2.00893116536159
0.788000000000000,2.00793528315514
0.789000000000000,2.01304640484129
0.790000000000000,2.02435369975205
0.791000000000000,2.04182159284318
0.792000000000000,2.06528865805435
0.793000000000000,2.09446951559828
0.794000000000000,2.12895969482138
0.795000000000000,2.16824335159622
0.796000000000000,2.21170365922481
0.797000000000000,2.25863562627104
0.798000000000000,2.30826103521610
0.799000000000000,2.35974514380503
0.800000000000000,2.41221474770753
0.801000000000000,2.46477716971518
0.802000000000000,2.51653971796254
0.803000000000000,2.56662914415044
0.804000000000000,2.61421063275023
0.805000000000000,2.65850586367609
0.806000000000000,2.69880971364789
0.807000000000000,2.73450519486725
0.808000000000000,2.76507627287564
0.809000000000000,2.79011825748750
0.810000000000000,2.80934552021755
0.811000000000000,2.82259635718057
0.812000000000000,2.82983488642453
0.813000000000000,2.83114994133909
0.814000000000000,2.82675099537498
0.815000000000000,2.81696122600337
0.816000000000000,2.80220789585133
0.817000000000000,2.78301029454566
0.818000000000000,2.75996554437190
0.819000000000000,2.73373262494072
0.820000000000000,2.70501501537179
0.821000000000000,2.67454238598924
0.822000000000000,2.64305179435274
0.823000000000000,2.61126885206149
0.824000000000000,2.57988932888476
0.825000000000000,2.54956164938774
0.826000000000000,2.52087071462196
0.827000000000000,2.49432344819114
0.828000000000000,2.47033642290950
0.829000000000000,2.44922587240315
0.830000000000000,2.43120033264556
0.831000000000000,2.41635609303041
0.832000000000000,2.40467556678033
0.833000000000000,2.39602861799142
0.834000000000000,2.39017680920649
0.835000000000000,2.38678046090630
0.836000000000000,2.38540834449445
0.837000000000000,2.38554976494925
0.838000000000000,2.38662872993809
0.839000000000000,2.38801985029993
0.840000000000000,2.38906557368022
0.841000000000000,2.38909431981255
0.842000000000000,2.38743906330493
0.843000000000000,2.38345589836458
0.844000000000000,2.37654211996638
0.845000000000000,2.36615336753653
0.846000000000000,2.35181940000081
0.847000000000000,2.33315810447666
0.848000000000000,2.30988738414832
0.849000000000000,2.28183462288894
0.850000000000000,2.24894348370485
0.851000000000000,2.21127786360773
0.852000000000000,2.16902289745951
0.853000000000000,2.12248297595873
0.854000000000000,2.07207681645929
0.855000000000000,2.01832969792121
0.856000000000000,1.96186304120148
0.857000000000000,1.90338158137880
0.858000000000000,1.84365843825594
0.859000000000000,1.78351844313430
0.860000000000000,1.72382012312508
0.861000000000000,1.66543677758841
0.862000000000000,1.60923710395280
0.863000000000000,1.55606584160347
0.864000000000000,1.50672490245696
0.865000000000000,1.46195544526074
0.866000000000000,1.42242132785399
0.867000000000000,1.38869433815909
0.868000000000000,1.36124156136479
0.869000000000000,1.34041518867623
0.870000000000000,1.32644501342415
0.871000000000000,1.31943379471064
0.872000000000000,1.31935559873604
0.873000000000000,1.32605715522179
0.874000000000000,1.33926219270706
0.875000000000000,1.35857864376269
0.876000000000000,1.38350854112355
0.877000000000000,1.41346036011155
0.878000000000000,1.44776350312008
0.879000000000000,1.48568456982162
0.880000000000000,1.52644501342415
0.881000000000000,1.56923974980331
0.882000000000000,1.61325626349881
0.883000000000000,1.65769374294468
0.884000000000000,1.70178177718748
0.885000000000000,1.74479815773536
0.886000000000000,1.78608535179044
0.887000000000000,1.82506524638905
0.888000000000000,1.86125180608682
0.889000000000000,1.89426133871548
0.890000000000000,1.92382012312508
0.891000000000000,1.94976921824528
0.892000000000000,1.97206634263998
0.893000000000000,1.99078478626856
0.894000000000000,2.00610938961798
0.895000000000000,2.01832969792120
0.896000000000000,2.02783046804279
0.897000000000000,2.03507977106896
0.898000000000000,2.04061499307546
0.899000000000000,2.04502708849675
0.900000000000000,2.04894348370485
0.901000000000000,2.05301006176187
0.902000000000000,2.05787268201429
0.903000000000000,2.06415869969108
0.904000000000000,2.07245895066732
0.905000000000000,2.08331065506191
0.906000000000000,2.09718167063289
0.907000000000000,2.11445649357899
0.908000000000000,2.13542436117091
0.909000000000000,2.16026975868547
0.910000000000000,2.18906557368022
0.911000000000000,2.22176907518895
0.912000000000000,2.25822082555405
0.913000000000000,2.29814656005949
0.914000000000000,2.34116199607795
0.915000000000000,2.38678046090630
0.916000000000000,2.43442315762299
0.917000000000000,2.48343182288119
0.918000000000000,2.53308347116437
0.919000000000000,2.58260686814139
0.920000000000000,2.63120033264556
0.921000000000000,2.67805043353022
0.922000000000000,2.72235112504352
0.923000000000000,2.76332285297672
0.924000000000000,2.80023116395545
0.925000000000000,2.83240436186236
0.926000000000000,2.85924977821825
0.927000000000000,2.88026825684708
0.928000000000000,2.89506649648676
0.929000000000000,2.90336694711632
0.930000000000000,2.90501501537179
0.931000000000000,2.89998340005171
0.932000000000000,2.88837344875594
0.933000000000000,2.87041349943542
0.934000000000000,2.84645424426782
0.935000000000000,2.81696122600337
0.936000000000000,2.78250464695848
0.937000000000000,2.74374673644933
0.938000000000000,2.70142698204048
0.939000000000000,2.65634558206958
0.940000000000000,2.60934552021755
0.941000000000000,2.56129369636043
0.942000000000000,2.51306157074161
0.943000000000000,2.46550579008167
0.944000000000000,2.41944926431440
0.945000000000000,2.37566315120147
0.946000000000000,2.33485018341673
0.947000000000000,2.29762973936485
0.948000000000000,2.26452501582852
0.949000000000000,2.23595260858811
0.950000000000000,2.21221474770753
0.951000000000000,2.19349436869405
0.952000000000000,2.17985313083206
0.953000000000000,2.17123242138128
0.954000000000000,2.16745731080831
0.955000000000000,2.16824335159622
0.956000000000000,2.17320604323787
0.957000000000000,2.18187272048805
0.958000000000000,2.19369656243839
0.959000000000000,2.20807236795416
0.960000000000000,2.22435369975205
0.961000000000000,2.24187096596837
0.962000000000000,2.25994998528915
0.963000000000000,2.27793057014717
0.964000000000000,2.29518466241967
0.965000000000000,2.31113356748476
0.966000000000000,2.32526385513070
0.967000000000000,2.33714152910208
0.968000000000000,2.34642411018882
0.969000000000000,2.35287032965310
0.970000000000000,2.35634718916775
0.971000000000000,2.35683420884146
0.972000000000000,2.35442475472017
0.973000000000000,2.34932440965745
0.974000000000000,2.34184642485364
0.975000000000000,2.33240436186236
0.976000000000000,2.32150210466732
0.977000000000000,2.30972148682069
0.978000000000000,2.29770783799332
0.979000000000000,2.28615380615383
0.980000000000000,2.27578185468756
0.981000000000000,2.26732586702410
0.982000000000000,2.26151231394262
0.983000000000000,2.25904145010810
0.984000000000000,2.26056900627609
0.985000000000000,2.26668883198949
0.986000000000000,2.27791692076184
0.987000000000000,2.29467721625674
0.988000000000000,2.31728955465587
0.989000000000000,2.34596004632199
0.990000000000000,2.38077414028946
0.991000000000000,2.42169254951799
0.992000000000000,2.46855014483890
0.993000000000000,2.52105785282904
0.994000000000000,2.57880751925474
0.995000000000000,2.64127962704590
0.996000000000000,2.70785368777931
0.997000000000000,2.77782106008929
0.998000000000000,2.85039988889952
0.999000000000000,2.92475180734394
1.00000000000000,3.00000000000000
1.00100000000000,3.07524819265606
1.00200000000000,3.14960011110047
1.00300000000000,3.22217893991071
1.00400000000000,3.29214631222069
1.00500000000000,3.35872037295410
1.00600000000000,3.42119248074526
1.00700000000000,3.47894214717096
1.00800000000000,3.53144985516110
1.00900000000000,3.57830745048201
1.01000000000000,3.61922585971054
1.01100000000000,3.65403995367801
1.01200000000000,3.68271044534413
1.01300000000000,3.70532278374326
1.01400000000000,3.72208307923816
1.01500000000000,3.73331116801051
1.01600000000000,3.73943099372391
1.01700000000000,3.74095854989190
1.01800000000000,3.73848768605738
1.01900000000000,3.73267413297589
1.02000000000000,3.72421814531243
1.02100000000000,3.71384619384617
1.02200000000000,3.70229216200668
1.02300000000000,3.69027851317930
1.02400000000000,3.67849789533268
1.02500000000000,3.66759563813764
1.02600000000000,3.65815357514636
1.02700000000000,3.65067559034255
1.02800000000000,3.64557524527983
1.02900000000000,3.64316579115854
1.03000000000000,3.64365281083226
1.03100000000000,3.64712967034690
1.03200000000000,3.65357588981118
1.03300000000000,3.66285847089792
1.03400000000000,3.67473614486931
1.03500000000000,3.68886643251523
1.03600000000000,3.70481533758033
1.03700000000000,3.72206942985283
1.03800000000000,3.74005001471084
1.03900000000000,3.75812903403163
1.04000000000000,3.77564630024795
1.04100000000000,3.79192763204584
1.04200000000000,3.80630343756161
1.04300000000000,3.81812727951195
1.04400000000000,3.82679395676213
1.04500000000000,3.83175664840378
1.04600000000000,3.83254268919169
1.04700000000000,3.82876757861873
1.04800000000000,3.82014686916794
1.04900000000000,3.80650563130595
1.05000000000000,3.78778525229247
1.05100000000000,3.76404739141189
1.05200000000000,3.73547498417148
1.05300000000000,3.70237026063515
1.05400000000000,3.66514981658326
1.05500000000000,3.62433684879853
1.05600000000000,3.58055073568559
1.05700000000000,3.53449420991833
1.05800000000000,3.48693842925838
1.05900000000000,3.43870630363958
1.06000000000000,3.39065447978245
1.06100000000000,3.34365441793042
1.06200000000000,3.29857301795951
1.06300000000000,3.25625326355067
1.06400000000000,3.21749535304152
1.06500000000000,3.18303877399663
1.06600000000000,3.15354575573218
1.06700000000000,3.12958650056458
1.06800000000000,3.11162655124406
1.06900000000000,3.10001659994830
1.07000000000000,3.09498498462821
1.07100000000000,3.09663305288368
1.07200000000000,3.10493350351324
1.07300000000000,3.11973174315292
1.07400000000000,3.14075022178175
1.07500000000000,3.16759563813764
1.07600000000000,3.19976883604456
1.07700000000000,3.23667714702328
1.07800000000000,3.27764887495648
1.07900000000000,3.32194956646978
1.08000000000000,3.36879966735444
1.08100000000000,3.41739313185861
1.08200000000000,3.46691652883563
1.08300000000000,3.51656817711881
1.08400000000000,3.56557684237701
1.08500000000000,3.61321953909370
1.08600000000000,3.65883800392205
1.08700000000000,3.70185343994051
1.08800000000000,3.74177917444595
1.08900000000000,3.77823092481105
1.09000000000000,3.81093442631978
1.09100000000000,3.83973024131452
1.09200000000000,3.86457563882909
1.09300000000000,3.88554350642101
1.09400000000000,3.90281832936711
1.09500000000000,3.91668934493809
1.09600000000000,3.92754104933268
1.09700000000000,3.93584130030892
1.09800000000000,3.94212731798570
1.09900000000000,3.94698993823813
1.10000000000000,3.95105651629516
1.10100000000000,3.95497291150325
1.10200000000000,3.95938500692453
1.10300000000000,3.96492022893104
1.10400000000000,3.97216953195721
1.10500000000000,3.98167030207879
1.10600000000000,3.99389061038203
1.10700000000000,4.00921521373144
1.10800000000000,4.02793365736002
1.10900000000000,4.05023078175471
1.11000000000000,4.07617987687493
1.11100000000000,4.10573866128452
1.11200000000000,4.13874819391318
1.11300000000000,4.17493475361095
1.11400000000000,4.21391464820956
1.11500000000000,4.25520184226464
1.11600000000000,4.29821822281252
1.11700000000000,4.34230625705533
1.11800000000000,4.38674373650120
1.11900000000000,4.43076025019669
1.12000000000000,4.47355498657585
1.12100000000000,4.51431543017838
1.12200000000000,4.55223649687993
1.12300000000000,4.58653963988845
1.12400000000000,4.61649145887645
1.12500000000000,4.64142135623731
1.12600000000000,4.66073780729294
1.12700000000000,4.67394284477821
1.12800000000000,4.68064440126397
1.12900000000000,4.68056620528936
1.13000000000000,4.67355498657585
1.13100000000000,4.65958481132377
1.13200000000000,4.63875843863521
1.13300000000000,4.61130566184091
1.13400000000000,4.57757867214600
1.13500000000000,4.53804455473926
1.13600000000000,4.49327509754304
1.13700000000000,4.44393415839653
1.13800000000000,4.39076289604720
1.13900000000000,4.33456322241159
1.14000000000000,4.27617987687492
1.14100000000000,4.21648155686570
1.14200000000000,4.15634156174405
1.14300000000000,4.09661841862121
1.14400000000000,4.03813695879851
1.14500000000000,3.98167030207880
1.14600000000000,3.92792318354070
1.14700000000000,3.87751702404128
1.14800000000000,3.83097710254050
1.14900000000000,3.78872213639227
1.15000000000000,3.75105651629515
1.15100000000000,3.71816537711106
1.15200000000000,3.69011261585168
1.15300000000000,3.66684189552334
1.15400000000000,3.64818059999920
1.15500000000000,3.63384663246347
1.15600000000000,3.62345788003363
1.15700000000000,3.61654410163543
1.15800000000000,3.61256093669507
1.15900000000000,3.61090568018746
1.16000000000000,3.61093442631978
1.16100000000000,3.61198014970007
1.16200000000000,3.61337127006191
1.16300000000000,3.61445023505075
1.16400000000000,3.61459165550555
1.16500000000000,3.61321953909370
1.16600000000000,3.60982319079351
1.16700000000000,3.60397138200858
1.16800000000000,3.59532443321967
1.16900000000000,3.58364390696959
1.17000000000000,3.56879966735444
1.17100000000000,3.55077412759685
1.17200000000000,3.52966357709050
1.17300000000000,3.50567655180886
1.17400000000000,3.47912928537804
1.17500000000000,3.45043835061225
1.17600000000000,3.42011067111524
1.17700000000000,3.38873114793850
1.17800000000000,3.35694820564726
1.17900000000000,3.32545761401076
1.18000000000000,3.29498498462821
1.18100000000000,3.26626737505927
1.18200000000000,3.24003445562810
1.18300000000000,3.21698970545434
1.18400000000000,3.19779210414867
1.18500000000000,3.18303877399663
1.18600000000000,3.17324900462503
1.18700000000000,3.16885005866090
1.18800000000000,3.17016511357547
1.18900000000000,3.17740364281943
1.19000000000000,3.19065447978245
1.19100000000000,3.20988174251250
1.19200000000000,3.23492372712436
1.19300000000000,3.26549480513275
1.19400000000000,3.30119028635211
1.19500000000000,3.34149413632391
1.19600000000000,3.38578936724978
1.19700000000000,3.43337085584956
1.19800000000000,3.48346028203746
1.19900000000000,3.53522283028482
1.20000000000000,3.58778525229247
1.20100000000000,3.64025485619497
1.20200000000000,3.69173896478389
1.20300000000000,3.74136437372897
1.20400000000000,3.78829634077519
1.20500000000000,3.83175664840378
1.20600000000000,3.87104030517862
1.20700000000000,3.90553048440172
1.20800000000000,3.93471134194565
1.20900000000000,3.95817840715682
1.21000000000000,3.97564630024795
1.21100000000000,3.98695359515871
1.21200000000000,3.99206471684486
1.21300000000000,3.99106883463841
1.21400000000000,3.98417578691382
1.21500000000000,3.97170914498985
1.21600000000000,3.95409659420279
1.21700000000000,3.93185787568350
1.21800000000000,3.90559059194520
1.21900000000000,3.87595423147397
1.22000000000000,3.84365281083225
1.22100000000000,3.80941656626952
1.22200000000000,3.77398314966387
1.22300000000000,3.73807879523231
1.22400000000000,3.70239992356285
1.22500000000000,3.66759563813763
1.22600000000000,3.63425154691618
1.22700000000000,3.60287530828954
1.22800000000000,3.57388425762264
1.22900000000000,3.54759541873518
1.23000000000000,3.52421814531243
1.23100000000000,3.50384957184882
1.23200000000000,3.48647298392336
1.23300000000000,3.47195914510631
1.23400000000000,3.46007054439043
1.23500000000000,3.45046845553589
1.23600000000000,3.44272262990468
1.23700000000000,3.43632337895768
1.23800000000000,3.43069574321011
1.23900000000000,3.42521539255094
1.24000000000000,3.41922585971054
1.24100000000000,3.41205667537103
1.24200000000000,3.40304195077706
1.24300000000000,3.39153894228119
1.24400000000000,3.37694613232877
1.24500000000000,3.35872037295410
1.24600000000000,3.33639266063719
1.24700000000000,3.30958214480047
1.24800000000000,3.27800801548452
1.24900000000000,3.24149896776704
1.25000000000000,3.20000000000000
1.25100000000000,3.15357636847102
1.25200000000000,3.10241459103355
1.25300000000000,3.04682046487487
1.25400000000000,2.98721413711279
1.25500000000000,2.92412233952052
1.25600000000000,2.85816796858823
1.25700000000000,2.79005725761462
1.25800000000000,2.72056484697291
1.25900000000000,2.65051711064506
1.26000000000000,2.58077414028946
1.26100000000000,2.51221082143296
1.26200000000000,2.44569745903991
1.26300000000000,2.38208042114650
1.26400000000000,2.32216326917833
1.26500000000000,2.26668883198949
1.26600000000000,2.21632265785960
1.26700000000000,2.17163824521834
1.26800000000000,2.13310440955858
1.26900000000000,2.10107509191312
1.27000000000000,2.07578185468757
1.27100000000000,2.05732924502676
1.27200000000000,2.04569313585930
1.27300000000000,2.04072208203511
1.27400000000000,2.04214165533384
1.27500000000000,2.04956164938775
1.27600000000000,2.06248597552016
1.27700000000000,2.08032500487187
1.27800000000000,2.10241005258615
1.27900000000000,2.12800964771439
1.28000000000000,2.15634718916774
1.28100000000000,2.18661955454211
1.28200000000000,2.21801620580478
1.28300000000000,2.24973832421231
1.28400000000000,2.28101750671420
1.28500000000000,2.31113356748476
1.28600000000000,2.33943101083616
1.28700000000000,2.36533377503693
1.28800000000000,2.38835788967320
1.28900000000000,2.40812174107935
1.29000000000000,2.42435369975205
1.29100000000000,2.43689692908123
1.29200000000000,2.44571126457241
1.29300000000000,2.45087212527363
1.29400000000000,2.45256649257135
1.29500000000000,2.45108606407084
1.29600000000000,2.44681776014180
1.29700000000000,2.44023182616686
1.29800000000000,2.43186783296608
1.29900000000000,2.42231892982112
1.30000000000000,2.41221474770753
1.30100000000000,2.40220338369909
1.30200000000000,2.39293292021255
1.30300000000000,2.38503294425462
1.30400000000000,2.37909653183323
1.30500000000000,2.37566315120147
1.30600000000000,2.37520291589790
1.30700000000000,2.37810258519191
1.30800000000000,2.38465366635757
1.30900000000000,2.39504292124944
1.31000000000000,2.40934552021755
1.31100000000000,2.42752102094251
1.31200000000000,2.44941227990646
1.31300000000000,2.47474733166374
1.31400000000000,2.50314419762500
1.31500000000000,2.53411851352875
1.31600000000000,2.56709379493434
1.31700000000000,2.60141409464984
1.31800000000000,2.63635874662192
1.31900000000000,2.67115883892463
1.32000000000000,2.70501501537179
1.32100000000000,2.73711617200534
1.32200000000000,2.76665859210272
1.32300000000000,2.79286505195731
1.32400000000000,2.81500342980175
1.32500000000000,2.83240436186236
1.32600000000000,2.84447751237194
1.32700000000000,2.85072605786648
1.32800000000000,2.85075902942756
1.32900000000000,2.84430120864120
1.33000000000000,2.83120033264556
1.33100000000000,2.81143142926846
1.33200000000000,2.78509817329839
1.33300000000000,2.75243122766677
1.33400000000000,2.71378360695647
1.33500000000000,2.66962317338092
1.33600000000000,2.62052244541143
1.33700000000000,2.56714596484507
1.33800000000000,2.51023552768807
1.33900000000000,2.45059363631602
1.34000000000000,2.38906557368021
1.34100000000000,2.32652053379646
1.34200000000000,2.26383226555495
1.34300000000000,2.20185969846876
1.34400000000000,2.14142801904938
1.34500000000000,2.08331065506192
1.34600000000000,2.02821260225082
1.34700000000000,1.97675549480132
1.34800000000000,1.92946477763025
1.34900000000000,1.88675928665089
1.35000000000000,1.84894348370484
1.35100000000000,1.81620252736968
1.35200000000000,1.78860029094144
1.35300000000000,1.76608036628338
1.35400000000000,1.74847001870931
1.35500000000000,1.73548698544659
1.35600000000000,1.72674894028449
1.35700000000000,1.72178538148298
1.35800000000000,1.72005164050596
1.35900000000000,1.72094465711821
1.36000000000000,1.72382012312508
1.36100000000000,1.72801056360450
1.36200000000000,1.73284390170278
1.36300000000000,1.73766204149929
1.36400000000000,1.74183900337395
1.36500000000000,1.74479815773536
1.36600000000000,1.74602812560398
1.36700000000000,1.74509694783444
1.36800000000000,1.74166416788285
1.36900000000000,1.73549052491429
1.37000000000000,1.72644501342415
1.37100000000000,1.71450913094869
1.37200000000000,1.69977820525410
1.37300000000000,1.68245976489713
1.37400000000000,1.66286899045703
1.37500000000000,1.64142135623731
1.37600000000000,1.61862264204054
1.37700000000000,1.59505656000737
1.37800000000000,1.57137030087005
1.37900000000000,1.54825835583771
1.38000000000000,1.52644501342415
1.38100000000000,1.50666596378722
1.38200000000000,1.48964946574883
1.38300000000000,1.47609754304886
1.38400000000000,1.46666767627049
1.38500000000000,1.46195544526074
1.38600000000000,1.46247855404047
1.38700000000000,1.46866263671371
1.38800000000000,1.48082919956876
1.38900000000000,1.49918600247742
1.39000000000000,1.52382012312508
1.39100000000000,1.55469388200723
1.39200000000000,1.59164373612192
1.39300000000000,1.63438217659321
1.39400000000000,1.68250259186800
1.39500000000000,1.73548698544659
1.39600000000000,1.79271636712581
1.39700000000000,1.85348357117314
1.39800000000000,1.91700819532549
1.39900000000000,1.98245330248065
1.40000000000000,2.04894348370485
1.40100000000000,2.11558384777796
1.40200000000000,2.18147947976428
1.40300000000000,2.24575489958689
1.40400000000000,2.30757305158432
1.40500000000000,2.36615336753653
1.40600000000000,2.42078846838288
1.40700000000000,2.47085910325434
1.40800000000000,2.51584696768897
1.40900000000000,2.55534509492353
1.41000000000000,2.58906557368021
1.41100000000000,2.61684441142700
1.41200000000000,2.63864343207211
1.41300000000000,2.65454916973483
1.41400000000000,2.66476879382793
1.41500000000000,2.66962317338092
1.41600000000000,2.66953725853997
1.41700000000000,2.66502802277700
1.41800000000000,2.65669026891435
1.41900000000000,2.64518065415748
1.42000000000000,2.63120033264556
1.42100000000000,2.61547664751413
1.42200000000000,2.59874432729354
1.42300000000000,2.58172665308090
1.42400000000000,2.56511706303846
1.42500000000000,2.54956164938774
1.42600000000000,2.53564298046827
1.42700000000000,2.52386564717173
1.42800000000000,2.51464388996870
1.42900000000000,2.50829161087827
1.43000000000000,2.50501501537179
1.43100000000000,2.50490806381365
1.43200000000000,2.50795084223787
1.43300000000000,2.51401088976007
1.43400000000000,2.52284744651784
1.43500000000000,2.53411851352876
1.43600000000000,2.54739054604149
1.43700000000000,2.56215053655351
1.43800000000000,2.57782018429051
1.43900000000000,2.59377179605350
1.44000000000000,2.60934552021755
1.44100000000000,2.62386748237652
1.44200000000000,2.63666836849160
1.44300000000000,2.64710198997749
1.44400000000000,2.65456336523139
1.44500000000000,2.65850586367610
1.44600000000000,2.65845698116672
1.44700000000000,2.65403234904020
1.44800000000000,2.64494762234658
1.44900000000000,2.63102794482617
1.45000000000000,2.61221474770753
1.45100000000000,2.58856970493210
1.45200000000000,2.56027573735012
1.45300000000000,2.52763503105662
1.45400000000000,2.49106410855829
1.45500000000000,2.45108606407084
1.45600000000000,2.40832014415486
1.45700000000000,2.36346892038387
1.45800000000000,2.31730336018837
1.45900000000000,2.27064615397025
1.46000000000000,2.22435369975205
1.46100000000000,2.17929717995227
1.46200000000000,2.13634318753918
1.46300000000000,2.09633437025135
1.46400000000000,2.06007056150268
1.46500000000000,2.02829085501014
1.46600000000000,2.00165705738072
1.46700000000000,1.98073891942673
1.46800000000000,1.96600150367076
1.46900000000000,1.95779499341504
1.47000000000000,1.95634718916774
1.47100000000000,1.96175887260341
1.47200000000000,1.97400214820211
1.47300000000000,1.99292179998210
1.47400000000000,2.01823962710366
1.47500000000000,2.04956164938775
1.47600000000000,2.08638800375033
1.47700000000000,2.12812528692488
1.47800000000000,2.17410104024334
1.47900000000000,2.22358002013774
1.48000000000000,2.27578185468757
1.48100000000000,2.32989965304020
1.48200000000000,2.38511911169259
1.48300000000000,2.44063765000393
1.48400000000000,2.49568310719308
1.48500000000000,2.54953154446411
1.48600000000000,2.60152371851182
1.48700000000000,2.65107982593209
1.48800000000000,2.69771216117393
1.48900000000000,2.74103538256005
1.49000000000000,2.78077414028946
1.49100000000000,2.81676788575605
1.49200000000000,2.84897275135695
1.49300000000000,2.87746046250440
1.49400000000000,2.90241431700472
1.49500000000000,2.92412233952052
1.49600000000000,2.94296778869629
1.49700000000000,2.95941725998512
1.49800000000000,2.97400668664950
1.49900000000000,2.98732559336003
1.50000000000000,3.00000000000000
1.50100000000000,3.01267440663997
1.50200000000000,3.02599331335050
1.50300000000000,3.04058274001488
1.50400000000000,3.05703221130370
1.50500000000000,3.07587766047948
1.50600000000000,3.09758568299528
1.50700000000000,3.12253953749560
1.50800000000000,3.15102724864304
1.50900000000000,3.18323211424395
1.51000000000000,3.21922585971054
1.51100000000000,3.25896461743996
1.51200000000000,3.30228783882607
1.51300000000000,3.34892017406792
1.51400000000000,3.39847628148818
1.51500000000000,3.45046845553589
1.51600000000000,3.50431689280692
1.51700000000000,3.55936234999608
1.51800000000000,3.61488088830740
1.51900000000000,3.67010034695981
1.52000000000000,3.72421814531243
1.52100000000000,3.77641997986226
1.52200000000000,3.82589895975666
1.52300000000000,3.87187471307513
1.52400000000000,3.91361199624966
1.52500000000000,3.95043835061226
1.52600000000000,3.98176037289633
1.52700000000000,4.00707820001790
1.52800000000000,4.02599785179789
1.52900000000000,4.03824112739659
1.53000000000000,4.04365281083226
1.53100000000000,4.04220500658495
1.53200000000000,4.03399849632924
1.53300000000000,4.01926108057326
1.53400000000000,3.99834294261928
1.53500000000000,3.97170914498985
1.53600000000000,3.93992943849732
1.53700000000000,3.90366562974865
1.53800000000000,3.86365681246082
1.53900000000000,3.82070282004773
1.54000000000000,3.77564630024795
1.54100000000000,3.72935384602975
1.54200000000000,3.68269663981163
1.54300000000000,3.63653107961613
1.54400000000000,3.59167985584514
1.54500000000000,3.54891393592917
1.54600000000000,3.50893589144171
1.54700000000000,3.47236496894338
1.54800000000000,3.43972426264988
1.54900000000000,3.41143029506790
1.55000000000000,3.38778525229248
1.55100000000000,3.36897205517383
1.55200000000000,3.35505237765342
1.55300000000000,3.34596765095980
1.55400000000000,3.34154301883328
1.55500000000000,3.34149413632391
1.55600000000000,3.34543663476861
1.55700000000000,3.35289801002251
1.55800000000000,3.36333163150840
1.55900000000000,3.37613251762348
1.56000000000000,3.39065447978246
1.56100000000000,3.40622820394651
1.56200000000000,3.42217981570949
1.56300000000000,3.43784946344649
1.56400000000000,3.45260945395851
1.56500000000000,3.46588148647124
1.56600000000000,3.47715255348216
1.56700000000000,3.48598911023993
1.56800000000000,3.49204915776213
1.56900000000000,3.49509193618635
1.57000000000000,3.49498498462821
1.57100000000000,3.49170838912173
1.57200000000000,3.48535611003130
1.57300000000000,3.47613435282827
1.57400000000000,3.46435701953173
1.57500000000000,3.45043835061225
1.57600000000000,3.43488293696154
1.57700000000000,3.41827334691910
1.57800000000000,3.40125567270645
1.57900000000000,3.38452335248587
1.58000000000000,3.36879966735444
1.58100000000000,3.35481934584252
1.58200000000000,3.34330973108565
1.58300000000000,3.33497197722300
1.58400000000000,3.33046274146002
1.58500000000000,3.33037682661908
1.58600000000000,3.33523120617206
1.58700000000000,3.34545083026516
1.58800000000000,3.36135656792789
1.58900000000000,3.38315558857299
1.59000000000000,3.41093442631979
1.59100000000000,3.44465490507647
1.59200000000000,3.48415303231103
1.59300000000000,3.52914089674565
1.59400000000000,3.57921153161714
1.59500000000000,3.63384663246346
1.59600000000000,3.69242694841569
1.59700000000000,3.75424510041310
1.59800000000000,3.81852052023573
1.59900000000000,3.88441615222204
1.60000000000000,3.95105651629515
1.60100000000000,4.01754669751935
1.60200000000000,4.08299180467452
1.60300000000000,4.14651642882685
1.60400000000000,4.20728363287420
1.60500000000000,4.26451301455341
1.60600000000000,4.31749740813200
1.60700000000000,4.36561782340678
1.60800000000000,4.40835626387809
1.60900000000000,4.44530611799277
1.61000000000000,4.47617987687493
1.61100000000000,4.50081399752257
1.61200000000000,4.51917080043124
1.61300000000000,4.53133736328629
1.61400000000000,4.53752144595953
1.61500000000000,4.53804455473926
1.61600000000000,4.53333232372951
1.61700000000000,4.52390245695114
1.61800000000000,4.51035053425117
1.61900000000000,4.49333403621278
1.62000000000000,4.47355498657585
1.62100000000000,4.45174164416229
1.62200000000000,4.42862969912994
1.62300000000000,4.40494343999263
1.62400000000000,4.38137735795946
1.62500000000000,4.35857864376269
1.62600000000000,4.33713100954296
1.62700000000000,4.31754023510287
1.62800000000000,4.30022179474590
1.62900000000000,4.28549086905131
1.63000000000000,4.27355498657585
1.63100000000000,4.26450947508571
1.63200000000000,4.25833583211715
1.63300000000000,4.25490305216556
1.63400000000000,4.25397187439603
1.63500000000000,4.25520184226464
1.63600000000000,4.25816099662605
1.63700000000000,4.26233795850071
1.63800000000000,4.26715609829723
1.63900000000000,4.27198943639551
1.64000000000000,4.27617987687493
1.64100000000000,4.27905534288180
1.64200000000000,4.27994835949404
1.64300000000000,4.27821461851703
1.64400000000000,4.27325105971550
1.64500000000000,4.26451301455341
1.64600000000000,4.25152998129069
1.64700000000000,4.23391963371662
1.64800000000000,4.21139970905856
1.64900000000000,4.18379747263033
1.65000000000000,4.15105651629515
1.65100000000000,4.11324071334911
1.65200000000000,4.07053522236974
1.65300000000000,4.02324450519869
1.65400000000000,3.97178739774918
1.65500000000000,3.91668934493809
1.65600000000000,3.85857198095060
1.65700000000000,3.79814030153124
1.65800000000000,3.73616773444504
1.65900000000000,3.67347946620354
1.66000000000000,3.61093442631978
1.66100000000000,3.54940636368398
1.66200000000000,3.48976447231193
1.66300000000000,3.43285403515493
1.66400000000000,3.37947755458855
1.66500000000000,3.33037682661908
1.66600000000000,3.28621639304353
1.66700000000000,3.24756877233323
1.66800000000000,3.21490182670162
1.66900000000000,3.18856857073154
1.67000000000000,3.16879966735444
1.67100000000000,3.15569879135880
1.67200000000000,3.14924097057244
1.67300000000000,3.14927394213351
1.67400000000000,3.15552248762806
1.67500000000000,3.16759563813764
1.67600000000000,3.18499657019824
1.67700000000000,3.20713494804269
1.67800000000000,3.23334140789729
1.67900000000000,3.26288382799466
1.68000000000000,3.29498498462821
1.68100000000000,3.32884116107537
1.68200000000000,3.36364125337808
1.68300000000000,3.39858590535016
1.68400000000000,3.43290620506566
1.68500000000000,3.46588148647125
1.68600000000000,3.49685580237499
1.68700000000000,3.52525266833626
1.68800000000000,3.55058772009354
1.68900000000000,3.57247897905749
1.69000000000000,3.59065447978245
1.69100000000000,3.60495707875056
1.69200000000000,3.61534633364242
1.69300000000000,3.62189741480809
1.69400000000000,3.62479708410210
1.69500000000000,3.62433684879852
1.69600000000000,3.62090346816676
1.69700000000000,3.61496705574537
1.69800000000000,3.60706707978744
1.69900000000000,3.59779661630091
1.70000000000000,3.58778525229247
1.70100000000000,3.57768107017889
1.70200000000000,3.56813216703392
1.70300000000000,3.55976817383313
1.70400000000000,3.55318223985820
1.70500000000000,3.54891393592916
1.70600000000000,3.54743350742864
1.70700000000000,3.54912787472637
1.70800000000000,3.55428873542759
1.70900000000000,3.56310307091876
1.71000000000000,3.57564630024795
1.71100000000000,3.59187825892065
1.71200000000000,3.61164211032680
1.71300000000000,3.63466622496307
1.71400000000000,3.66056898916384
1.71500000000000,3.68886643251524
1.71600000000000,3.71898249328580
1.71700000000000,3.75026167578769
1.71800000000000,3.78198379419522
1.71900000000000,3.81338044545788
1.72000000000000,3.84365281083225
1.72100000000000,3.87199035228562
1.72200000000000,3.89758994741384
1.72300000000000,3.91967499512814
1.72400000000000,3.93751402447984
1.72500000000000,3.95043835061226
1.72600000000000,3.95785834466616
1.72700000000000,3.95927791796489
1.72800000000000,3.95430686414070
1.72900000000000,3.94267075497324
1.73000000000000,3.92421814531243
1.73100000000000,3.89892490808688
1.73200000000000,3.86689559044142
1.73300000000000,3.82836175478166
1.73400000000000,3.78367734214041
1.73500000000000,3.73331116801051
1.73600000000000,3.67783673082167
1.73700000000000,3.61791957885350
1.73800000000000,3.55430254096010
1.73900000000000,3.48778917856702
1.74000000000000,3.41922585971054
1.74100000000000,3.34948288935493
1.74200000000000,3.27943515302708
1.74300000000000,3.20994274238537
1.74400000000000,3.14183203141178
1.74500000000000,3.07587766047948
1.74600000000000,3.01278586288721
1.74700000000000,2.95317953512512
1.74800000000000,2.89758540896646
1.74900000000000,2.84642363152898
1.75000000000000,2.80000000000000
1.75100000000000,2.75850103223296
1.75200000000000,2.72199198451548
1.75300000000000,2.69041785519953
1.75400000000000,2.66360733936282
1.75500000000000,2.64127962704590
1.75600000000000,2.62305386767123
1.75700000000000,2.60846105771882
1.75800000000000,2.59695804922295
1.75900000000000,2.58794332462898
1.76000000000000,2.58077414028947
1.76100000000000,2.57478460744906
1.76200000000000,2.56930425678989
1.76300000000000,2.56367662104232
1.76400000000000,2.55727737009533
1.76500000000000,2.54953154446412
1.76600000000000,2.53992945560957
1.76700000000000,2.52804085489369
1.76800000000000,2.51352701607664
1.76900000000000,2.49615042815117
1.77000000000000,2.47578185468757
1.77100000000000,2.45240458126481
1.77200000000000,2.42611574237736
1.77300000000000,2.39712469171045
1.77400000000000,2.36574845308382
1.77500000000000,2.33240436186236
1.77600000000000,2.29760007643714
1.77700000000000,2.26192120476768
1.77800000000000,2.22601685033613
1.77900000000000,2.19058343373048
1.78000000000000,2.15634718916774
1.78100000000000,2.12404576852603
1.78200000000000,2.09440940805480
1.78300000000000,2.06814212431649
1.78400000000000,2.04590340579722
1.78500000000000,2.02829085501014
1.78600000000000,2.01582421308618
1.78700000000000,2.00893116536159
1.78800000000000,2.00793528315514
1.78900000000000,2.01304640484130
1.79000000000000,2.02435369975205
1.79100000000000,2.04182159284319
1.79200000000000,2.06528865805435
1.79300000000000,2.09446951559828
1.79400000000000,2.12895969482138
1.79500000000000,2.16824335159621
1.79600000000000,2.21170365922481
1.79700000000000,2.25863562627104
1.79800000000000,2.30826103521610
1.79900000000000,2.35974514380503
1.80000000000000,2.41221474770752
1.80100000000000,2.46477716971518
1.80200000000000,2.51653971796253
1.80300000000000,2.56662914415043
1.80400000000000,2.61421063275022
1.80500000000000,2.65850586367609
1.80600000000000,2.69880971364789
1.80700000000000,2.73450519486725
1.80800000000000,2.76507627287563
1.80900000000000,2.79011825748750
1.81000000000000,2.80934552021755
1.81100000000000,2.82259635718057
1.81200000000000,2.82983488642453
1.81300000000000,2.83114994133910
1.81400000000000,2.82675099537497
1.81500000000000,2.81696122600337
1.81600000000000,2.80220789585133
1.81700000000000,2.78301029454566
1.81800000000000,2.75996554437190
1.81900000000000,2.73373262494073
1.82000000000000,2.70501501537179
1.82100000000000,2.67454238598925
1.82200000000000,2.64305179435273
1.82300000000000,2.61126885206150
1.82400000000000,2.57988932888476
1.82500000000000,2.54956164938774
1.82600000000000,2.52087071462196
1.82700000000000,2.49432344819114
1.82800000000000,2.47033642290950
1.82900000000000,2.44922587240315
1.83000000000000,2.43120033264556
1.83100000000000,2.41635609303041
1.83200000000000,2.40467556678033
1.83300000000000,2.39602861799143
1.83400000000000,2.39017680920649
1.83500000000000,2.38678046090630
1.83600000000000,2.38540834449445
1.83700000000000,2.38554976494925
1.83800000000000,2.38662872993809
1.83900000000000,2.38801985029993
1.84000000000000,2.38906557368023
1.84100000000000,2.38909431981255
1.84200000000000,2.38743906330493
1.84300000000000,2.38345589836458
1.84400000000000,2.37654211996638
1.84500000000000,2.36615336753653
1.84600000000000,2.35181940000080
1.84700000000000,2.33315810447667
1.84800000000000,2.30988738414832
1.84900000000000,2.28183462288894
1.85000000000000,2.24894348370485
1.85100000000000,2.21127786360773
1.85200000000000,2.16902289745950
1.85300000000000,2.12248297595873
1.85400000000000,2.07207681645929
1.85500000000000,2.01832969792121
1.85600000000000,1.96186304120148
1.85700000000000,1.90338158137880
1.85800000000000,1.84365843825593
1.85900000000000,1.78351844313430
1.86000000000000,1.72382012312507
1.86100000000000,1.66543677758840
1.86200000000000,1.60923710395280
1.86300000000000,1.55606584160347
1.86400000000000,1.50672490245696
1.86500000000000,1.46195544526074
1.86600000000000,1.42242132785399
1.86700000000000,1.38869433815910
1.86800000000000,1.36124156136479
1.86900000000000,1.34041518867623
1.87000000000000,1.32644501342415
1.87100000000000,1.31943379471064
1.87200000000000,1.31935559873604
1.87300000000000,1.32605715522179
1.87400000000000,1.33926219270706
1.87500000000000,1.35857864376269
1.87600000000000,1.38350854112356
1.87700000000000,1.41346036011156
1.87800000000000,1.44776350312008
1.87900000000000,1.48568456982162
1.88000000000000,1.52644501342416
1.88100000000000,1.56923974980331
1.88200000000000,1.61325626349881
1.88300000000000,1.65769374294467
1.88400000000000,1.70178177718749
1.88500000000000,1.74479815773535
1.88600000000000,1.78608535179045
1.88700000000000,1.82506524638905
1.88800000000000,1.86125180608682
1.88900000000000,1.89426133871548
1.89000000000000,1.92382012312507
1.89100000000000,1.94976921824528
1.89200000000000,1.97206634263998
1.89300000000000,1.99078478626856
1.89400000000000,2.00610938961797
1.89500000000000,2.01832969792120
1.89600000000000,2.02783046804279
1.89700000000000,2.03507977106895
1.89800000000000,2.04061499307546
1.89900000000000,2.04502708849675
1.90000000000000,2.04894348370485
1.90100000000000,2.05301006176186
1.90200000000000,2.05787268201429
1.90300000000000,2.06415869969108
1.90400000000000,2.07245895066732
1.90500000000000,2.08331065506190
1.90600000000000,2.09718167063289
1.90700000000000,2.11445649357899
1.90800000000000,2.13542436117091
1.90900000000000,2.16026975868548
1.91000000000000,2.18906557368022
1.91100000000000,2.22176907518894
1.91200000000000,2.25822082555405
1.91300000000000,2.29814656005949
1.91400000000000,2.34116199607796
1.91500000000000,2.38678046090630
1.91600000000000,2.43442315762299
1.91700000000000,2.48343182288119
1.91800000000000,2.53308347116437
1.91900000000000,2.58260686814138
1.92000000000000,2.63120033264556
1.92100000000000,2.67805043353022
1.92200000000000,2.72235112504352
1.92300000000000,2.76332285297673
1.92400000000000,2.80023116395544
1.92500000000000,2.83240436186236
1.92600000000000,2.85924977821825
1.92700000000000,2.88026825684708
1.92800000000000,2.89506649648676
1.92900000000000,2.90336694711632
1.93000000000000,2.90501501537179
1.93100000000000,2.89998340005170
1.93200000000000,2.88837344875594
1.93300000000000,2.87041349943542
1.93400000000000,2.84645424426782
1.93500000000000,2.81696122600337
1.93600000000000,2.78250464695848
1.93700000000000,2.74374673644933
1.93800000000000,2.70142698204049
1.93900000000000,2.65634558206959
1.94000000000000,2.60934552021756
1.94100000000000,2.56129369636042
1.94200000000000,2.51306157074161
1.94300000000000,2.46550579008167
1.94400000000000,2.41944926431440
1.94500000000000,2.37566315120147
1.94600000000000,2.33485018341674
1.94700000000000,2.29762973936486
1.94800000000000,2.26452501582852
1.94900000000000,2.23595260858811
1.95000000000000,2.21221474770753
1.95100000000000,2.19349436869405
1.95200000000000,2.17985313083206
1.95300000000000,2.17123242138128
1.95400000000000,2.16745731080832
1.95500000000000,2.16824335159622
1.95600000000000,2.17320604323787
1.95700000000000,2.18187272048805
1.95800000000000,2.19369656243839
1.95900000000000,2.20807236795417
1.96000000000000,2.22435369975205
1.96100000000000,2.24187096596837
1.96200000000000,2.25994998528916
1.96300000000000,2.27793057014717
1.96400000000000,2.29518466241967
1.96500000000000,2.31113356748476
1.96600000000000,2.32526385513069
1.96700000000000,2.33714152910208
1.96800000000000,2.34642411018882
1.96900000000000,2.35287032965310
1.97000000000000,2.35634718916774
1.97100000000000,2.35683420884146
1.97200000000000,2.35442475472017
1.97300000000000,2.34932440965745
1.97400000000000,2.34184642485364
1.97500000000000,2.33240436186236
1.97600000000000,2.32150210466733
1.97700000000000,2.30972148682069
1.97800000000000,2.29770783799331
1.97900000000000,2.28615380615383
1.98000000000000,2.27578185468756
1.98100000000000,2.26732586702410
1.98200000000000,2.26151231394262
1.98300000000000,2.25904145010811
1.98400000000000,2.26056900627609
1.98500000000000,2.26668883198949
1.98600000000000,2.27791692076184
1.98700000000000,2.29467721625673
1.98800000000000,2.31728955465586
1.98900000000000,2.34596004632199
1.99000000000000,2.38077414028946
1.99100000000000,2.42169254951799
1.99200000000000,2.46855014483889
1.99300000000000,2.52105785282905
1.99400000000000,2.57880751925473
1.99500000000000,2.64127962704591
1.99600000000000,2.70785368777931
1.99700000000000,2.77782106008930
1.99800000000000,2.85039988889952
1.99900000000000,2.92475180734395
2.00000000000000,3.00000000000000
2.00100000000000,3.07524819265605
2.00200000000000,3.14960011110050
2.00300000000000,3.22217893991072
2.00400000000000,3.29214631222068
2.00500000000000,3.35872037295408
2.00600000000000,3.42119248074527
2.00700000000000,3.47894214717096
2.00800000000000,3.53144985516110
2.00900000000000,3.57830745048200
2.01000000000000,3.61922585971055
2.01100000000000,3.65403995367801
2.01200000000000,3.68271044534413
2.01300000000000,3.70532278374326
2.01400000000000,3.72208307923816
2.01500000000000,3.73331116801051
2.01600000000000,3.73943099372390
2.01700000000000,3.74095854989189
2.01800000000000,3.73848768605737
2.01900000000000,3.73267413297590
2.02000000000000,3.72421814531243
2.02100000000000,3.71384619384617
2.02200000000000,3.70229216200668
2.02300000000000,3.69027851317930
2.02400000000000,3.67849789533267
2.02500000000000,3.66759563813764
2.02600000000000,3.65815357514635
2.02700000000000,3.65067559034255
2.02800000000000,3.64557524527983
2.02900000000000,3.64316579115854
2.03000000000000,3.64365281083225
2.03100000000000,3.64712967034690
2.03200000000000,3.65357588981118
2.03300000000000,3.66285847089792
2.03400000000000,3.67473614486930
2.03500000000000,3.68886643251524
2.03600000000000,3.70481533758033
2.03700000000000,3.72206942985283
2.03800000000000,3.74005001471085
2.03900000000000,3.75812903403164
2.04000000000000,3.77564630024794
2.04100000000000,3.79192763204584
2.04200000000000,3.80630343756161
2.04300000000000,3.81812727951196
2.04400000000000,3.82679395676213
2.04500000000000,3.83175664840378
2.04600000000000,3.83254268919169
2.04700000000000,3.82876757861873
2.04800000000000,3.82014686916794
2.04900000000000,3.80650563130596
2.05000000000000,3.78778525229248
2.05100000000000,3.76404739141188
2.05200000000000,3.73547498417149
2.05300000000000,3.70237026063514
2.05400000000000,3.66514981658327
2.05500000000000,3.62433684879853
2.05600000000000,3.58055073568560
2.05700000000000,3.53449420991834
2.05800000000000,3.48693842925839
2.05900000000000,3.43870630363956
2.06000000000000,3.39065447978245
2.06100000000000,3.34365441793041
2.06200000000000,3.29857301795952
2.06300000000000,3.25625326355067
2.06400000000000,3.21749535304152
2.06500000000000,3.18303877399663
2.06600000000000,3.15354575573218
2.06700000000000,3.12958650056457
2.06800000000000,3.11162655124406
2.06900000000000,3.10001659994830
2.07000000000000,3.09498498462821
2.07100000000000,3.09663305288368
2.07200000000000,3.10493350351324
2.07300000000000,3.11973174315292
2.07400000000000,3.14075022178175
2.07500000000000,3.16759563813764
2.07600000000000,3.19976883604456
2.07700000000000,3.23667714702327
2.07800000000000,3.27764887495647
2.07900000000000,3.32194956646979
2.08000000000000,3.36879966735444
2.08100000000000,3.41739313185861
2.08200000000000,3.46691652883563
2.08300000000000,3.51656817711882
2.08400000000000,3.56557684237701
2.08500000000000,3.61321953909369
2.08600000000000,3.65883800392204
2.08700000000000,3.70185343994052
2.08800000000000,3.74177917444595
2.08900000000000,3.77823092481105
2.09000000000000,3.81093442631978
2.09100000000000,3.83973024131453
2.09200000000000,3.86457563882909
2.09300000000000,3.88554350642100
2.09400000000000,3.90281832936710
2.09500000000000,3.91668934493809
2.09600000000000,3.92754104933267
2.09700000000000,3.93584130030891
2.09800000000000,3.94212731798571
2.09900000000000,3.94698993823813
2.10000000000000,3.95105651629515
2.10100000000000,3.95497291150326
2.10200000000000,3.95938500692453
2.10300000000000,3.96492022893104
2.10400000000000,3.97216953195721
2.10500000000000,3.98167030207879
2.10600000000000,3.99389061038202
2.10700000000000,4.00921521373144
2.10800000000000,4.02793365736002
2.10900000000000,4.05023078175472
2.11000000000000,4.07617987687492
2.11100000000000,4.10573866128453
2.11200000000000,4.13874819391319
2.11300000000000,4.17493475361094
2.11400000000000,4.21391464820955
2.11500000000000,4.25520184226465
2.11600000000000,4.29821822281252
2.11700000000000,4.34230625705533
2.11800000000000,4.38674373650119
2.11900000000000,4.43076025019671
2.12000000000000,4.47355498657585
2.12100000000000,4.51431543017837
2.12200000000000,4.55223649687992
2.12300000000000,4.58653963988846
2.12400000000000,4.61649145887645
2.12500000000000,4.64142135623731
2.12600000000000,4.66073780729294
2.12700000000000,4.67394284477822
2.12800000000000,4.68064440126396
2.12900000000000,4.68056620528936
2.13000000000000,4.67355498657585
2.13100000000000,4.65958481132376
2.13200000000000,4.63875843863521
2.13300000000000,4.61130566184091
2.13400000000000,4.57757867214601
2.13500000000000,4.53804455473926
2.13600000000000,4.49327509754304
2.13700000000000,4.44393415839653
2.13800000000000,4.39076289604721
2.13900000000000,4.33456322241158
2.14000000000000,4.27617987687491
2.14100000000000,4.21648155686571
2.14200000000000,4.15634156174407
2.14300000000000,4.09661841862120
2.14400000000000,4.03813695879852
2.14500000000000,3.98167030207879
2.14600000000000,3.92792318354072
2.14700000000000,3.87751702404126
2.14800000000000,3.83097710254049
2.14900000000000,3.78872213639228
2.15000000000000,3.75105651629516
2.15100000000000,3.71816537711105
2.15200000000000,3.69011261585168
2.15300000000000,3.66684189552334
2.15400000000000,3.64818059999921
2.15500000000000,3.63384663246347
2.15600000000000,3.62345788003362
2.15700000000000,3.61654410163543
2.15800000000000,3.61256093669507
2.15900000000000,3.61090568018745
2.16000000000000,3.61093442631979
2.16100000000000,3.61198014970008
2.16200000000000,3.61337127006191
2.16300000000000,3.61445023505076
2.16400000000000,3.61459165550555
2.16500000000000,3.61321953909370
2.16600000000000,3.60982319079351
2.16700000000000,3.60397138200858
2.16800000000000,3.59532443321968
2.16900000000000,3.58364390696960
2.17000000000000,3.56879966735444
2.17100000000000,3.55077412759685
2.17200000000000,3.52966357709050
2.17300000000000,3.50567655180886
2.17400000000000,3.47912928537804
2.17500000000000,3.45043835061225
2.17600000000000,3.42011067111523
2.17700000000000,3.38873114793850
2.17800000000000,3.35694820564727
2.17900000000000,3.32545761401076
2.18000000000000,3.29498498462821
2.18100000000000,3.26626737505927
2.18200000000000,3.24003445562810
2.18300000000000,3.21698970545434
2.18400000000000,3.19779210414867
2.18500000000000,3.18303877399663
2.18600000000000,3.17324900462502
2.18700000000000,3.16885005866091
2.18800000000000,3.17016511357547
2.18900000000000,3.17740364281943
2.19000000000000,3.19065447978245
2.19100000000000,3.20988174251249
2.19200000000000,3.23492372712437
2.19300000000000,3.26549480513274
2.19400000000000,3.30119028635211
2.19500000000000,3.34149413632390
2.19600000000000,3.38578936724978
2.19700000000000,3.43337085584957
2.19800000000000,3.48346028203747
2.19900000000000,3.53522283028480
2.20000000000000,3.58778525229248
2.20100000000000,3.64025485619498
2.20200000000000,3.69173896478389
2.20300000000000,3.74136437372896
2.20400000000000,3.78829634077519
2.20500000000000,3.83175664840378
2.20600000000000,3.87104030517862
2.20700000000000,3.90553048440170
2.20800000000000,3.93471134194565
2.20900000000000,3.95817840715682
2.21000000000000,3.97564630024795
2.21100000000000,3.98695359515870
2.21200000000000,3.99206471684487
2.21300000000000,3.99106883463841
2.21400000000000,3.98417578691382
2.21500000000000,3.97170914498985
2.21600000000000,3.95409659420278
2.21700000000000,3.93185787568350
2.21800000000000,3.90559059194520
2.21900000000000,3.87595423147397
2.22000000000000,3.84365281083225
2.22100000000000,3.80941656626952
2.22200000000000,3.77398314966387
2.22300000000000,3.73807879523232
2.22400000000000,3.70239992356284
2.22500000000000,3.66759563813763
2.22600000000000,3.63425154691618
2.22700000000000,3.60287530828955
2.22800000000000,3.57388425762263
2.22900000000000,3.54759541873519
2.23000000000000,3.52421814531243
2.23100000000000,3.50384957184883
2.23200000000000,3.48647298392336
2.23300000000000,3.47195914510631
2.23400000000000,3.46007054439043
2.23500000000000,3.45046845553589
2.23600000000000,3.44272262990467
2.23700000000000,3.43632337895768
2.23800000000000,3.43069574321012
2.23900000000000,3.42521539255094
2.24000000000000,3.41922585971055
2.24100000000000,3.41205667537104
2.24200000000000,3.40304195077706
2.24300000000000,3.39153894228120
2.24400000000000,3.37694613232877
2.24500000000000,3.35872037295409
2.24600000000000,3.33639266063720
2.24700000000000,3.30958214480048
2.24800000000000,3.27800801548451
2.24900000000000,3.24149896776704
2.25000000000000,3.20000000000000
2.25100000000000,3.15357636847102
2.25200000000000,3.10241459103354
2.25300000000000,3.04682046487487
2.25400000000000,2.98721413711280
2.25500000000000,2.92412233952053
2.25600000000000,2.85816796858820
2.25700000000000,2.79005725761463
2.25800000000000,2.72056484697292
2.25900000000000,2.65051711064507
2.26000000000000,2.58077414028945
2.26100000000000,2.51221082143296
2.26200000000000,2.44569745903990
2.26300000000000,2.38208042114651
2.26400000000000,2.32216326917832
2.26500000000000,2.26668883198949
2.26600000000000,2.21632265785960
2.26700000000000,2.17163824521835
2.26800000000000,2.13310440955857
2.26900000000000,2.10107509191312
2.27000000000000,2.07578185468757
2.27100000000000,2.05732924502676
2.27200000000000,2.04569313585930
2.27300000000000,2.04072208203511
2.27400000000000,2.04214165533384
2.27500000000000,2.04956164938775
2.27600000000000,2.06248597552016
2.27700000000000,2.08032500487187
2.27800000000000,2.10241005258616
2.27900000000000,2.12800964771438
2.28000000000000,2.15634718916775
2.28100000000000,2.18661955454212
2.28200000000000,2.21801620580478
2.28300000000000,2.24973832421231
2.28400000000000,2.28101750671422
2.28500000000000,2.31113356748477
2.28600000000000,2.33943101083616
2.28700000000000,2.36533377503694
2.28800000000000,2.38835788967320
2.28900000000000,2.40812174107935
2.29000000000000,2.42435369975204
2.29100000000000,2.43689692908123
2.29200000000000,2.44571126457242
2.29300000000000,2.45087212527363
2.29400000000000,2.45256649257135
2.29500000000000,2.45108606407084
2.29600000000000,2.44681776014179
2.29700000000000,2.44023182616686
2.29800000000000,2.43186783296608
2.29900000000000,2.42231892982111
2.30000000000000,2.41221474770752
2.30100000000000,2.40220338369908
2.30200000000000,2.39293292021255
2.30300000000000,2.38503294425462
2.30400000000000,2.37909653183322
2.30500000000000,2.37566315120147
2.30600000000000,2.37520291589791
2.30700000000000,2.37810258519190
2.30800000000000,2.38465366635757
2.30900000000000,2.39504292124945
2.31000000000000,2.40934552021755
2.31100000000000,2.42752102094251
2.31200000000000,2.44941227990647
2.31300000000000,2.47474733166375
2.31400000000000,2.50314419762501
2.31500000000000,2.53411851352874
2.31600000000000,2.56709379493433
2.31700000000000,2.60141409464985
2.31800000000000,2.63635874662192
2.31900000000000,2.67115883892463
2.32000000000000,2.70501501537179
2.32100000000000,2.73711617200535
2.32200000000000,2.76665859210271
2.32300000000000,2.79286505195731
2.32400000000000,2.81500342980175
2.32500000000000,2.83240436186237
2.32600000000000,2.84447751237194
2.32700000000000,2.85072605786649
2.32800000000000,2.85075902942756
2.32900000000000,2.84430120864120
2.33000000000000,2.83120033264556
2.33100000000000,2.81143142926846
2.33200000000000,2.78509817329840
2.33300000000000,2.75243122766676
2.33400000000000,2.71378360695646
2.33500000000000,2.66962317338092
2.33600000000000,2.62052244541145
2.33700000000000,2.56714596484506
2.33800000000000,2.51023552768807
2.33900000000000,2.45059363631602
2.34000000000000,2.38906557368023
2.34100000000000,2.32652053379645
2.34200000000000,2.26383226555494
2.34300000000000,2.20185969846877
2.34400000000000,2.14142801904940
2.34500000000000,2.08331065506190
2.34600000000000,2.02821260225083
2.34700000000000,1.97675549480132
2.34800000000000,1.92946477763026
2.34900000000000,1.88675928665088
2.35000000000000,1.84894348370484
2.35100000000000,1.81620252736968
2.35200000000000,1.78860029094145
2.35300000000000,1.76608036628337
2.35400000000000,1.74847001870932
2.35500000000000,1.73548698544659
2.35600000000000,1.72674894028450
2.35700000000000,1.72178538148299
2.35800000000000,1.72005164050596
2.35900000000000,1.72094465711820
2.36000000000000,1.72382012312508
2.36100000000000,1.72801056360450
2.36200000000000,1.73284390170279
2.36300000000000,1.73766204149930
2.36400000000000,1.74183900337395
2.36500000000000,1.74479815773537
2.36600000000000,1.74602812560397
2.36700000000000,1.74509694783444
2.36800000000000,1.74166416788285
2.36900000000000,1.73549052491429
2.37000000000000,1.72644501342415
2.37100000000000,1.71450913094870
2.37200000000000,1.69977820525410
2.37300000000000,1.68245976489713
2.37400000000000,1.66286899045704
2.37500000000000,1.64142135623731
2.37600000000000,1.61862264204054
2.37700000000000,1.59505656000736
2.37800000000000,1.57137030087005
2.37900000000000,1.54825835583770
2.38000000000000,1.52644501342416
2.38100000000000,1.50666596378721
2.38200000000000,1.48964946574882
2.38300000000000,1.47609754304886
2.38400000000000,1.46666767627049
2.38500000000000,1.46195544526073
2.38600000000000,1.46247855404046
2.38700000000000,1.46866263671370
2.38800000000000,1.48082919956875
2.38900000000000,1.49918600247743
2.39000000000000,1.52382012312507
2.39100000000000,1.55469388200722
2.39200000000000,1.59164373612192
2.39300000000000,1.63438217659322
2.39400000000000,1.68250259186800
2.39500000000000,1.73548698544659
2.39600000000000,1.79271636712579
2.39700000000000,1.85348357117315
2.39800000000000,1.91700819532550
2.39900000000000,1.98245330248065
2.40000000000000,2.04894348370485
2.40100000000000,2.11558384777797
2.40200000000000,2.18147947976428
2.40300000000000,2.24575489958690
2.40400000000000,2.30757305158430
2.40500000000000,2.36615336753654
2.40600000000000,2.42078846838288
2.40700000000000,2.47085910325434
2.40800000000000,2.51584696768896
2.40900000000000,2.55534509492354
2.41000000000000,2.58906557368022
2.41100000000000,2.61684441142700
2.41200000000000,2.63864343207210
2.41300000000000,2.65454916973483
2.41400000000000,2.66476879382793
2.41500000000000,2.66962317338091
2.41600000000000,2.66953725853998
2.41700000000000,2.66502802277701
2.41800000000000,2.65669026891434
2.41900000000000,2.64518065415748
2.42000000000000,2.63120033264556
2.42100000000000,2.61547664751412
2.42200000000000,2.59874432729353
2.42300000000000,2.58172665308090
2.42400000000000,2.56511706303846
2.42500000000000,2.54956164938774
2.42600000000000,2.53564298046827
2.42700000000000,2.52386564717173
2.42800000000000,2.51464388996869
2.42900000000000,2.50829161087826
2.43000000000000,2.50501501537179
2.43100000000000,2.50490806381365
2.43200000000000,2.50795084223788
2.43300000000000,2.51401088976008
2.43400000000000,2.52284744651784
2.43500000000000,2.53411851352876
2.43600000000000,2.54739054604150
2.43700000000000,2.56215053655351
2.43800000000000,2.57782018429051
2.43900000000000,2.59377179605349
2.44000000000000,2.60934552021755
2.44100000000000,2.62386748237652
2.44200000000000,2.63666836849160
2.44300000000000,2.64710198997750
2.44400000000000,2.65456336523139
2.44500000000000,2.65850586367609
2.44600000000000,2.65845698116672
2.44700000000000,2.65403234904020
2.44800000000000,2.64494762234659
2.44900000000000,2.63102794482617
2.45000000000000,2.61221474770752
2.45100000000000,2.58856970493211
2.45200000000000,2.56027573735013
2.45300000000000,2.52763503105663
2.45400000000000,2.49106410855829
2.45500000000000,2.45108606407084
2.45600000000000,2.40832014415486
2.45700000000000,2.36346892038387
2.45800000000000,2.31730336018836
2.45900000000000,2.27064615397025
2.46000000000000,2.22435369975206
2.46100000000000,2.17929717995228
2.46200000000000,2.13634318753918
2.46300000000000,2.09633437025135
2.46400000000000,2.06007056150267
2.46500000000000,2.02829085501015
2.46600000000000,2.00165705738071
2.46700000000000,1.98073891942673
2.46800000000000,1.96600150367076
2.46900000000000,1.95779499341505
2.47000000000000,1.95634718916774
2.47100000000000,1.96175887260341
2.47200000000000,1.97400214820211
2.47300000000000,1.99292179998210
2.47400000000000,2.01823962710367
2.47500000000000,2.04956164938774
2.47600000000000,2.08638800375033
2.47700000000000,2.12812528692487
2.47800000000000,2.17410104024335
2.47900000000000,2.22358002013775
2.48000000000000,2.27578185468757
2.48100000000000,2.32989965304018
2.48200000000000,2.38511911169260
2.48300000000000,2.44063765000393
2.48400000000000,2.49568310719308
2.48500000000000,2.54953154446410
2.48600000000000,2.60152371851183
2.48700000000000,2.65107982593208
2.48800000000000,2.69771216117392
2.48900000000000,2.74103538256004
2.49000000000000,2.78077414028946
2.49100000000000,2.81676788575605
2.49200000000000,2.84897275135696
2.49300000000000,2.87746046250438
2.49400000000000,2.90241431700472
2.49500000000000,2.92412233952053
2.49600000000000,2.94296778869629
2.49700000000000,2.95941725998511
2.49800000000000,2.97400668664949
2.49900000000000,2.98732559336003
2.50000000000000,3.00000000000000
2.50100000000000,3.01267440663995
2.50200000000000,3.02599331335049
2.50300000000000,3.04058274001489
2.50400000000000,3.05703221130370
2.50500000000000,3.07587766047947
2.50600000000000,3.09758568299529
2.50700000000000,3.12253953749560
2.50800000000000,3.15102724864304
2.50900000000000,3.18323211424395
2.51000000000000,3.21922585971054
2.51100000000000,3.25896461743996
2.51200000000000,3.30228783882606
2.51300000000000,3.34892017406791
2.51400000000000,3.39847628148819
2.51500000000000,3.45046845553589
2.51600000000000,3.50431689280692
2.51700000000000,3.55936234999607
2.51800000000000,3.61488088830741
2.51900000000000,3.67010034695981
2.52000000000000,3.72421814531243
2.52100000000000,3.77641997986225
2.52200000000000,3.82589895975667
2.52300000000000,3.87187471307513
2.52400000000000,3.91361199624966
2.52500000000000,3.95043835061225
2.52600000000000,3.98176037289634
2.52700000000000,4.00707820001790
2.52800000000000,4.02599785179789
2.52900000000000,4.03824112739659
2.53000000000000,4.04365281083225
2.53100000000000,4.04220500658495
2.53200000000000,4.03399849632924
2.53300000000000,4.01926108057327
2.53400000000000,3.99834294261928
2.53500000000000,3.97170914498985
2.53600000000000,3.93992943849732
2.53700000000000,3.90366562974865
2.53800000000000,3.86365681246081
2.53900000000000,3.82070282004772
2.54000000000000,3.77564630024796
2.54100000000000,3.72935384602975
2.54200000000000,3.68269663981161
2.54300000000000,3.63653107961613
2.54400000000000,3.59167985584514
2.54500000000000,3.54891393592916
2.54600000000000,3.50893589144170
2.54700000000000,3.47236496894337
2.54800000000000,3.43972426264988
2.54900000000000,3.41143029506790
2.55000000000000,3.38778525229247
2.55100000000000,3.36897205517384
2.55200000000000,3.35505237765343
2.55300000000000,3.34596765095980
2.55400000000000,3.34154301883328
2.55500000000000,3.34149413632390
2.55600000000000,3.34543663476861
2.55700000000000,3.35289801002252
2.55800000000000,3.36333163150841
2.55900000000000,3.37613251762349
2.56000000000000,3.39065447978245
2.56100000000000,3.40622820394650
2.56200000000000,3.42217981570950
2.56300000000000,3.43784946344649
2.56400000000000,3.45260945395851
2.56500000000000,3.46588148647125
2.56600000000000,3.47715255348216
2.56700000000000,3.48598911023993
2.56800000000000,3.49204915776213
2.56900000000000,3.49509193618635
2.57000000000000,3.49498498462821
2.57100000000000,3.49170838912173
2.57200000000000,3.48535611003130
2.57300000000000,3.47613435282827
2.57400000000000,3.46435701953174
2.57500000000000,3.45043835061226
2.57600000000000,3.43488293696154
2.57700000000000,3.41827334691910
2.57800000000000,3.40125567270646
2.57900000000000,3.38452335248587
2.58000000000000,3.36879966735443
2.58100000000000,3.35481934584252
2.58200000000000,3.34330973108566
2.58300000000000,3.33497197722299
2.58400000000000,3.33046274146002
2.58500000000000,3.33037682661908
2.58600000000000,3.33523120617207
2.58700000000000,3.34545083026516
2.58800000000000,3.36135656792789
2.58900000000000,3.38315558857300
2.59000000000000,3.41093442631977
2.59100000000000,3.44465490507647
2.59200000000000,3.48415303231103
2.59300000000000,3.52914089674565
2.59400000000000,3.57921153161712
2.59500000000000,3.63384663246347
2.59600000000000,3.69242694841569
2.59700000000000,3.75424510041310
2.59800000000000,3.81852052023570
2.59900000000000,3.88441615222205
2.60000000000000,3.95105651629516
2.60100000000000,4.01754669751934
2.60200000000000,4.08299180467451
2.60300000000000,4.14651642882688
2.60400000000000,4.20728363287419
2.60500000000000,4.26451301455341
2.60600000000000,4.31749740813200
2.60700000000000,4.36561782340679
2.60800000000000,4.40835626387809
2.60900000000000,4.44530611799276
2.61000000000000,4.47617987687492
2.61100000000000,4.50081399752258
2.61200000000000,4.51917080043124
2.61300000000000,4.53133736328629
2.61400000000000,4.53752144595953
2.61500000000000,4.53804455473925
2.61600000000000,4.53333232372951
2.61700000000000,4.52390245695114
2.61800000000000,4.51035053425117
2.61900000000000,4.49333403621278
2.62000000000000,4.47355498657584
2.62100000000000,4.45174164416228
2.62200000000000,4.42862969912994
2.62300000000000,4.40494343999262
2.62400000000000,4.38137735795945
2.62500000000000,4.35857864376269
2.62600000000000,4.33713100954297
2.62700000000000,4.31754023510286
2.62800000000000,4.30022179474590
2.62900000000000,4.28549086905131
2.63000000000000,4.27355498657585
2.63100000000000,4.26450947508571
2.63200000000000,4.25833583211715
2.63300000000000,4.25490305216556
2.63400000000000,4.25397187439603
2.63500000000000,4.25520184226464
2.63600000000000,4.25816099662605
2.63700000000000,4.26233795850072
2.63800000000000,4.26715609829723
2.63900000000000,4.27198943639551
2.64000000000000,4.27617987687493
2.64100000000000,4.27905534288179
2.64200000000000,4.27994835949404
2.64300000000000,4.27821461851703
2.64400000000000,4.27325105971551
2.64500000000000,4.26451301455343
2.64600000000000,4.25152998129069
2.64700000000000,4.23391963371662
2.64800000000000,4.21139970905856
2.64900000000000,4.18379747263033
2.65000000000000,4.15105651629516
2.65100000000000,4.11324071334911
2.65200000000000,4.07053522236974
2.65300000000000,4.02324450519868
2.65400000000000,3.97178739774919
2.65500000000000,3.91668934493808
2.65600000000000,3.85857198095061
2.65700000000000,3.79814030153125
2.65800000000000,3.73616773444505
2.65900000000000,3.67347946620353
2.66000000000000,3.61093442631977
2.66100000000000,3.54940636368398
2.66200000000000,3.48976447231194
2.66300000000000,3.43285403515492
2.66400000000000,3.37947755458856
2.66500000000000,3.33037682661908
2.66600000000000,3.28621639304353
2.66700000000000,3.24756877233322
2.66800000000000,3.21490182670161
2.66900000000000,3.18856857073154
2.67000000000000,3.16879966735444
2.67100000000000,3.15569879135880
2.67200000000000,3.14924097057244
2.67300000000000,3.14927394213352
2.67400000000000,3.15552248762806
2.67500000000000,3.16759563813764
2.67600000000000,3.18499657019824
2.67700000000000,3.20713494804268
2.67800000000000,3.23334140789729
2.67900000000000,3.26288382799467
2.68000000000000,3.29498498462822
2.68100000000000,3.32884116107537
2.68200000000000,3.36364125337809
2.68300000000000,3.39858590535017
2.68400000000000,3.43290620506566
2.68500000000000,3.46588148647125
2.68600000000000,3.49685580237500
2.68700000000000,3.52525266833626
2.68800000000000,3.55058772009354
2.68900000000000,3.57247897905749
2.69000000000000,3.59065447978245
2.69100000000000,3.60495707875055
2.69200000000000,3.61534633364243
2.69300000000000,3.62189741480809
2.69400000000000,3.62479708410210
2.69500000000000,3.62433684879852
2.69600000000000,3.62090346816676
2.69700000000000,3.61496705574539
2.69800000000000,3.60706707978744
2.69900000000000,3.59779661630091
2.70000000000000,3.58778525229248
2.70100000000000,3.57768107017887
2.70200000000000,3.56813216703392
2.70300000000000,3.55976817383314
2.70400000000000,3.55318223985819
2.70500000000000,3.54891393592916
2.70600000000000,3.54743350742864
2.70700000000000,3.54912787472636
2.70800000000000,3.55428873542759
2.70900000000000,3.56310307091876
2.71000000000000,3.57564630024795
2.71100000000000,3.59187825892065
2.71200000000000,3.61164211032680
2.71300000000000,3.63466622496306
2.71400000000000,3.66056898916384
2.71500000000000,3.68886643251523
2.71600000000000,3.71898249328581
2.71700000000000,3.75026167578769
2.71800000000000,3.78198379419523
2.71900000000000,3.81338044545787
2.72000000000000,3.84365281083225
2.72100000000000,3.87199035228562
2.72200000000000,3.89758994741385
2.72300000000000,3.91967499512814
2.72400000000000,3.93751402447985
2.72500000000000,3.95043835061226
2.72600000000000,3.95785834466616
2.72700000000000,3.95927791796489
2.72800000000000,3.95430686414070
2.72900000000000,3.94267075497324
2.73000000000000,3.92421814531244
2.73100000000000,3.89892490808689
2.73200000000000,3.86689559044142
2.73300000000000,3.82836175478165
2.73400000000000,3.78367734214041
2.73500000000000,3.73331116801052
2.73600000000000,3.67783673082166
2.73700000000000,3.61791957885350
2.73800000000000,3.55430254096009
2.73900000000000,3.48778917856703
2.74000000000000,3.41922585971053
2.74100000000000,3.34948288935493
2.74200000000000,3.27943515302708
2.74300000000000,3.20994274238538
2.74400000000000,3.14183203141177
2.74500000000000,3.07587766047948
2.74600000000000,3.01278586288721
2.74700000000000,2.95317953512513
2.74800000000000,2.89758540896645
2.74900000000000,2.84642363152898
2.75000000000000,2.80000000000000
2.75100000000000,2.75850103223298
2.75200000000000,2.72199198451548
2.75300000000000,2.69041785519953
2.75400000000000,2.66360733936282
2.75500000000000,2.64127962704590
2.75600000000000,2.62305386767123
2.75700000000000,2.60846105771882
2.75800000000000,2.59695804922294
2.75900000000000,2.58794332462899
2.76000000000000,2.58077414028946
2.76100000000000,2.57478460744907
2.76200000000000,2.56930425678989
2.76300000000000,2.56367662104232
2.76400000000000,2.55727737009532
2.76500000000000,2.54953154446412
2.76600000000000,2.53992945560958
2.76700000000000,2.52804085489369
2.76800000000000,2.51352701607664
2.76900000000000,2.49615042815118
2.77000000000000,2.47578185468757
2.77100000000000,2.45240458126482
2.77200000000000,2.42611574237736
2.77300000000000,2.39712469171046
2.77400000000000,2.36574845308382
2.77500000000000,2.33240436186236
2.77600000000000,2.29760007643714
2.77700000000000,2.26192120476768
2.77800000000000,2.22601685033613
2.77900000000000,2.19058343373048
2.78000000000000,2.15634718916774
2.78100000000000,2.12404576852602
2.78200000000000,2.09440940805479
2.78300000000000,2.06814212431649
2.78400000000000,2.04590340579720
2.78500000000000,2.02829085501014
2.78600000000000,2.01582421308618
2.78700000000000,2.00893116536159
2.78800000000000,2.00793528315514
2.78900000000000,2.01304640484130
2.79000000000000,2.02435369975204
2.79100000000000,2.04182159284318
2.79200000000000,2.06528865805435
2.79300000000000,2.09446951559829
2.79400000000000,2.12895969482138
2.79500000000000,2.16824335159621
2.79600000000000,2.21170365922482
2.79700000000000,2.25863562627105
2.79800000000000,2.30826103521609
2.79900000000000,2.35974514380502
2.80000000000000,2.41221474770754
2.80100000000000,2.46477716971519
2.80200000000000,2.51653971796254
2.80300000000000,2.56662914415044
2.80400000000000,2.61421063275023
2.80500000000000,2.65850586367610
2.80600000000000,2.69880971364787
2.80700000000000,2.73450519486725
2.80800000000000,2.76507627287565
2.80900000000000,2.79011825748750
2.81000000000000,2.80934552021755
2.81100000000000,2.82259635718057
2.81200000000000,2.82983488642452
2.81300000000000,2.83114994133909
2.81400000000000,2.82675099537498
2.81500000000000,2.81696122600337
2.81600000000000,2.80220789585133
2.81700000000000,2.78301029454565
2.81800000000000,2.75996554437189
2.81900000000000,2.73373262494072
2.82000000000000,2.70501501537179
2.82100000000000,2.67454238598924
2.82200000000000,2.64305179435273
2.82300000000000,2.61126885206150
2.82400000000000,2.57988932888477
2.82500000000000,2.54956164938774
2.82600000000000,2.52087071462196
2.82700000000000,2.49432344819114
2.82800000000000,2.47033642290950
2.82900000000000,2.44922587240314
2.83000000000000,2.43120033264556
2.83100000000000,2.41635609303041
2.83200000000000,2.40467556678033
2.83300000000000,2.39602861799142
2.83400000000000,2.39017680920650
2.83500000000000,2.38678046090630
2.83600000000000,2.38540834449444
2.83700000000000,2.38554976494926
2.83800000000000,2.38662872993809
2.83900000000000,2.38801985029993
2.84000000000000,2.38906557368023
2.84100000000000,2.38909431981255
2.84200000000000,2.38743906330493
2.84300000000000,2.38345589836458
2.84400000000000,2.37654211996638
2.84500000000000,2.36615336753654
2.84600000000000,2.35181940000081
2.84700000000000,2.33315810447666
2.84800000000000,2.30988738414833
2.84900000000000,2.28183462288894
2.85000000000000,2.24894348370484
2.85100000000000,2.21127786360773
2.85200000000000,2.16902289745951
2.85300000000000,2.12248297595873
2.85400000000000,2.07207681645929
2.85500000000000,2.01832969792120
2.85600000000000,1.96186304120150
2.85700000000000,1.90338158137879
2.85800000000000,1.84365843825593
2.85900000000000,1.78351844313431
2.86000000000000,1.72382012312508
2.86100000000000,1.66543677758839
2.86200000000000,1.60923710395279
2.86300000000000,1.55606584160348
2.86400000000000,1.50672490245697
2.86500000000000,1.46195544526074
2.86600000000000,1.42242132785399
2.86700000000000,1.38869433815910
2.86800000000000,1.36124156136479
2.86900000000000,1.34041518867623
2.87000000000000,1.32644501342415
2.87100000000000,1.31943379471064
2.87200000000000,1.31935559873603
2.87300000000000,1.32605715522179
2.87400000000000,1.33926219270706
2.87500000000000,1.35857864376269
2.87600000000000,1.38350854112355
2.87700000000000,1.41346036011156
2.87800000000000,1.44776350312007
2.87900000000000,1.48568456982162
2.88000000000000,1.52644501342415
2.88100000000000,1.56923974980331
2.88200000000000,1.61325626349881
2.88300000000000,1.65769374294468
2.88400000000000,1.70178177718747
2.88500000000000,1.74479815773537
2.88600000000000,1.78608535179045
2.88700000000000,1.82506524638905
2.88800000000000,1.86125180608681
2.88900000000000,1.89426133871549
2.89000000000000,1.92382012312507
2.89100000000000,1.94976921824528
2.89200000000000,1.97206634263997
2.89300000000000,1.99078478626856
2.89400000000000,2.00610938961798
2.89500000000000,2.01832969792120
2.89600000000000,2.02783046804279
2.89700000000000,2.03507977106896
2.89800000000000,2.04061499307545
2.89900000000000,2.04502708849675
2.90000000000000,2.04894348370485
2.90100000000000,2.05301006176186
2.90200000000000,2.05787268201430
2.90300000000000,2.06415869969107
2.90400000000000,2.07245895066731
2.90500000000000,2.08331065506191
2.90600000000000,2.09718167063288
2.90700000000000,2.11445649357899
2.90800000000000,2.13542436117091
2.90900000000000,2.16026975868547
2.91000000000000,2.18906557368022
2.91100000000000,2.22176907518895
2.91200000000000,2.25822082555404
2.91300000000000,2.29814656005950
2.91400000000000,2.34116199607795
2.91500000000000,2.38678046090630
2.91600000000000,2.43442315762298
2.91700000000000,2.48343182288119
2.91800000000000,2.53308347116437
2.91900000000000,2.58260686814139
2.92000000000000,2.63120033264556
2.92100000000000,2.67805043353024
2.92200000000000,2.72235112504353
2.92300000000000,2.76332285297672
2.92400000000000,2.80023116395545
2.92500000000000,2.83240436186237
2.92600000000000,2.85924977821825
2.92700000000000,2.88026825684708
2.92800000000000,2.89506649648676
2.92900000000000,2.90336694711632
2.93000000000000,2.90501501537179
2.93100000000000,2.89998340005171
2.93200000000000,2.88837344875594
2.93300000000000,2.87041349943541
2.93400000000000,2.84645424426782
2.93500000000000,2.81696122600337
2.93600000000000,2.78250464695849
2.93700000000000,2.74374673644933
2.93800000000000,2.70142698204048
2.93900000000000,2.65634558206959
2.94000000000000,2.60934552021755
2.94100000000000,2.56129369636041
2.94200000000000,2.51306157074161
2.94300000000000,2.46550579008168
2.94400000000000,2.41944926431440
2.94500000000000,2.37566315120149
2.94600000000000,2.33485018341673
2.94700000000000,2.29762973936485
2.94800000000000,2.26452501582852
2.94900000000000,2.23595260858812
2.95000000000000,2.21221474770752
2.95100000000000,2.19349436869405
2.95200000000000,2.17985313083206
2.95300000000000,2.17123242138129
2.95400000000000,2.16745731080832
2.95500000000000,2.16824335159622
2.95600000000000,2.17320604323788
2.95700000000000,2.18187272048805
2.95800000000000,2.19369656243839
2.95900000000000,2.20807236795417
2.96000000000000,2.22435369975205
2.96100000000000,2.24187096596836
2.96200000000000,2.25994998528917
2.96300000000000,2.27793057014718
2.96400000000000,2.29518466241967
2.96500000000000,2.31113356748476
2.96600000000000,2.32526385513070
2.96700000000000,2.33714152910209
2.96800000000000,2.34642411018882
2.96900000000000,2.35287032965310
2.97000000000000,2.35634718916775
2.97100000000000,2.35683420884146
2.97200000000000,2.35442475472017
2.97300000000000,2.34932440965745
2.97400000000000,2.34184642485364
2.97500000000000,2.33240436186236
2.97600000000000,2.32150210466732
2.97700000000000,2.30972148682069
2.97800000000000,2.29770783799331
2.97900000000000,2.28615380615384
2.98000000000000,2.27578185468757
2.98100000000000,2.26732586702410
2.98200000000000,2.26151231394261
2.98300000000000,2.25904145010810
2.98400000000000,2.26056900627608
2.98500000000000,2.26668883198948
2.98600000000000,2.27791692076184
2.98700000000000,2.29467721625674
2.98800000000000,2.31728955465587
2.98900000000000,2.34596004632198
2.99000000000000,2.38077414028946
2.99100000000000,2.42169254951799
2.99200000000000,2.46855014483889
2.99300000000000,2.52105785282903
2.99400000000000,2.57880751925475
2.99500000000000,2.64127962704590
2.99600000000000,2.70785368777931
2.99700000000000,2.77782106008928
2.99800000000000,2.85039988889953
2.99900000000000,2.92475180734395
3.00000000000000,2.99999999999998
3.00100000000000,3.07524819265604
3.00200000000000,3.14960011110049
3.00300000000000,3.22217893991071
3.00400000000000,3.29214631222068
3.00500000000000,3.35872037295409
3.00600000000000,3.42119248074527
3.00700000000000,3.47894214717096
3.00800000000000,3.53144985516110
3.00900000000000,3.57830745048200
3.01000000000000,3.61922585971055
3.01100000000000,3.65403995367801
3.01200000000000,3.68271044534412
3.01300000000000,3.70532278374325
3.01400000000000,3.72208307923815
3.01500000000000,3.73331116801051
3.01600000000000,3.73943099372391
3.01700000000000,3.74095854989189
3.01800000000000,3.73848768605737
3.01900000000000,3.73267413297589
3.02000000000000,3.72421814531242
3.02100000000000,3.71384619384616
3.02200000000000,3.70229216200667
3.02300000000000,3.69027851317931
3.02400000000000,3.67849789533268
3.02500000000000,3.66759563813764
3.02600000000000,3.65815357514635
3.02700000000000,3.65067559034255
3.02800000000000,3.64557524527983
3.02900000000000,3.64316579115854
3.03000000000000,3.64365281083226
3.03100000000000,3.64712967034690
3.03200000000000,3.65357588981118
3.03300000000000,3.66285847089792
3.03400000000000,3.67473614486931
3.03500000000000,3.68886643251524
3.03600000000000,3.70481533758033
3.03700000000000,3.72206942985283
3.03800000000000,3.74005001471085
3.03900000000000,3.75812903403164
3.04000000000000,3.77564630024795
3.04100000000000,3.79192763204583
3.04200000000000,3.80630343756162
3.04300000000000,3.81812727951196
3.04400000000000,3.82679395676212
3.04500000000000,3.83175664840379
3.04600000000000,3.83254268919169
3.04700000000000,3.82876757861872
3.04800000000000,3.82014686916794
3.04900000000000,3.80650563130595
3.05000000000000,3.78778525229248
3.05100000000000,3.76404739141189
3.05200000000000,3.73547498417148
3.05300000000000,3.70237026063516
3.05400000000000,3.66514981658325
3.05500000000000,3.62433684879851
3.05600000000000,3.58055073568560
3.05700000000000,3.53449420991833
3.05800000000000,3.48693842925836
3.05900000000000,3.43870630363957
3.06000000000000,3.39065447978245
3.06100000000000,3.34365441793041
3.06200000000000,3.29857301795950
3.06300000000000,3.25625326355066
3.06400000000000,3.21749535304152
3.06500000000000,3.18303877399664
3.06600000000000,3.15354575573217
3.06700000000000,3.12958650056458
3.06800000000000,3.11162655124407
3.06900000000000,3.10001659994830
3.07000000000000,3.09498498462821
3.07100000000000,3.09663305288368
3.07200000000000,3.10493350351324
3.07300000000000,3.11973174315292
3.07400000000000,3.14075022178175
3.07500000000000,3.16759563813764
3.07600000000000,3.19976883604455
3.07700000000000,3.23667714702328
3.07800000000000,3.27764887495647
3.07900000000000,3.32194956646979
3.08000000000000,3.36879966735444
3.08100000000000,3.41739313185861
3.08200000000000,3.46691652883562
3.08300000000000,3.51656817711882
3.08400000000000,3.56557684237701
3.08500000000000,3.61321953909370
3.08600000000000,3.65883800392205
3.08700000000000,3.70185343994052
3.08800000000000,3.74177917444595
3.08900000000000,3.77823092481105
3.09000000000000,3.81093442631978
3.09100000000000,3.83973024131453
3.09200000000000,3.86457563882908
3.09300000000000,3.88554350642100
3.09400000000000,3.90281832936711
3.09500000000000,3.91668934493809
3.09600000000000,3.92754104933268
3.09700000000000,3.93584130030892
3.09800000000000,3.94212731798569
3.09900000000000,3.94698993823813
3.10000000000000,3.95105651629514
3.10100000000000,3.95497291150324
3.10200000000000,3.95938500692454
3.10300000000000,3.96492022893103
3.10400000000000,3.97216953195720
3.10500000000000,3.98167030207880
3.10600000000000,3.99389061038201
3.10700000000000,4.00921521373144
3.10800000000000,4.02793365736002
3.10900000000000,4.05023078175471
3.11000000000000,4.07617987687492
3.11100000000000,4.10573866128452
3.11200000000000,4.13874819391318
3.11300000000000,4.17493475361095
3.11400000000000,4.21391464820955
3.11500000000000,4.25520184226465
3.11600000000000,4.29821822281252
3.11700000000000,4.34230625705532
3.11800000000000,4.38674373650119
3.11900000000000,4.43076025019670
3.12000000000000,4.47355498657585
3.12100000000000,4.51431543017838
3.12200000000000,4.55223649687992
3.12300000000000,4.58653963988846
3.12400000000000,4.61649145887645
3.12500000000000,4.64142135623731
3.12600000000000,4.66073780729294
3.12700000000000,4.67394284477821
3.12800000000000,4.68064440126397
3.12900000000000,4.68056620528936
3.13000000000000,4.67355498657585
3.13100000000000,4.65958481132377
3.13200000000000,4.63875843863521
3.13300000000000,4.61130566184090
3.13400000000000,4.57757867214601
3.13500000000000,4.53804455473925
3.13600000000000,4.49327509754304
3.13700000000000,4.44393415839653
3.13800000000000,4.39076289604721
3.13900000000000,4.33456322241159
3.14000000000000,4.27617987687492
3.14100000000000,4.21648155686570
3.14200000000000,4.15634156174407
3.14300000000000,4.09661841862119
3.14400000000000,4.03813695879851
3.14500000000000,3.98167030207880
3.14600000000000,3.92792318354072
3.14700000000000,3.87751702404127
3.14800000000000,3.83097710254050
3.14900000000000,3.78872213639227
3.15000000000000,3.75105651629517
3.15100000000000,3.71816537711106
3.15200000000000,3.69011261585168
3.15300000000000,3.66684189552335
3.15400000000000,3.64818059999920
3.15500000000000,3.63384663246346
3.15600000000000,3.62345788003363
3.15700000000000,3.61654410163543
3.15800000000000,3.61256093669508
3.15900000000000,3.61090568018746
3.16000000000000,3.61093442631978
3.16100000000000,3.61198014970008
3.16200000000000,3.61337127006191
3.16300000000000,3.61445023505075
3.16400000000000,3.61459165550556
3.16500000000000,3.61321953909371
3.16600000000000,3.60982319079351
3.16700000000000,3.60397138200858
3.16800000000000,3.59532443321967
3.16900000000000,3.58364390696959
3.17000000000000,3.56879966735444
3.17100000000000,3.55077412759685
3.17200000000000,3.52966357709050
3.17300000000000,3.50567655180886
3.17400000000000,3.47912928537804
3.17500000000000,3.45043835061225
3.17600000000000,3.42011067111523
3.17700000000000,3.38873114793850
3.17800000000000,3.35694820564726
3.17900000000000,3.32545761401074
3.18000000000000,3.29498498462821
3.18100000000000,3.26626737505928
3.18200000000000,3.24003445562811
3.18300000000000,3.21698970545434
3.18400000000000,3.19779210414866
3.18500000000000,3.18303877399663
3.18600000000000,3.17324900462502
3.18700000000000,3.16885005866090
3.18800000000000,3.17016511357547
3.18900000000000,3.17740364281943
3.19000000000000,3.19065447978245
3.19100000000000,3.20988174251250
3.19200000000000,3.23492372712436
3.19300000000000,3.26549480513275
3.19400000000000,3.30119028635212
3.19500000000000,3.34149413632392
3.19600000000000,3.38578936724978
3.19700000000000,3.43337085584955
3.19800000000000,3.48346028203746
3.19900000000000,3.53522283028483
3.20000000000000,3.58778525229248
3.20100000000000,3.64025485619498
3.20200000000000,3.69173896478390
3.20300000000000,3.74136437372894
3.20400000000000,3.78829634077519
3.20500000000000,3.83175664840378
3.20600000000000,3.87104030517862
3.20700000000000,3.90553048440171
3.20800000000000,3.93471134194566
3.20900000000000,3.95817840715682
3.21000000000000,3.97564630024795
3.21100000000000,3.98695359515870
3.21200000000000,3.99206471684486
3.21300000000000,3.99106883463841
3.21400000000000,3.98417578691381
3.21500000000000,3.97170914498986
3.21600000000000,3.95409659420278
3.21700000000000,3.93185787568350
3.21800000000000,3.90559059194520
3.21900000000000,3.87595423147398
3.22000000000000,3.84365281083225
3.22100000000000,3.80941656626952
3.22200000000000,3.77398314966387
3.22300000000000,3.73807879523232
3.22400000000000,3.70239992356284
3.22500000000000,3.66759563813764
3.22600000000000,3.63425154691618
3.22700000000000,3.60287530828954
3.22800000000000,3.57388425762264
3.22900000000000,3.54759541873519
3.23000000000000,3.52421814531243
3.23100000000000,3.50384957184883
3.23200000000000,3.48647298392336
3.23300000000000,3.47195914510632
3.23400000000000,3.46007054439043
3.23500000000000,3.45046845553589
3.23600000000000,3.44272262990469
3.23700000000000,3.43632337895769
3.23800000000000,3.43069574321012
3.23900000000000,3.42521539255094
3.24000000000000,3.41922585971054
3.24100000000000,3.41205667537102
3.24200000000000,3.40304195077707
3.24300000000000,3.39153894228119
3.24400000000000,3.37694613232877
3.24500000000000,3.35872037295411
3.24600000000000,3.33639266063719
3.24700000000000,3.30958214480048
3.24800000000000,3.27800801548452
3.24900000000000,3.24149896776703
3.25000000000000,3.20000000000001
3.25100000000000,3.15357636847103
3.25200000000000,3.10241459103353
3.25300000000000,3.04682046487488
3.25400000000000,2.98721413711280
3.25500000000000,2.92412233952053
3.25600000000000,2.85816796858821
3.25700000000000,2.79005725761463
3.25800000000000,2.72056484697293
3.25900000000000,2.65051711064508
3.26000000000000,2.58077414028944
3.26100000000000,2.51221082143296
3.26200000000000,2.44569745903990
3.26300000000000,2.38208042114650
3.26400000000000,2.32216326917833
3.26500000000000,2.26668883198949
3.26600000000000,2.21632265785960
3.26700000000000,2.17163824521835
3.26800000000000,2.13310440955857
3.26900000000000,2.10107509191312
3.27000000000000,2.07578185468757
3.27100000000000,2.05732924502676
3.27200000000000,2.04569313585930
3.27300000000000,2.04072208203511
3.27400000000000,2.04214165533384
3.27500000000000,2.04956164938774
3.27600000000000,2.06248597552017
3.27700000000000,2.08032500487188
3.27800000000000,2.10241005258616
3.27900000000000,2.12800964771437
3.28000000000000,2.15634718916776
3.28100000000000,2.18661955454213
3.28200000000000,2.21801620580479
3.28300000000000,2.24973832421232
3.28400000000000,2.28101750671421
3.28500000000000,2.31113356748477
3.28600000000000,2.33943101083616
3.28700000000000,2.36533377503694
3.28800000000000,2.38835788967320
3.28900000000000,2.40812174107935
3.29000000000000,2.42435369975205
3.29100000000000,2.43689692908124
3.29200000000000,2.44571126457240
3.29300000000000,2.45087212527364
3.29400000000000,2.45256649257137
3.29500000000000,2.45108606407084
3.29600000000000,2.44681776014179
3.29700000000000,2.44023182616684
3.29800000000000,2.43186783296607
3.29900000000000,2.42231892982111
3.30000000000000,2.41221474770752
3.30100000000000,2.40220338369909
3.30200000000000,2.39293292021256
3.30300000000000,2.38503294425461
3.30400000000000,2.37909653183323
3.30500000000000,2.37566315120148
3.30600000000000,2.37520291589790
3.30700000000000,2.37810258519190
3.30800000000000,2.38465366635757
3.30900000000000,2.39504292124945
3.31000000000000,2.40934552021755
3.31100000000000,2.42752102094251
3.31200000000000,2.44941227990647
3.31300000000000,2.47474733166376
3.31400000000000,2.50314419762500
3.31500000000000,2.53411851352874
3.31600000000000,2.56709379493435
3.31700000000000,2.60141409464985
3.31800000000000,2.63635874662193
3.31900000000000,2.67115883892464
3.32000000000000,2.70501501537179
3.32100000000000,2.73711617200534
3.32200000000000,2.76665859210271
3.32300000000000,2.79286505195732
3.32400000000000,2.81500342980175
3.32500000000000,2.83240436186236
3.32600000000000,2.84447751237194
3.32700000000000,2.85072605786648
3.32800000000000,2.85075902942757
3.32900000000000,2.84430120864120
3.33000000000000,2.83120033264556
3.33100000000000,2.81143142926847
3.33200000000000,2.78509817329840
3.33300000000000,2.75243122766677
3.33400000000000,2.71378360695647
3.33500000000000,2.66962317338091
3.33600000000000,2.62052244541146
3.33700000000000,2.56714596484506
3.33800000000000,2.51023552768806
3.33900000000000,2.45059363631602
3.34000000000000,2.38906557368022
3.34100000000000,2.32652053379645
3.34200000000000,2.26383226555495
3.34300000000000,2.20185969846876
3.34400000000000,2.14142801904940
3.34500000000000,2.08331065506191
3.34600000000000,2.02821260225083
3.34700000000000,1.97675549480133
3.34800000000000,1.92946477763027
3.34900000000000,1.88675928665087
3.35000000000000,1.84894348370485
3.35100000000000,1.81620252736968
3.35200000000000,1.78860029094144
3.35300000000000,1.76608036628338
3.35400000000000,1.74847001870931
3.35500000000000,1.73548698544659
3.35600000000000,1.72674894028451
3.35700000000000,1.72178538148298
3.35800000000000,1.72005164050597
3.35900000000000,1.72094465711822
3.36000000000000,1.72382012312508
3.36100000000000,1.72801056360450
3.36200000000000,1.73284390170278
3.36300000000000,1.73766204149929
3.36400000000000,1.74183900337395
3.36500000000000,1.74479815773537
3.36600000000000,1.74602812560397
3.36700000000000,1.74509694783444
3.36800000000000,1.74166416788285
3.36900000000000,1.73549052491429
3.37000000000000,1.72644501342415
3.37100000000000,1.71450913094869
3.37200000000000,1.69977820525410
3.37300000000000,1.68245976489713
3.37400000000000,1.66286899045703
3.37500000000000,1.64142135623731
3.37600000000000,1.61862264204054
3.37700000000000,1.59505656000737
3.37800000000000,1.57137030087005
3.37900000000000,1.54825835583771
3.38000000000000,1.52644501342415
3.38100000000000,1.50666596378722
3.38200000000000,1.48964946574883
3.38300000000000,1.47609754304886
3.38400000000000,1.46666767627049
3.38500000000000,1.46195544526073
3.38600000000000,1.46247855404045
3.38700000000000,1.46866263671371
3.38800000000000,1.48082919956876
3.38900000000000,1.49918600247742
3.39000000000000,1.52382012312508
3.39100000000000,1.55469388200723
3.39200000000000,1.59164373612191
3.39300000000000,1.63438217659322
3.39400000000000,1.68250259186800
3.39500000000000,1.73548698544658
3.39600000000000,1.79271636712580
3.39700000000000,1.85348357117314
3.39800000000000,1.91700819532548
3.39900000000000,1.98245330248065
3.40000000000000,2.04894348370483
3.40100000000000,2.11558384777798
3.40200000000000,2.18147947976428
3.40300000000000,2.24575489958688
3.40400000000000,2.30757305158430
3.40500000000000,2.36615336753654
3.40600000000000,2.42078846838288
3.40700000000000,2.47085910325434
3.40800000000000,2.51584696768896
3.40900000000000,2.55534509492353
3.41000000000000,2.58906557368022
3.41100000000000,2.61684441142699
3.41200000000000,2.63864343207210
3.41300000000000,2.65454916973484
3.41400000000000,2.66476879382793
3.41500000000000,2.66962317338092
3.41600000000000,2.66953725853998
3.41700000000000,2.66502802277701
3.41800000000000,2.65669026891435
3.41900000000000,2.64518065415748
3.42000000000000,2.63120033264556
3.42100000000000,2.61547664751411
3.42200000000000,2.59874432729353
3.42300000000000,2.58172665308091
3.42400000000000,2.56511706303847
3.42500000000000,2.54956164938773
3.42600000000000,2.53564298046826
3.42700000000000,2.52386564717172
3.42800000000000,2.51464388996869
3.42900000000000,2.50829161087826
3.43000000000000,2.50501501537179
3.43100000000000,2.50490806381365
3.43200000000000,2.50795084223787
3.43300000000000,2.51401088976008
3.43400000000000,2.52284744651784
3.43500000000000,2.53411851352875
3.43600000000000,2.54739054604150
3.43700000000000,2.56215053655353
3.43800000000000,2.57782018429049
3.43900000000000,2.59377179605349
3.44000000000000,2.60934552021754
3.44100000000000,2.62386748237653
3.44200000000000,2.63666836849161
3.44300000000000,2.64710198997750
3.44400000000000,2.65456336523139
3.44500000000000,2.65850586367610
3.44600000000000,2.65845698116671
3.44700000000000,2.65403234904021
3.44800000000000,2.64494762234658
3.44900000000000,2.63102794482616
3.45000000000000,2.61221474770753
3.45100000000000,2.58856970493210
3.45200000000000,2.56027573735012
3.45300000000000,2.52763503105662
3.45400000000000,2.49106410855829
3.45500000000000,2.45108606407085
3.45600000000000,2.40832014415487
3.45700000000000,2.36346892038387
3.45800000000000,2.31730336018836
3.45900000000000,2.27064615397027
3.46000000000000,2.22435369975206
3.46100000000000,2.17929717995229
3.46200000000000,2.13634318753917
3.46300000000000,2.09633437025134
3.46400000000000,2.06007056150267
3.46500000000000,2.02829085501014
3.46600000000000,2.00165705738072
3.46700000000000,1.98073891942673
3.46800000000000,1.96600150367075
3.46900000000000,1.95779499341505
3.47000000000000,1.95634718916775
3.47100000000000,1.96175887260341
3.47200000000000,1.97400214820211
3.47300000000000,1.99292179998210
3.47400000000000,2.01823962710366
3.47500000000000,2.04956164938774
3.47600000000000,2.08638800375033
3.47700000000000,2.12812528692486
3.47800000000000,2.17410104024336
3.47900000000000,2.22358002013775
3.48000000000000,2.27578185468758
3.48100000000000,2.32989965304018
3.48200000000000,2.38511911169261
3.48300000000000,2.44063765000392
3.48400000000000,2.49568310719308
3.48500000000000,2.54953154446411
3.48600000000000,2.60152371851182
3.48700000000000,2.65107982593209
3.48800000000000,2.69771216117393
3.48900000000000,2.74103538256004
3.49000000000000,2.78077414028946
3.49100000000000,2.81676788575604
3.49200000000000,2.84897275135695
3.49300000000000,2.87746046250439
3.49400000000000,2.90241431700471
3.49500000000000,2.92412233952053
3.49600000000000,2.94296778869631
3.49700000000000,2.95941725998510
3.49800000000000,2.97400668664949
3.49900000000000,2.98732559336003
3.50000000000000,2.99999999999998
3.50100000000000,3.01267440663995
3.50200000000000,3.02599331335051
3.50300000000000,3.04058274001488
3.50400000000000,3.05703221130369
3.50500000000000,3.07587766047946
3.50600000000000,3.09758568299528
3.50700000000000,3.12253953749561
3.50800000000000,3.15102724864303
3.50900000000000,3.18323211424394
3.51000000000000,3.21922585971055
3.51100000000000,3.25896461743995
3.51200000000000,3.30228783882606
3.51300000000000,3.34892017406791
3.51400000000000,3.39847628148819
3.51500000000000,3.45046845553590
3.51600000000000,3.50431689280692
3.51700000000000,3.55936234999606
3.51800000000000,3.61488088830741
3.51900000000000,3.67010034695981
3.52000000000000,3.72421814531243
3.52100000000000,3.77641997986226
3.52200000000000,3.82589895975667
3.52300000000000,3.87187471307513
3.52400000000000,3.91361199624967
3.52500000000000,3.95043835061226
3.52600000000000,3.98176037289633
3.52700000000000,4.00707820001790
3.52800000000000,4.02599785179789
3.52900000000000,4.03824112739659
3.53000000000000,4.04365281083226
3.53100000000000,4.04220500658495
3.53200000000000,4.03399849632925
3.53300000000000,4.01926108057327
3.53400000000000,3.99834294261927
3.53500000000000,3.97170914498984
3.53600000000000,3.93992943849732
3.53700000000000,3.90366562974864
3.53800000000000,3.86365681246081
3.53900000000000,3.82070282004772
3.54000000000000,3.77564630024794
3.54100000000000,3.72935384602975
3.54200000000000,3.68269663981163
3.54300000000000,3.63653107961613
3.54400000000000,3.59167985584515
3.54500000000000,3.54891393592917
3.54600000000000,3.50893589144169
3.54700000000000,3.47236496894338
3.54800000000000,3.43972426264988
3.54900000000000,3.41143029506789
3.55000000000000,3.38778525229247
3.55100000000000,3.36897205517384
3.55200000000000,3.35505237765342
3.55300000000000,3.34596765095980
3.55400000000000,3.34154301883328
3.55500000000000,3.34149413632392
3.55600000000000,3.34543663476862
3.55700000000000,3.35289801002252
3.55800000000000,3.36333163150841
3.55900000000000,3.37613251762348
3.56000000000000,3.39065447978245
3.56100000000000,3.40622820394652
3.56200000000000,3.42217981570949
3.56300000000000,3.43784946344648
3.56400000000000,3.45260945395851
3.56500000000000,3.46588148647125
3.56600000000000,3.47715255348217
3.56700000000000,3.48598911023993
3.56800000000000,3.49204915776212
3.56900000000000,3.49509193618635
3.57000000000000,3.49498498462821
3.57100000000000,3.49170838912173
3.57200000000000,3.48535611003130
3.57300000000000,3.47613435282827
3.57400000000000,3.46435701953173
3.57500000000000,3.45043835061225
3.57600000000000,3.43488293696154
3.57700000000000,3.41827334691909
3.57800000000000,3.40125567270646
3.57900000000000,3.38452335248587
3.58000000000000,3.36879966735443
3.58100000000000,3.35481934584252
3.58200000000000,3.34330973108564
3.58300000000000,3.33497197722299
3.58400000000000,3.33046274146002
3.58500000000000,3.33037682661908
3.58600000000000,3.33523120617206
3.58700000000000,3.34545083026516
3.58800000000000,3.36135656792789
3.58900000000000,3.38315558857299
3.59000000000000,3.41093442631978
3.59100000000000,3.44465490507647
3.59200000000000,3.48415303231103
3.59300000000000,3.52914089674566
3.59400000000000,3.57921153161712
3.59500000000000,3.63384663246347
3.59600000000000,3.69242694841570
3.59700000000000,3.75424510041310
3.59800000000000,3.81852052023572
3.59900000000000,3.88441615222205
3.60000000000000,3.95105651629515
3.60100000000000,4.01754669751934
3.60200000000000,4.08299180467450
3.60300000000000,4.14651642882687
3.60400000000000,4.20728363287419
3.60500000000000,4.26451301455340
3.60600000000000,4.31749740813199
3.60700000000000,4.36561782340680
3.60800000000000,4.40835626387808
3.60900000000000,4.44530611799277
3.61000000000000,4.47617987687492
3.61100000000000,4.50081399752258
3.61200000000000,4.51917080043124
3.61300000000000,4.53133736328629
3.61400000000000,4.53752144595953
3.61500000000000,4.53804455473926
3.61600000000000,4.53333232372951
3.61700000000000,4.52390245695114
3.61800000000000,4.51035053425117
3.61900000000000,4.49333403621279
3.62000000000000,4.47355498657585
3.62100000000000,4.45174164416229
3.62200000000000,4.42862969912995
3.62300000000000,4.40494343999262
3.62400000000000,4.38137735795945
3.62500000000000,4.35857864376270
3.62600000000000,4.33713100954297
3.62700000000000,4.31754023510286
3.62800000000000,4.30022179474590
3.62900000000000,4.28549086905130
3.63000000000000,4.27355498657585
3.63100000000000,4.26450947508571
3.63200000000000,4.25833583211715
3.63300000000000,4.25490305216556
3.63400000000000,4.25397187439603
3.63500000000000,4.25520184226464
3.63600000000000,4.25816099662605
3.63700000000000,4.26233795850071
3.63800000000000,4.26715609829722
3.63900000000000,4.27198943639552
3.64000000000000,4.27617987687492
3.64100000000000,4.27905534288179
3.64200000000000,4.27994835949404
3.64300000000000,4.27821461851703
3.64400000000000,4.27325105971552
3.64500000000000,4.26451301455343
3.64600000000000,4.25152998129069
3.64700000000000,4.23391963371662
3.64800000000000,4.21139970905856
3.64900000000000,4.18379747263033
3.65000000000000,4.15105651629517
3.65100000000000,4.11324071334911
3.65200000000000,4.07053522236975
3.65300000000000,4.02324450519869
3.65400000000000,3.97178739774918
3.65500000000000,3.91668934493809
3.65600000000000,3.85857198095062
3.65700000000000,3.79814030153125
3.65800000000000,3.73616773444507
3.65900000000000,3.67347946620352
3.66000000000000,3.61093442631976
3.66100000000000,3.54940636368399
3.66200000000000,3.48976447231194
3.66300000000000,3.43285403515492
3.66400000000000,3.37947755458856
3.66500000000000,3.33037682661908
3.66600000000000,3.28621639304353
3.66700000000000,3.24756877233322
3.66800000000000,3.21490182670161
3.66900000000000,3.18856857073154
3.67000000000000,3.16879966735444
3.67100000000000,3.15569879135880
3.67200000000000,3.14924097057244
3.67300000000000,3.14927394213352
3.67400000000000,3.15552248762806
3.67500000000000,3.16759563813765
3.67600000000000,3.18499657019824
3.67700000000000,3.20713494804268
3.67800000000000,3.23334140789728
3.67900000000000,3.26288382799468
3.68000000000000,3.29498498462822
3.68100000000000,3.32884116107538
3.68200000000000,3.36364125337809
3.68300000000000,3.39858590535016
3.68400000000000,3.43290620506567
3.68500000000000,3.46588148647126
3.68600000000000,3.49685580237500
3.68700000000000,3.52525266833626
3.68800000000000,3.55058772009353
3.68900000000000,3.57247897905748
3.69000000000000,3.59065447978245
3.69100000000000,3.60495707875055
3.69200000000000,3.61534633364243
3.69300000000000,3.62189741480810
3.69400000000000,3.62479708410209
3.69500000000000,3.62433684879852
3.69600000000000,3.62090346816676
3.69700000000000,3.61496705574538
3.69800000000000,3.60706707978745
3.69900000000000,3.59779661630089
3.70000000000000,3.58778525229246
3.70100000000000,3.57768107017887
3.70200000000000,3.56813216703390
3.70300000000000,3.55976817383314
3.70400000000000,3.55318223985820
3.70500000000000,3.54891393592915
3.70600000000000,3.54743350742864
3.70700000000000,3.54912787472638
3.70800000000000,3.55428873542759
3.70900000000000,3.56310307091876
3.71000000000000,3.57564630024795
3.71100000000000,3.59187825892065
3.71200000000000,3.61164211032680
3.71300000000000,3.63466622496305
3.71400000000000,3.66056898916383
3.71500000000000,3.68886643251523
3.71600000000000,3.71898249328581
3.71700000000000,3.75026167578770
3.71800000000000,3.78198379419523
3.71900000000000,3.81338044545786
3.72000000000000,3.84365281083226
3.72100000000000,3.87199035228562
3.72200000000000,3.89758994741386
3.72300000000000,3.91967499512814
3.72400000000000,3.93751402447984
3.72500000000000,3.95043835061226
3.72600000000000,3.95785834466616
3.72700000000000,3.95927791796489
3.72800000000000,3.95430686414070
3.72900000000000,3.94267075497324
3.73000000000000,3.92421814531244
3.73100000000000,3.89892490808689
3.73200000000000,3.86689559044141
3.73300000000000,3.82836175478166
3.73400000000000,3.78367734214041
3.73500000000000,3.73331116801052
3.73600000000000,3.67783673082166
3.73700000000000,3.61791957885349
3.73800000000000,3.55430254096009
3.73900000000000,3.48778917856703
3.74000000000000,3.41922585971053
3.74100000000000,3.34948288935493
3.74200000000000,3.27943515302708
3.74300000000000,3.20994274238537
3.74400000000000,3.14183203141178
3.74500000000000,3.07587766047948
3.74600000000000,3.01278586288721
3.74700000000000,2.95317953512514
3.74800000000000,2.89758540896645
3.74900000000000,2.84642363152899
3.75000000000000,2.80000000000001
3.75100000000000,2.75850103223297
3.75200000000000,2.72199198451549
3.75300000000000,2.69041785519954
3.75400000000000,2.66360733936282
3.75500000000000,2.64127962704591
3.75600000000000,2.62305386767123
3.75700000000000,2.60846105771882
3.75800000000000,2.59695804922296
3.75900000000000,2.58794332462899
3.76000000000000,2.58077414028945
3.76100000000000,2.57478460744907
3.76200000000000,2.56930425678989
3.76300000000000,2.56367662104233
3.76400000000000,2.55727737009532
3.76500000000000,2.54953154446411
3.76600000000000,2.53992945560958
3.76700000000000,2.52804085489369
3.76800000000000,2.51352701607664
3.76900000000000,2.49615042815118
3.77000000000000,2.47578185468757
3.77100000000000,2.45240458126482
3.77200000000000,2.42611574237736
3.77300000000000,2.39712469171046
3.77400000000000,2.36574845308382
3.77500000000000,2.33240436186236
3.77600000000000,2.29760007643714
3.77700000000000,2.26192120476768
3.77800000000000,2.22601685033612
3.77900000000000,2.19058343373048
3.78000000000000,2.15634718916774
3.78100000000000,2.12404576852603
3.78200000000000,2.09440940805480
3.78300000000000,2.06814212431650
3.78400000000000,2.04590340579720
3.78500000000000,2.02829085501015
3.78600000000000,2.01582421308618
3.78700000000000,2.00893116536159
3.78800000000000,2.00793528315513
3.78900000000000,2.01304640484129
3.79000000000000,2.02435369975205
3.79100000000000,2.04182159284317
3.79200000000000,2.06528865805435
3.79300000000000,2.09446951559830
3.79400000000000,2.12895969482138
3.79500000000000,2.16824335159622
3.79600000000000,2.21170365922482
3.79700000000000,2.25863562627104
3.79800000000000,2.30826103521610
3.79900000000000,2.35974514380502
3.80000000000000,2.41221474770753
3.80100000000000,2.46477716971519
3.80200000000000,2.51653971796253
3.80300000000000,2.56662914415043
3.80400000000000,2.61421063275024
3.80500000000000,2.65850586367610
3.80600000000000,2.69880971364788
3.80700000000000,2.73450519486725
3.80800000000000,2.76507627287564
3.80900000000000,2.79011825748751
3.81000000000000,2.80934552021754
3.81100000000000,2.82259635718056
3.81200000000000,2.82983488642453
3.81300000000000,2.83114994133909
3.81400000000000,2.82675099537497
3.81500000000000,2.81696122600337
3.81600000000000,2.80220789585133
3.81700000000000,2.78301029454566
3.81800000000000,2.75996554437190
3.81900000000000,2.73373262494072
3.82000000000000,2.70501501537177
3.82100000000000,2.67454238598925
3.82200000000000,2.64305179435274
3.82300000000000,2.61126885206150
3.82400000000000,2.57988932888475
3.82500000000000,2.54956164938773
3.82600000000000,2.52087071462196
3.82700000000000,2.49432344819115
3.82800000000000,2.47033642290949
3.82900000000000,2.44922587240314
3.83000000000000,2.43120033264557
3.83100000000000,2.41635609303041
3.83200000000000,2.40467556678032
3.83300000000000,2.39602861799143
3.83400000000000,2.39017680920649
3.83500000000000,2.38678046090631
3.83600000000000,2.38540834449445
3.83700000000000,2.38554976494925
3.83800000000000,2.38662872993810
3.83900000000000,2.38801985029993
3.84000000000000,2.38906557368022
3.84100000000000,2.38909431981257
3.84200000000000,2.38743906330492
3.84300000000000,2.38345589836457
3.84400000000000,2.37654211996638
3.84500000000000,2.36615336753654
3.84600000000000,2.35181940000081
3.84700000000000,2.33315810447667
3.84800000000000,2.30988738414832
3.84900000000000,2.28183462288894
3.85000000000000,2.24894348370485
3.85100000000000,2.21127786360773
3.85200000000000,2.16902289745952
3.85300000000000,2.12248297595872
3.85400000000000,2.07207681645929
3.85500000000000,2.01832969792121
3.85600000000000,1.96186304120149
3.85700000000000,1.90338158137879
3.85800000000000,1.84365843825595
3.85900000000000,1.78351844313431
3.86000000000000,1.72382012312510
3.86100000000000,1.66543677758839
3.86200000000000,1.60923710395278
3.86300000000000,1.55606584160349
3.86400000000000,1.50672490245698
3.86500000000000,1.46195544526073
3.86600000000000,1.42242132785399
3.86700000000000,1.38869433815909
3.86800000000000,1.36124156136479
3.86900000000000,1.34041518867623
3.87000000000000,1.32644501342415
3.87100000000000,1.31943379471064
3.87200000000000,1.31935559873604
3.87300000000000,1.32605715522179
3.87400000000000,1.33926219270706
3.87500000000000,1.35857864376269
3.87600000000000,1.38350854112355
3.87700000000000,1.41346036011157
3.87800000000000,1.44776350312007
3.87900000000000,1.48568456982161
3.88000000000000,1.52644501342414
3.88100000000000,1.56923974980332
3.88200000000000,1.61325626349882
3.88300000000000,1.65769374294468
3.88400000000000,1.70178177718748
3.88500000000000,1.74479815773536
3.88600000000000,1.78608535179045
3.88700000000000,1.82506524638906
3.88800000000000,1.86125180608681
3.88900000000000,1.89426133871548
3.89000000000000,1.92382012312508
3.89100000000000,1.94976921824527
3.89200000000000,1.97206634263997
3.89300000000000,1.99078478626857
3.89400000000000,2.00610938961798
3.89500000000000,2.01832969792120
3.89600000000000,2.02783046804278
3.89700000000000,2.03507977106895
3.89800000000000,2.04061499307545
3.89900000000000,2.04502708849675
3.90000000000000,2.04894348370485
3.90100000000000,2.05301006176186
3.90200000000000,2.05787268201428
3.90300000000000,2.06415869969107
3.90400000000000,2.07245895066731
3.90500000000000,2.08331065506191
3.90600000000000,2.09718167063289
3.90700000000000,2.11445649357899
3.90800000000000,2.13542436117090
3.90900000000000,2.16026975868548
3.91000000000000,2.18906557368021
3.91100000000000,2.22176907518894
3.91200000000000,2.25822082555404
3.91300000000000,2.29814656005950
3.91400000000000,2.34116199607795
3.91500000000000,2.38678046090630
3.91600000000000,2.43442315762297
3.91700000000000,2.48343182288120
3.91800000000000,2.53308347116438
3.91900000000000,2.58260686814139
3.92000000000000,2.63120033264557
3.92100000000000,2.67805043353023
3.92200000000000,2.72235112504353
3.92300000000000,2.76332285297673
3.92400000000000,2.80023116395545
3.92500000000000,2.83240436186236
3.92600000000000,2.85924977821825
3.92700000000000,2.88026825684708
3.92800000000000,2.89506649648676
3.92900000000000,2.90336694711632
3.93000000000000,2.90501501537179
3.93100000000000,2.89998340005170
3.93200000000000,2.88837344875593
3.93300000000000,2.87041349943542
3.93400000000000,2.84645424426781
3.93500000000000,2.81696122600337
3.93600000000000,2.78250464695849
3.93700000000000,2.74374673644932
3.93800000000000,2.70142698204048
3.93900000000000,2.65634558206958
3.94000000000000,2.60934552021754
3.94100000000000,2.56129369636042
3.94200000000000,2.51306157074161
3.94300000000000,2.46550579008166
3.94400000000000,2.41944926431441
3.94500000000000,2.37566315120147
3.94600000000000,2.33485018341674
3.94700000000000,2.29762973936486
3.94800000000000,2.26452501582852
3.94900000000000,2.23595260858811
3.95000000000000,2.21221474770753
3.95100000000000,2.19349436869405
3.95200000000000,2.17985313083207
3.95300000000000,2.17123242138128
3.95400000000000,2.16745731080831
3.95500000000000,2.16824335159623
3.95600000000000,2.17320604323788
3.95700000000000,2.18187272048806
3.95800000000000,2.19369656243840
3.95900000000000,2.20807236795417
3.96000000000000,2.22435369975206
3.96100000000000,2.24187096596837
3.96200000000000,2.25994998528916
3.96300000000000,2.27793057014718
3.96400000000000,2.29518466241967
3.96500000000000,2.31113356748478
3.96600000000000,2.32526385513070
3.96700000000000,2.33714152910208
3.96800000000000,2.34642411018881
3.96900000000000,2.35287032965310
3.97000000000000,2.35634718916774
3.97100000000000,2.35683420884146
3.97200000000000,2.35442475472017
3.97300000000000,2.34932440965745
3.97400000000000,2.34184642485364
3.97500000000000,2.33240436186235
3.97600000000000,2.32150210466731
3.97700000000000,2.30972148682068
3.97800000000000,2.29770783799332
3.97900000000000,2.28615380615383
3.98000000000000,2.27578185468756
3.98100000000000,2.26732586702410
3.98200000000000,2.26151231394261
3.98300000000000,2.25904145010810
3.98400000000000,2.26056900627609
3.98500000000000,2.26668883198948
3.98600000000000,2.27791692076183
3.98700000000000,2.29467721625674
3.98800000000000,2.31728955465586
3.98900000000000,2.34596004632198
3.99000000000000,2.38077414028946
3.99100000000000,2.42169254951799
3.99200000000000,2.46855014483889
3.99300000000000,2.52105785282904
3.99400000000000,2.57880751925475
3.99500000000000,2.64127962704591
3.99600000000000,2.70785368777930
3.99700000000000,2.77782106008928
3.99800000000000,2.85039988889953
3.99900000000000,2.92475180734394
