time,value
0.00000000000000,2.00000000000000
0.00100000000000000,2.07604819265606
0.00200000000000000,2.15120011110048
0.00300000000000000,2.22457893991071
0.00400000000000000,2.29534631222069
0.00500000000000000,2.36272037295410
0.00600000000000000,2.42599248074526
0.00700000000000000,2.48454214717095
0.00800000000000000,2.53784985516110
0.00900000000000000,2.58550745048201
0.0100000000000000,2.62722585971054
0.0110000000000000,2.66283995367801
0.0120000000000000,2.69231044534413
0.0130000000000000,2.71572278374326
0.0140000000000000,2.73328307923816
0.0150000000000000,2.74531116801051
0.0160000000000000,2.75223099372391
0.0170000000000000,2.75455854989190
0.0180000000000000,2.75288768605738
0.0190000000000000,2.74787413297590
0.0200000000000000,2.74021814531243
0.0210000000000000,2.73064619384617
0.0220000000000000,2.71989216200668
0.0230000000000000,2.70867851317931
0.0240000000000000,2.69769789533268
0.0250000000000000,2.68759563813764
0.0260000000000000,2.67895357514636
0.0270000000000000,2.67227559034255
0.0280000000000000,2.66797524527983
0.0290000000000000,2.66636579115854
0.0300000000000000,2.66765281083226
0.0310000000000000,2.67192967034690
0.0320000000000000,2.67917588981118
0.0330000000000000,2.68925847089792
0.0340000000000000,2.70193614486930
0.0350000000000000,2.71686643251524
0.0360000000000000,2.73361533758033
0.0370000000000000,2.75166942985283
0.0380000000000000,2.77045001471084
0.0390000000000000,2.78932903403163
0.0400000000000000,2.80764630024795
0.0410000000000000,2.82472763204584
0.0420000000000000,2.83990343756161
0.0430000000000000,2.85252727951195
0.0440000000000000,2.86199395676213
0.0450000000000000,2.86775664840378
0.0460000000000000,2.86934268919169
0.0470000000000000,2.86636757861872
0.0480000000000000,2.85854686916794
0.0490000000000000,2.84570563130595
0.0500000000000000,2.82778525229247
0.0510000000000000,2.80484739141189
0.0520000000000000,2.77707498417148
0.0530000000000000,2.74477026063515
0.0540000000000000,2.70834981658326
0.0550000000000000,2.66833684879853
0.0560000000000000,2.62535073568560
0.0570000000000000,2.58009420991833
0.0580000000000000,2.53333842925838
0.0590000000000000,2.48590630363957
0.0600000000000000,2.43865447978245
0.0610000000000000,2.39245441793041
0.0620000000000000,2.34817301795952
0.0630000000000000,2.30665326355067
0.0640000000000000,2.26869535304152
0.0650000000000000,2.23503877399663
0.0660000000000000,2.20634575573218
0.0670000000000000,2.18318650056458
0.0680000000000000,2.16602655124406
0.0690000000000000,2.15521659994829
0.0700000000000000,2.15098498462821
0.0710000000000000,2.15343305288368
0.0720000000000000,2.16253350351324
0.0730000000000000,2.17813174315292
0.0740000000000000,2.19995022178175
0.0750000000000000,2.22759563813764
0.0760000000000000,2.26056883604455
0.0770000000000000,2.29827714702328
0.0780000000000000,2.34004887495648
0.0790000000000000,2.38514956646978
0.0800000000000000,2.43279966735444
0.0810000000000000,2.48219313185861
0.0820000000000000,2.53251652883563
0.0830000000000000,2.58296817711881
0.0840000000000000,2.63277684237701
0.0850000000000000,2.68121953909370
0.0860000000000000,2.72763800392205
0.0870000000000000,2.77145343994051
0.0880000000000000,2.81217917444595
0.0890000000000000,2.84943092481105
0.0900000000000000,2.88293442631978
0.0910000000000000,2.91253024131452
0.0920000000000000,2.93817563882909
0.0930000000000000,2.95994350642101
0.0940000000000000,2.97801832936711
0.0950000000000000,2.99268934493809
0.0960000000000000,3.00434104933268
0.0970000000000000,3.01344130030892
0.0980000000000000,3.02052731798570
0.0990000000000000,3.02618993823813
0.100000000000000,3.03105651629515
0.101000000000000,3.03577291150325
0.102000000000000,3.04098500692454
0.103000000000000,3.04732022893104
0.104000000000000,3.05536953195721
0.105000000000000,3.06567030207880
0.106000000000000,3.07869061038202
0.107000000000000,3.09481521373144
0.108000000000000,3.11433365736002
0.109000000000000,3.13743078175472
0.110000000000000,3.16417987687493
0.111000000000000,3.19453866128452
0.112000000000000,3.22834819391318
0.113000000000000,3.26533475361095
0.114000000000000,3.30511464820956
0.115000000000000,3.34720184226464
0.116000000000000,3.39101822281252
0.117000000000000,3.43590625705532
0.118000000000000,3.48114373650119
0.119000000000000,3.52596025019669
0.120000000000000,3.56955498657585
0.121000000000000,3.61111543017838
0.122000000000000,3.64983649687992
0.123000000000000,3.68493963988845
0.124000000000000,3.71569145887645
0.125000000000000,3.74142135623731
0.126000000000000,3.76153780729294
0.127000000000000,3.77554284477821
0.128000000000000,3.78304440126396
0.129000000000000,3.78376620528936
0.130000000000000,3.77755498657585
0.131000000000000,3.76438481132377
0.132000000000000,3.74435843863521
0.133000000000000,3.71770566184091
0.134000000000000,3.68477867214601
0.135000000000000,3.64604455473926
0.136000000000000,3.60207509754304
0.137000000000000,3.55353415839653
0.138000000000000,3.50116289604720
0.139000000000000,3.44576322241160
0.140000000000000,3.38817987687492
0.141000000000000,3.32928155686570
0.142000000000000,3.26994156174406
0.143000000000000,3.21101841862120
0.144000000000000,3.15333695879852
0.145000000000000,3.09767030207880
0.146000000000000,3.04472318354071
0.147000000000000,2.99511702404128
0.148000000000000,2.94937710254050
0.149000000000000,2.90792213639227
0.150000000000000,2.87105651629515
0.151000000000000,2.83896537711106
0.152000000000000,2.81171261585168
0.153000000000000,2.78924189552334
0.154000000000000,2.77138059999920
0.155000000000000,2.75784663246347
0.156000000000000,2.74825788003362
0.157000000000000,2.74214410163543
0.158000000000000,2.73896093669507
0.159000000000000,2.73810568018745
0.160000000000000,2.73893442631978
0.161000000000000,2.74078014970007
0.162000000000000,2.74297127006191
0.163000000000000,2.74485023505075
0.164000000000000,2.74579165550555
0.165000000000000,2.74521953909370
0.166000000000000,2.74262319079351
0.167000000000000,2.73757138200858
0.168000000000000,2.72972443321967
0.169000000000000,2.71884390696959
0.170000000000000,2.70479966735444
0.171000000000000,2.68757412759685
0.172000000000000,2.66726357709050
0.173000000000000,2.64407655180886
0.174000000000000,2.61832928537804
0.175000000000000,2.59043835061226
0.176000000000000,2.56091067111524
0.177000000000000,2.53033114793851
0.178000000000000,2.49934820564726
0.179000000000000,2.46865761401075
0.180000000000000,2.43898498462821
0.181000000000000,2.41106737505928
0.182000000000000,2.38563445562810
0.183000000000000,2.36338970545434
0.184000000000000,2.34499210414867
0.185000000000000,2.33103877399663
0.186000000000000,2.32204900462502
0.187000000000000,2.31845005866091
0.188000000000000,2.32056511357547
0.189000000000000,2.32860364281943
0.190000000000000,2.34265447978245
0.191000000000000,2.36268174251250
0.192000000000000,2.38852372712436
0.193000000000000,2.41989480513275
0.194000000000000,2.45639028635212
0.195000000000000,2.49749413632391
0.196000000000000,2.54258936724978
0.197000000000000,2.59097085584956
0.198000000000000,2.64186028203746
0.199000000000000,2.69442283028482
0.200000000000000,2.74778525229247
0.201000000000000,2.80105485619497
0.202000000000000,2.85333896478390
0.203000000000000,2.90376437372896
0.204000000000000,2.95149634077519
0.205000000000000,2.99575664840378
0.206000000000000,3.03584030517862
0.207000000000000,3.07113048440172
0.208000000000000,3.10111134194565
0.209000000000000,3.12537840715682
0.210000000000000,3.14364630024795
0.211000000000000,3.15575359515870
0.212000000000000,3.16166471684486
0.213000000000000,3.16146883463841
0.214000000000000,3.15537578691382
0.215000000000000,3.14370914498986
0.216000000000000,3.12689659420279
0.217000000000000,3.10545787568350
0.218000000000000,3.07999059194520
0.219000000000000,3.05115423147397
0.220000000000000,3.01965281083225
0.221000000000000,2.98621656626952
0.222000000000000,2.95158314966387
0.223000000000000,2.91647879523232
0.224000000000000,2.88159992356285
0.225000000000000,2.84759563813764
0.226000000000000,2.81505154691618
0.227000000000000,2.78447530828954
0.228000000000000,2.75628425762264
0.229000000000000,2.73079541873519
0.230000000000000,2.70821814531243
0.231000000000000,2.68864957184882
0.232000000000000,2.67207298392336
0.233000000000000,2.65835914510631
0.234000000000000,2.64727054439042
0.235000000000000,2.63846845553589
0.236000000000000,2.63152262990468
0.237000000000000,2.62592337895768
0.238000000000000,2.62109574321011
0.239000000000000,2.61641539255094
0.240000000000000,2.61122585971054
0.241000000000000,2.60485667537103
0.242000000000000,2.59664195077706
0.243000000000000,2.58593894228119
0.244000000000000,2.57214613232877
0.245000000000000,2.55472037295410
0.246000000000000,2.53319266063719
0.247000000000000,2.50718214480047
0.248000000000000,2.47640801548452
0.249000000000000,2.44069896776704
0.250000000000000,2.40000000000000
0.251000000000000,2.35437636847102
0.252000000000000,2.30401459103354
0.253000000000000,2.24922046487488
0.254000000000000,2.19041413711279
0.255000000000000,2.12812233952052
0.256000000000000,2.06296796858822
0.257000000000000,1.99565725761463
0.258000000000000,1.92696484697292
0.259000000000000,1.85771711064507
0.260000000000000,1.78877414028946
0.261000000000000,1.72101082143297
0.262000000000000,1.65529745903991
0.263000000000000,1.59248042114650
0.264000000000000,1.53336326917833
0.265000000000000,1.47868883198949
0.266000000000000,1.42912265785960
0.267000000000000,1.38523824521834
0.268000000000000,1.34750440955858
0.269000000000000,1.31627509191312
0.270000000000000,1.29178185468757
0.271000000000000,1.27412924502676
0.272000000000000,1.26329313585930
0.273000000000000,1.25912208203511
0.274000000000000,1.26134165533384
0.275000000000000,1.26956164938774
0.276000000000000,1.28328597552016
0.277000000000000,1.30192500487187
0.278000000000000,1.32481005258615
0.279000000000000,1.35120964771439
0.280000000000000,1.38034718916775
0.281000000000000,1.41141955454212
0.282000000000000,1.44361620580478
0.283000000000000,1.47613832421232
0.284000000000000,1.50821750671420
0.285000000000000,1.53913356748476
0.286000000000000,1.56823101083616
0.287000000000000,1.59493377503694
0.288000000000000,1.61875788967320
0.289000000000000,1.63932174107935
0.290000000000000,1.65635369975205
0.291000000000000,1.66969692908124
0.292000000000000,1.67931126457241
0.293000000000000,1.68527212527363
0.294000000000000,1.68776649257135
0.295000000000000,1.68708606407084
0.296000000000000,1.68361776014180
0.297000000000000,1.67783182616686
0.298000000000000,1.67026783296608
0.299000000000000,1.66151892982112
0.300000000000000,1.65221474770753
0.301000000000000,1.64300338369909
0.302000000000000,1.63453292021256
0.303000000000000,1.62743294425462
0.304000000000000,1.62229653183323
0.305000000000000,1.61966315120147
0.306000000000000,1.62000291589790
0.307000000000000,1.62370258519191
0.308000000000000,1.63105366635758
0.309000000000000,1.64224292124945
0.310000000000000,1.65734552021755
0.311000000000000,1.67632102094251
0.312000000000000,1.69901227990646
0.313000000000000,1.72514733166375
0.314000000000000,1.75434419762500
0.315000000000000,1.78611851352875
0.316000000000000,1.81989379493434
0.317000000000000,1.85501409464984
0.318000000000000,1.89075874662192
0.319000000000000,1.92635883892463
0.320000000000000,1.96101501537179
0.321000000000000,1.99391617200534
0.322000000000000,2.02425859210271
0.323000000000000,2.05126505195731
0.324000000000000,2.07420342980175
0.325000000000000,2.09240436186236
0.326000000000000,2.10527751237194
0.327000000000000,2.11232605786649
0.328000000000000,2.11315902942756
0.329000000000000,2.10750120864120
0.330000000000000,2.09520033264556
0.331000000000000,2.07623142926846
0.332000000000000,2.05069817329839
0.333000000000000,2.01883122766677
0.334000000000000,1.98098360695647
0.335000000000000,1.93762317338092
0.336000000000000,1.88932244541144
0.337000000000000,1.83674596484507
0.338000000000000,1.78063552768807
0.339000000000000,1.72179363631602
0.340000000000000,1.66106557368022
0.341000000000000,1.59932053379646
0.342000000000000,1.53743226555495
0.343000000000000,1.47625969846876
0.344000000000000,1.41662801904938
0.345000000000000,1.35931065506191
0.346000000000000,1.30501260225082
0.347000000000000,1.25435549480131
0.348000000000000,1.20786477763026
0.349000000000000,1.16595928665088
0.350000000000000,1.12894348370485
0.351000000000000,1.09700252736967
0.352000000000000,1.07020029094144
0.353000000000000,1.04848036628338
0.354000000000000,1.03167001870931
0.355000000000000,1.01948698544659
0.356000000000000,1.01154894028449
0.357000000000000,1.00738538148298
0.358000000000000,1.00645164050596
0.359000000000000,1.00814465711821
0.360000000000000,1.01182012312507
0.361000000000000,1.01681056360450
0.362000000000000,1.02244390170278
0.363000000000000,1.02806204149929
0.364000000000000,1.03303900337395
0.365000000000000,1.03679815773536
0.366000000000000,1.03882812560397
0.367000000000000,1.03869694783444
0.368000000000000,1.03606416788285
0.369000000000000,1.03069052491429
0.370000000000000,1.02244501342415
0.371000000000000,1.01130913094869
0.372000000000000,0.997378205254097
0.373000000000000,0.980859764897135
0.374000000000000,0.962068990457037
0.375000000000000,0.941421356237310
0.376000000000000,0.919422642040543
0.377000000000000,0.896656560007371
0.378000000000000,0.873770300870056
0.379000000000000,0.851458355837713
0.380000000000000,0.830445013424151
0.381000000000000,0.811465963787214
0.382000000000000,0.795249465748827
0.383000000000000,0.782497543048857
0.384000000000000,0.773867676270489
0.385000000000000,0.769955445260739
0.386000000000000,0.771278554040465
0.387000000000000,0.778262636713707
0.388000000000000,0.791229199568757
0.389000000000000,0.810386002477422
0.390000000000000,0.835820123125074
0.391000000000000,0.867493882007227
0.392000000000000,0.905243736121918
0.393000000000000,0.948782176593214
0.394000000000000,0.997702591867999
0.395000000000000,1.05148698544659
0.396000000000000,1.10951636712580
0.397000000000000,1.17108357117314
0.398000000000000,1.23540819532548
0.399000000000000,1.30165330248065
0.400000000000000,1.36894348370485
0.401000000000000,1.43638384777796
0.402000000000000,1.50307947976428
0.403000000000000,1.56815489958690
0.404000000000000,1.63077305158431
0.405000000000000,1.69015336753653
0.406000000000000,1.74558846838287
0.407000000000000,1.79645910325434
0.408000000000000,1.84224696768897
0.409000000000000,1.88254509492353
0.410000000000000,1.91706557368022
0.411000000000000,1.94564441142700
0.412000000000000,1.96824343207211
0.413000000000000,1.98494916973484
0.414000000000000,1.99596879382793
0.415000000000000,2.00162317338092
0.416000000000000,2.00233725853998
0.417000000000000,1.99862802277701
0.418000000000000,1.99109026891435
0.419000000000000,1.98038065415748
0.420000000000000,1.96720033264556
0.421000000000000,1.95227664751413
0.422000000000000,1.93634432729354
0.423000000000000,1.92012665308090
0.424000000000000,1.90431706303846
0.425000000000000,1.88956164938774
0.426000000000000,1.87644298046827
0.427000000000000,1.86546564717173
0.428000000000000,1.85704388996870
0.429000000000000,1.85149161087826
0.430000000000000,1.84901501537179
0.431000000000000,1.84970806381365
0.432000000000000,1.85355084223788
0.433000000000000,1.86041088976008
0.434000000000000,1.87004744651784
0.435000000000000,1.88211851352875
0.436000000000000,1.89619054604149
0.437000000000000,1.91175053655351
0.438000000000000,1.92822018429051
0.439000000000000,1.94497179605349
0.440000000000000,1.96134552021755
0.441000000000000,1.97666748237652
0.442000000000000,1.99026836849160
0.443000000000000,2.00150198997749
0.444000000000000,2.00976336523139
0.445000000000000,2.01450586367609
0.446000000000000,2.01525698116672
0.447000000000000,2.01163234904020
0.448000000000000,2.00334762234658
0.449000000000000,1.99022794482617
0.450000000000000,1.97221474770753
0.451000000000000,1.94936970493210
0.452000000000000,1.92187573735012
0.453000000000000,1.89003503105662
0.454000000000000,1.85426410855829
0.455000000000000,1.81508606407084
0.456000000000000,1.77312014415486
0.457000000000000,1.72906892038387
0.458000000000000,1.68370336018837
0.459000000000000,1.63784615397026
0.460000000000000,1.59235369975205
0.461000000000000,1.54809717995228
0.462000000000000,1.50594318753918
0.463000000000000,1.46673437025135
0.464000000000000,1.43127056150268
0.465000000000000,1.40029085501014
0.466000000000000,1.37445705738072
0.467000000000000,1.35433891942673
0.468000000000000,1.34040150367076
0.469000000000000,1.33299499341505
0.470000000000000,1.33234718916774
0.471000000000000,1.33855887260341
0.472000000000000,1.35160214820211
0.473000000000000,1.37132179998210
0.474000000000000,1.39743962710367
0.475000000000000,1.42956164938774
0.476000000000000,1.46718800375034
0.477000000000000,1.50972528692488
0.478000000000000,1.55650104024334
0.479000000000000,1.60678002013774
0.480000000000000,1.65978185468757
0.481000000000000,1.71469965304019
0.482000000000000,1.77071911169260
0.483000000000000,1.82703765000392
0.484000000000000,1.88288310719308
0.485000000000000,1.93753154446411
0.486000000000000,1.99032371851182
0.487000000000000,2.04067982593208
0.488000000000000,2.08811216117393
0.489000000000000,2.13223538256004
0.490000000000000,2.17277414028946
0.491000000000000,2.20956788575605
0.492000000000000,2.24257275135696
0.493000000000000,2.27186046250439
0.494000000000000,2.29761431700472
0.495000000000000,2.32012233952052
0.496000000000000,2.33976778869630
0.497000000000000,2.35701725998511
0.498000000000000,2.37240668664950
0.499000000000000,2.38652559336003
0.500000000000000,2.40000000000000
0.501000000000000,2.41347440663996
0.502000000000000,2.42759331335050
0.503000000000000,2.44298274001489
0.504000000000000,2.46023221130370
0.505000000000000,2.47987766047948
0.506000000000000,2.50238568299528
0.507000000000000,2.52813953749561
0.508000000000000,2.55742724864304
0.509000000000000,2.59043211424395
0.510000000000000,2.62722585971054
0.511000000000000,2.66776461743995
0.512000000000000,2.71188783882607
0.513000000000000,2.75932017406792
0.514000000000000,2.80967628148818
0.515000000000000,2.86246845553589
0.516000000000000,2.91711689280692
0.517000000000000,2.97296234999608
0.518000000000000,3.02928088830740
0.519000000000000,3.08530034695981
0.520000000000000,3.14021814531243
0.521000000000000,3.19321997986226
0.522000000000000,3.24349895975666
0.523000000000000,3.29027471307512
0.524000000000000,3.33281199624967
0.525000000000000,3.37043835061226
0.526000000000000,3.40256037289634
0.527000000000000,3.42867820001790
0.528000000000000,3.44839785179789
0.529000000000000,3.46144112739659
0.530000000000000,3.46765281083225
0.531000000000000,3.46700500658495
0.532000000000000,3.45959849632924
0.533000000000000,3.44566108057327
0.534000000000000,3.42554294261928
0.535000000000000,3.39970914498985
0.536000000000000,3.36872943849732
0.537000000000000,3.33326562974864
0.538000000000000,3.29405681246082
0.539000000000000,3.25190282004772
0.540000000000000,3.20764630024795
0.541000000000000,3.16215384602974
0.542000000000000,3.11629663981163
0.543000000000000,3.07093107961613
0.544000000000000,3.02687985584514
0.545000000000000,2.98491393592916
0.546000000000000,2.94573589144170
0.547000000000000,2.90996496894338
0.548000000000000,2.87812426264988
0.549000000000000,2.85063029506790
0.550000000000000,2.82778525229247
0.551000000000000,2.80977205517384
0.552000000000000,2.79665237765342
0.553000000000000,2.78836765095980
0.554000000000000,2.78474301883328
0.555000000000000,2.78549413632391
0.556000000000000,2.79023663476861
0.557000000000000,2.79849801002251
0.558000000000000,2.80973163150841
0.559000000000000,2.82333251762348
0.560000000000000,2.83865447978246
0.561000000000000,2.85502820394651
0.562000000000000,2.87177981570950
0.563000000000000,2.88824946344649
0.564000000000000,2.90380945395851
0.565000000000000,2.91788148647125
0.566000000000000,2.92995255348216
0.567000000000000,2.93958911023993
0.568000000000000,2.94644915776213
0.569000000000000,2.95029193618635
0.570000000000000,2.95098498462821
0.571000000000000,2.94850838912173
0.572000000000000,2.94295611003131
0.573000000000000,2.93453435282827
0.574000000000000,2.92355701953173
0.575000000000000,2.91043835061225
0.576000000000000,2.89568293696154
0.577000000000000,2.87987334691910
0.578000000000000,2.86365567270646
0.579000000000000,2.84772335248587
0.580000000000000,2.83279966735444
0.581000000000000,2.81961934584252
0.582000000000000,2.80890973108566
0.583000000000000,2.80137197722299
0.584000000000000,2.79766274146002
0.585000000000000,2.79837682661908
0.586000000000000,2.80403120617207
0.587000000000000,2.81505083026516
0.588000000000000,2.83175656792789
0.589000000000000,2.85435558857300
0.590000000000000,2.88293442631978
0.591000000000000,2.91745490507647
0.592000000000000,2.95775303231103
0.593000000000000,3.00354089674566
0.594000000000000,3.05441153161713
0.595000000000000,3.10984663246347
0.596000000000000,3.16922694841569
0.597000000000000,3.23184510041310
0.598000000000000,3.29692052023572
0.599000000000000,3.36361615222204
0.600000000000000,3.43105651629515
0.601000000000000,3.49834669751934
0.602000000000000,3.56459180467451
0.603000000000000,3.62891642882685
0.604000000000000,3.69048363287419
0.605000000000000,3.74851301455341
0.606000000000000,3.80229740813200
0.607000000000000,3.85121782340679
0.608000000000000,3.89475626387808
0.609000000000000,3.93250611799277
0.610000000000000,3.96417987687492
0.611000000000000,3.98961399752258
0.612000000000000,4.00877080043124
0.613000000000000,4.02173736328629
0.614000000000000,4.02872144595954
0.615000000000000,4.03004455473926
0.616000000000000,4.02613232372951
0.617000000000000,4.01750245695114
0.618000000000000,4.00475053425117
0.619000000000000,3.98853403621279
0.620000000000000,3.96955498657585
0.621000000000000,3.94854164416229
0.622000000000000,3.92622969912995
0.623000000000000,3.90334343999263
0.624000000000000,3.88057735795946
0.625000000000000,3.85857864376269
0.626000000000000,3.83793100954296
0.627000000000000,3.81914023510286
0.628000000000000,3.80262179474590
0.629000000000000,3.78869086905131
0.630000000000000,3.77755498657585
0.631000000000000,3.76930947508571
0.632000000000000,3.76393583211715
0.633000000000000,3.76130305216556
0.634000000000000,3.76117187439603
0.635000000000000,3.76320184226464
0.636000000000000,3.76696099662605
0.637000000000000,3.77193795850071
0.638000000000000,3.77755609829723
0.639000000000000,3.78318943639550
0.640000000000000,3.78817987687493
0.641000000000000,3.79185534288179
0.642000000000000,3.79354835949404
0.643000000000000,3.79261461851702
0.644000000000000,3.78845105971551
0.645000000000000,3.78051301455342
0.646000000000000,3.76832998129069
0.647000000000000,3.75151963371662
0.648000000000000,3.72979970905856
0.649000000000000,3.70299747263033
0.650000000000000,3.67105651629515
0.651000000000000,3.63404071334912
0.652000000000000,3.59213522236974
0.653000000000000,3.54564450519869
0.654000000000000,3.49498739774917
0.655000000000000,3.44068934493809
0.656000000000000,3.38337198095061
0.657000000000000,3.32374030153124
0.658000000000000,3.26256773444505
0.659000000000000,3.20067946620354
0.660000000000000,3.13893442631978
0.661000000000000,3.07820636368398
0.662000000000000,3.01936447231193
0.663000000000000,2.96325403515493
0.664000000000000,2.91067755458856
0.665000000000000,2.86237682661908
0.666000000000000,2.81901639304353
0.667000000000000,2.78116877233323
0.668000000000000,2.74930182670161
0.669000000000000,2.72376857073154
0.670000000000000,2.70479966735444
0.671000000000000,2.69249879135880
0.672000000000000,2.68684097057244
0.673000000000000,2.68767394213352
0.674000000000000,2.69472248762806
0.675000000000000,2.70759563813764
0.676000000000000,2.72579657019825
0.677000000000000,2.74873494804269
0.678000000000000,2.77574140789728
0.679000000000000,2.80608382799466
0.680000000000000,2.83898498462821
0.681000000000000,2.87364116107537
0.682000000000000,2.90924125337809
0.683000000000000,2.94498590535016
0.684000000000000,2.98010620506566
0.685000000000000,3.01388148647125
0.686000000000000,3.04565580237500
0.687000000000000,3.07485266833625
0.688000000000000,3.10098772009354
0.689000000000000,3.12367897905749
0.690000000000000,3.14265447978245
0.691000000000000,3.15775707875056
0.692000000000000,3.16894633364242
0.693000000000000,3.17629741480810
0.694000000000000,3.17999708410209
0.695000000000000,3.18033684879853
0.696000000000000,3.17770346816676
0.697000000000000,3.17256705574538
0.698000000000000,3.16546707978744
0.699000000000000,3.15699661630091
0.700000000000000,3.14778525229247
0.701000000000000,3.13848107017888
0.702000000000000,3.12973216703392
0.703000000000000,3.12216817383314
0.704000000000000,3.11638223985820
0.705000000000000,3.11291393592916
0.706000000000000,3.11223350742864
0.707000000000000,3.11472787472637
0.708000000000000,3.12068873542759
0.709000000000000,3.13030307091876
0.710000000000000,3.14364630024795
0.711000000000000,3.16067825892065
0.712000000000000,3.18124211032680
0.713000000000000,3.20506622496306
0.714000000000000,3.23176898916384
0.715000000000000,3.26086643251524
0.716000000000000,3.29178249328580
0.717000000000000,3.32386167578769
0.718000000000000,3.35638379419522
0.719000000000000,3.38858044545788
0.720000000000000,3.41965281083225
0.721000000000000,3.44879035228561
0.722000000000000,3.47518994741385
0.723000000000000,3.49807499512813
0.724000000000000,3.51671402447984
0.725000000000000,3.53043835061226
0.726000000000000,3.53865834466616
0.727000000000000,3.54087791796489
0.728000000000000,3.53670686414070
0.729000000000000,3.52587075497324
0.730000000000000,3.50821814531243
0.731000000000000,3.48372490808688
0.732000000000000,3.45249559044142
0.733000000000000,3.41476175478166
0.734000000000000,3.37087734214041
0.735000000000000,3.32131116801051
0.736000000000000,3.26663673082167
0.737000000000000,3.20751957885350
0.738000000000000,3.14470254096009
0.739000000000000,3.07898917856703
0.740000000000000,3.01122585971054
0.741000000000000,2.94228288935494
0.742000000000000,2.87303515302709
0.743000000000000,2.80434274238537
0.744000000000000,2.73703203141178
0.745000000000000,2.67187766047948
0.746000000000000,2.60958586288721
0.747000000000000,2.55077953512512
0.748000000000000,2.49598540896646
0.749000000000000,2.44562363152898
0.750000000000000,2.40000000000000
0.751000000000000,2.35930103223297
0.752000000000000,2.32359198451548
0.753000000000000,2.29281785519953
0.754000000000000,2.26680733936281
0.755000000000000,2.24527962704591
0.756000000000000,2.22785386767123
0.757000000000000,2.21406105771881
0.758000000000000,2.20335804922294
0.759000000000000,2.19514332462898
0.760000000000000,2.18877414028946
0.761000000000000,2.18358460744906
0.762000000000000,2.17890425678989
0.763000000000000,2.17407662104232
0.764000000000000,2.16847737009533
0.765000000000000,2.16153154446411
0.766000000000000,2.15272945560958
0.767000000000000,2.14164085489369
0.768000000000000,2.12792701607664
0.769000000000000,2.11135042815118
0.770000000000000,2.09178185468757
0.771000000000000,2.06920458126482
0.772000000000000,2.04371574237736
0.773000000000000,2.01552469171046
0.774000000000000,1.98494845308382
0.775000000000000,1.95240436186236
0.776000000000000,1.91840007643715
0.777000000000000,1.88352120476768
0.778000000000000,1.84841685033613
0.779000000000000,1.81378343373048
0.780000000000000,1.78034718916774
0.781000000000000,1.74884576852603
0.782000000000000,1.72000940805480
0.783000000000000,1.69454212431650
0.784000000000000,1.67310340579721
0.785000000000000,1.65629085501014
0.786000000000000,1.64462421308618
0.787000000000000,1.63853116536159
0.788000000000000,1.63833528315514
0.789000000000000,1.64424640484130
0.790000000000000,1.65635369975205
0.791000000000000,1.67462159284318
0.792000000000000,1.69888865805435
0.793000000000000,1.72886951559828
0.794000000000000,1.76415969482138
0.795000000000000,1.80424335159622
0.796000000000000,1.84850365922481
0.797000000000000,1.89623562627104
0.798000000000000,1.94666103521610
0.799000000000000,1.99894514380503
0.800000000000000,2.05221474770753
0.801000000000000,2.10557716971518
0.802000000000000,2.15813971796254
0.803000000000000,2.20902914415044
0.804000000000000,2.25741063275023
0.805000000000000,2.30250586367609
0.806000000000000,2.34360971364789
0.807000000000000,2.38010519486725
0.808000000000000,2.41147627287564
0.809000000000000,2.43731825748750
0.810000000000000,2.45734552021755
0.811000000000000,2.47139635718057
0.812000000000000,2.47943488642453
0.813000000000000,2.48154994133909
0.814000000000000,2.47795099537498
0.815000000000000,2.46896122600337
0.816000000000000,2.45500789585133
0.817000000000000,2.43661029454566
0.818000000000000,2.41436554437190
0.819000000000000,2.38893262494072
0.820000000000000,2.36101501537179
0.821000000000000,2.33134238598924
0.822000000000000,2.30065179435274
0.823000000000000,2.26966885206149
0.824000000000000,2.23908932888476
0.825000000000000,2.20956164938774
0.826000000000000,2.18167071462196
0.827000000000000,2.15592344819114
0.828000000000000,2.13273642290950
0.829000000000000,2.11242587240314
0.830000000000000,2.09520033264556
0.831000000000000,2.08115609303041
0.832000000000000,2.07027556678033
0.833000000000000,2.06242861799142
0.834000000000000,2.05737680920649
0.835000000000000,2.05478046090630
0.836000000000000,2.05420834449445
0.837000000000000,2.05514976494925
0.838000000000000,2.05702872993809
0.839000000000000,2.05921985029993
0.840000000000000,2.06106557368022
0.841000000000000,2.06189431981255
0.842000000000000,2.06103906330493
0.843000000000000,2.05785589836458
0.844000000000000,2.05174211996638
0.845000000000000,2.04215336753653
0.846000000000000,2.02861940000081
0.847000000000000,2.01075810447666
0.848000000000000,1.98828738414832
0.849000000000000,1.96103462288894
0.850000000000000,1.92894348370485
0.851000000000000,1.89207786360773
0.852000000000000,1.85062289745951
0.853000000000000,1.80488297595873
0.854000000000000,1.75527681645929
0.855000000000000,1.70232969792121
0.856000000000000,1.64666304120148
0.857000000000000,1.58898158137880
0.858000000000000,1.53005843825594
0.859000000000000,1.47071844313430
0.860000000000000,1.41182012312508
0.861000000000000,1.35423677758841
0.862000000000000,1.29883710395280
0.863000000000000,1.24646584160347
0.864000000000000,1.19792490245696
0.865000000000000,1.15395544526074
0.866000000000000,1.11522132785399
0.867000000000000,1.08229433815909
0.868000000000000,1.05564156136479
0.869000000000000,1.03561518867623
0.870000000000000,1.02244501342415
0.871000000000000,1.01623379471064
0.872000000000000,1.01695559873604
0.873000000000000,1.02445715522179
0.874000000000000,1.03846219270706
0.875000000000000,1.05857864376269
0.876000000000000,1.08430854112355
0.877000000000000,1.11506036011155
0.878000000000000,1.15016350312008
0.879000000000000,1.18888456982162
0.880000000000000,1.23044501342415
0.881000000000000,1.27403974980331
0.882000000000000,1.31885626349881
0.883000000000000,1.36409374294468
0.884000000000000,1.40898177718748
0.885000000000000,1.45279815773536
0.886000000000000,1.49488535179044
0.887000000000000,1.53466524638905
0.888000000000000,1.57165180608682
0.889000000000000,1.60546133871548
0.890000000000000,1.63582012312508
0.891000000000000,1.66256921824528
0.892000000000000,1.68566634263998
0.893000000000000,1.70518478626856
0.894000000000000,1.72130938961798
0.895000000000000,1.73432969792120
0.896000000000000,1.74463046804279
0.897000000000000,1.75267977106896
0.898000000000000,1.75901499307546
0.899000000000000,1.76422708849675
0.900000000000000,1.76894348370485
0.901000000000000,1.77381006176187
0.902000000000000,1.77947268201429
0.903000000000000,1.78655869969108
0.904000000000000,1.79565895066732
0.905000000000000,1.80731065506191
0.906000000000000,1.82198167063289
0.907000000000000,1.84005649357899
0.908000000000000,1.86182436117091
0.909000000000000,1.88746975868547
0.910000000000000,1.91706557368022
0.911000000000000,1.95056907518895
0.912000000000000,1.98782082555405
0.913000000000000,2.02854656005949
0.914000000000000,2.07236199607795
0.915000000000000,2.11878046090630
0.916000000000000,2.16722315762299
0.917000000000000,2.21703182288119
0.918000000000000,2.26748347116437
0.919000000000000,2.31780686814139
0.920000000000000,2.36720033264556
0.921000000000000,2.41485043353022
0.922000000000000,2.45995112504352
0.923000000000000,2.50172285297672
0.924000000000000,2.53943116395545
0.925000000000000,2.57240436186236
0.926000000000000,2.60004977821825
0.927000000000000,2.62186825684708
0.928000000000000,2.63746649648676
0.929000000000000,2.64656694711632
0.930000000000000,2.64901501537179
0.931000000000000,2.64478340005171
0.932000000000000,2.63397344875594
0.933000000000000,2.61681349943542
0.934000000000000,2.59365424426782
0.935000000000000,2.56496122600337
0.936000000000000,2.53130464695848
0.937000000000000,2.49334673644933
0.938000000000000,2.45182698204048
0.939000000000000,2.40754558206958
0.940000000000000,2.36134552021755
0.941000000000000,2.31409369636043
0.942000000000000,2.26666157074161
0.943000000000000,2.21990579008167
0.944000000000000,2.17464926431440
0.945000000000000,2.13166315120147
0.946000000000000,2.09165018341673
0.947000000000000,2.05522973936485
0.948000000000000,2.02292501582852
0.949000000000000,1.99515260858811
0.950000000000000,1.97221474770753
0.951000000000000,1.95429436869405
0.952000000000000,1.94145313083206
0.953000000000000,1.93363242138128
0.954000000000000,1.93065731080831
0.955000000000000,1.93224335159622
0.956000000000000,1.93800604323787
0.957000000000000,1.94747272048805
0.958000000000000,1.96009656243839
0.959000000000000,1.97527236795416
0.960000000000000,1.99235369975205
0.961000000000000,2.01067096596837
0.962000000000000,2.02954998528915
0.963000000000000,2.04833057014717
0.964000000000000,2.06638466241967
0.965000000000000,2.08313356748476
0.966000000000000,2.09806385513070
0.967000000000000,2.11074152910208
0.968000000000000,2.12082411018882
0.969000000000000,2.12807032965310
0.970000000000000,2.13234718916775
0.971000000000000,2.13363420884146
0.972000000000000,2.13202475472017
0.973000000000000,2.12772440965745
0.974000000000000,2.12104642485364
0.975000000000000,2.11240436186236
0.976000000000000,2.10230210466732
0.977000000000000,2.09132148682069
0.978000000000000,2.08010783799332
0.979000000000000,2.06935380615383
0.980000000000000,2.05978185468756
0.981000000000000,2.05212586702410
0.982000000000000,2.04711231394262
0.983000000000000,2.04544145010810
0.984000000000000,2.04776900627609
0.985000000000000,2.05468883198949
0.986000000000000,2.06671692076184
0.987000000000000,2.08427721625674
0.988000000000000,2.10768955465587
0.989000000000000,2.13716004632199
0.990000000000000,2.17277414028946
0.991000000000000,2.21449254951799
0.992000000000000,2.26215014483890
0.993000000000000,2.31545785282904
0.994000000000000,2.37400751925474
0.995000000000000,2.43727962704590
0.996000000000000,2.50465368777931
0.997000000000000,2.57542106008929
0.998000000000000,2.64879988889952
0.999000000000000,2.72395180734394
1.00000000000000,2.80000000000000
1.00100000000000,2.87604819265606
1.00200000000000,2.95120011110048
1.00300000000000,3.02457893991071
1.00400000000000,3.09534631222069
1.00500000000000,3.16272037295410
1.00600000000000,3.22599248074526
1.00700000000000,3.28454214717096
1.00800000000000,3.33784985516110
1.00900000000000,3.38550745048201
1.01000000000000,3.42722585971054
1.01100000000000,3.46283995367801
1.01200000000000,3.49231044534413
1.01300000000000,3.51572278374326
1.01400000000000,3.53328307923816
1.01500000000000,3.54531116801051
1.01600000000000,3.55223099372391
1.01700000000000,3.55455854989190
1.01800000000000,3.55288768605738
1.01900000000000,3.54787413297589
1.02000000000000,3.54021814531243
1.02100000000000,3.53064619384617
1.02200000000000,3.51989216200668
1.02300000000000,3.50867851317930
1.02400000000000,3.49769789533268
1.02500000000000,3.48759563813764
1.02600000000000,3.47895357514636
1.02700000000000,3.47227559034255
1.02800000000000,3.46797524527983
1.02900000000000,3.46636579115854
1.03000000000000,3.46765281083225
1.03100000000000,3.47192967034690
1.03200000000000,3.47917588981118
1.03300000000000,3.48925847089792
1.03400000000000,3.50193614486931
1.03500000000000,3.51686643251524
1.03600000000000,3.53361533758033
1.03700000000000,3.55166942985283
1.03800000000000,3.57045001471084
1.03900000000000,3.58932903403163
1.04000000000000,3.60764630024795
1.04100000000000,3.62472763204584
1.04200000000000,3.63990343756161
1.04300000000000,3.65252727951195
1.04400000000000,3.66199395676213
1.04500000000000,3.66775664840377
1.04600000000000,3.66934268919169
1.04700000000000,3.66636757861873
1.04800000000000,3.65854686916794
1.04900000000000,3.64570563130595
1.05000000000000,3.62778525229247
1.05100000000000,3.60484739141189
1.05200000000000,3.57707498417148
1.05300000000000,3.54477026063515
1.05400000000000,3.50834981658326
1.05500000000000,3.46833684879853
1.05600000000000,3.42535073568559
1.05700000000000,3.38009420991833
1.05800000000000,3.33333842925838
1.05900000000000,3.28590630363958
1.06000000000000,3.23865447978245
1.06100000000000,3.19245441793042
1.06200000000000,3.14817301795951
1.06300000000000,3.10665326355067
1.06400000000000,3.06869535304152
1.06500000000000,3.03503877399663
1.06600000000000,3.00634575573218
1.06700000000000,2.98318650056458
1.06800000000000,2.96602655124406
1.06900000000000,2.95521659994830
1.07000000000000,2.95098498462821
1.07100000000000,2.95343305288368
1.07200000000000,2.96253350351324
1.07300000000000,2.97813174315292
1.07400000000000,2.99995022178175
1.07500000000000,3.02759563813764
1.07600000000000,3.06056883604456
1.07700000000000,3.09827714702328
1.07800000000000,3.14004887495648
1.07900000000000,3.18514956646978
1.08000000000000,3.23279966735444
1.08100000000000,3.28219313185861
1.08200000000000,3.33251652883563
1.08300000000000,3.38296817711881
1.08400000000000,3.43277684237701
1.08500000000000,3.48121953909370
1.08600000000000,3.52763800392205
1.08700000000000,3.57145343994051
1.08800000000000,3.61217917444595
1.08900000000000,3.64943092481105
1.09000000000000,3.68293442631978
1.09100000000000,3.71253024131452
1.09200000000000,3.73817563882909
1.09300000000000,3.75994350642101
1.09400000000000,3.77801832936711
1.09500000000000,3.79268934493809
1.09600000000000,3.80434104933268
1.09700000000000,3.81344130030892
1.09800000000000,3.82052731798570
1.09900000000000,3.82618993823813
1.10000000000000,3.83105651629516
1.10100000000000,3.83577291150325
1.10200000000000,3.84098500692453
1.10300000000000,3.84732022893104
1.10400000000000,3.85536953195721
1.10500000000000,3.86567030207879
1.10600000000000,3.87869061038203
1.10700000000000,3.89481521373144
1.10800000000000,3.91433365736002
1.10900000000000,3.93743078175471
1.11000000000000,3.96417987687493
1.11100000000000,3.99453866128452
1.11200000000000,4.02834819391318
1.11300000000000,4.06533475361095
1.11400000000000,4.10511464820956
1.11500000000000,4.14720184226464
1.11600000000000,4.19101822281252
1.11700000000000,4.23590625705533
1.11800000000000,4.28114373650120
1.11900000000000,4.32596025019669
1.12000000000000,4.36955498657585
1.12100000000000,4.41111543017838
1.12200000000000,4.44983649687993
1.12300000000000,4.48493963988845
1.12400000000000,4.51569145887645
1.12500000000000,4.54142135623731
1.12600000000000,4.56153780729294
1.12700000000000,4.57554284477821
1.12800000000000,4.58304440126397
1.12900000000000,4.58376620528936
1.13000000000000,4.57755498657585
1.13100000000000,4.56438481132377
1.13200000000000,4.54435843863521
1.13300000000000,4.51770566184091
1.13400000000000,4.48477867214600
1.13500000000000,4.44604455473926
1.13600000000000,4.40207509754304
1.13700000000000,4.35353415839653
1.13800000000000,4.30116289604720
1.13900000000000,4.24576322241159
1.14000000000000,4.18817987687492
1.14100000000000,4.12928155686570
1.14200000000000,4.06994156174405
1.14300000000000,4.01101841862121
1.14400000000000,3.95333695879851
1.14500000000000,3.89767030207880
1.14600000000000,3.84472318354070
1.14700000000000,3.79511702404128
1.14800000000000,3.74937710254050
1.14900000000000,3.70792213639227
1.15000000000000,3.67105651629515
1.15100000000000,3.63896537711106
1.15200000000000,3.61171261585168
1.15300000000000,3.58924189552334
1.15400000000000,3.57138059999920
1.15500000000000,3.55784663246347
1.15600000000000,3.54825788003363
1.15700000000000,3.54214410163543
1.15800000000000,3.53896093669507
1.15900000000000,3.53810568018746
1.16000000000000,3.53893442631978
1.16100000000000,3.54078014970007
1.16200000000000,3.54297127006191
1.16300000000000,3.54485023505075
1.16400000000000,3.54579165550555
1.16500000000000,3.54521953909370
1.16600000000000,3.54262319079351
1.16700000000000,3.53757138200858
1.16800000000000,3.52972443321967
1.16900000000000,3.51884390696959
1.17000000000000,3.50479966735444
1.17100000000000,3.48757412759685
1.17200000000000,3.46726357709050
1.17300000000000,3.44407655180886
1.17400000000000,3.41832928537804
1.17500000000000,3.39043835061225
1.17600000000000,3.36091067111524
1.17700000000000,3.33033114793850
1.17800000000000,3.29934820564726
1.17900000000000,3.26865761401076
1.18000000000000,3.23898498462821
1.18100000000000,3.21106737505927
1.18200000000000,3.18563445562810
1.18300000000000,3.16338970545434
1.18400000000000,3.14499210414867
1.18500000000000,3.13103877399663
1.18600000000000,3.12204900462503
1.18700000000000,3.11845005866090
1.18800000000000,3.12056511357547
1.18900000000000,3.12860364281943
1.19000000000000,3.14265447978245
1.19100000000000,3.16268174251250
1.19200000000000,3.18852372712436
1.19300000000000,3.21989480513275
1.19400000000000,3.25639028635211
1.19500000000000,3.29749413632391
1.19600000000000,3.34258936724978
1.19700000000000,3.39097085584956
1.19800000000000,3.44186028203746
1.19900000000000,3.49442283028482
1.20000000000000,3.54778525229247
1.20100000000000,3.60105485619497
1.20200000000000,3.65333896478389
1.20300000000000,3.70376437372897
1.20400000000000,3.75149634077519
1.20500000000000,3.79575664840378
1.20600000000000,3.83584030517862
1.20700000000000,3.87113048440172
1.20800000000000,3.90111134194565
1.20900000000000,3.92537840715682
1.21000000000000,3.94364630024795
1.21100000000000,3.95575359515871
1.21200000000000,3.96166471684486
1.21300000000000,3.96146883463841
1.21400000000000,3.95537578691382
1.21500000000000,3.94370914498985
1.21600000000000,3.92689659420279
1.21700000000000,3.90545787568350
1.21800000000000,3.87999059194520
1.21900000000000,3.85115423147397
1.22000000000000,3.81965281083225
1.22100000000000,3.78621656626952
1.22200000000000,3.75158314966387
1.22300000000000,3.71647879523231
1.22400000000000,3.68159992356285
1.22500000000000,3.64759563813763
1.22600000000000,3.61505154691618
1.22700000000000,3.58447530828954
1.22800000000000,3.55628425762264
1.22900000000000,3.53079541873518
1.23000000000000,3.50821814531243
1.23100000000000,3.48864957184882
1.23200000000000,3.47207298392336
1.23300000000000,3.45835914510631
1.23400000000000,3.44727054439043
1.23500000000000,3.43846845553589
1.23600000000000,3.43152262990468
1.23700000000000,3.42592337895768
1.23800000000000,3.42109574321012
1.23900000000000,3.41641539255094
1.24000000000000,3.41122585971054
1.24100000000000,3.40485667537103
1.24200000000000,3.39664195077706
1.24300000000000,3.38593894228119
1.24400000000000,3.37214613232877
1.24500000000000,3.35472037295410
1.24600000000000,3.33319266063719
1.24700000000000,3.30718214480047
1.24800000000000,3.27640801548452
1.24900000000000,3.24069896776704
1.25000000000000,3.20000000000000
1.25100000000000,3.15437636847102
1.25200000000000,3.10401459103355
1.25300000000000,3.04922046487487
1.25400000000000,2.99041413711279
1.25500000000000,2.92812233952052
1.25600000000000,2.86296796858823
1.25700000000000,2.79565725761462
1.25800000000000,2.72696484697292
1.25900000000000,2.65771711064506
1.26000000000000,2.58877414028946
1.26100000000000,2.52101082143296
1.26200000000000,2.45529745903991
1.26300000000000,2.39248042114650
1.26400000000000,2.33336326917833
1.26500000000000,2.27868883198949
1.26600000000000,2.22912265785960
1.26700000000000,2.18523824521834
1.26800000000000,2.14750440955858
1.26900000000000,2.11627509191312
1.27000000000000,2.09178185468757
1.27100000000000,2.07412924502676
1.27200000000000,2.06329313585930
1.27300000000000,2.05912208203511
1.27400000000000,2.06134165533384
1.27500000000000,2.06956164938775
1.27600000000000,2.08328597552016
1.27700000000000,2.10192500487187
1.27800000000000,2.12481005258615
1.27900000000000,2.15120964771439
1.28000000000000,2.18034718916774
1.28100000000000,2.21141955454211
1.28200000000000,2.24361620580478
1.28300000000000,2.27613832421232
1.28400000000000,2.30821750671420
1.28500000000000,2.33913356748476
1.28600000000000,2.36823101083616
1.28700000000000,2.39493377503693
1.28800000000000,2.41875788967320
1.28900000000000,2.43932174107935
1.29000000000000,2.45635369975205
1.29100000000000,2.46969692908123
1.29200000000000,2.47931126457241
1.29300000000000,2.48527212527363
1.29400000000000,2.48776649257135
1.29500000000000,2.48708606407084
1.29600000000000,2.48361776014180
1.29700000000000,2.47783182616686
1.29800000000000,2.47026783296608
1.29900000000000,2.46151892982112
1.30000000000000,2.45221474770753
1.30100000000000,2.44300338369909
1.30200000000000,2.43453292021255
1.30300000000000,2.42743294425462
1.30400000000000,2.42229653183323
1.30500000000000,2.41966315120147
1.30600000000000,2.42000291589790
1.30700000000000,2.42370258519191
1.30800000000000,2.43105366635757
1.30900000000000,2.44224292124944
1.31000000000000,2.45734552021755
1.31100000000000,2.47632102094251
1.31200000000000,2.49901227990646
1.31300000000000,2.52514733166374
1.31400000000000,2.55434419762500
1.31500000000000,2.58611851352875
1.31600000000000,2.61989379493434
1.31700000000000,2.65501409464984
1.31800000000000,2.69075874662192
1.31900000000000,2.72635883892463
1.32000000000000,2.76101501537179
1.32100000000000,2.79391617200534
1.32200000000000,2.82425859210272
1.32300000000000,2.85126505195731
1.32400000000000,2.87420342980175
1.32500000000000,2.89240436186236
1.32600000000000,2.90527751237194
1.32700000000000,2.91232605786648
1.32800000000000,2.91315902942756
1.32900000000000,2.90750120864120
1.33000000000000,2.89520033264556
1.33100000000000,2.87623142926846
1.33200000000000,2.85069817329839
1.33300000000000,2.81883122766677
1.33400000000000,2.78098360695647
1.33500000000000,2.73762317338092
1.33600000000000,2.68932244541143
1.33700000000000,2.63674596484507
1.33800000000000,2.58063552768807
1.33900000000000,2.52179363631602
1.34000000000000,2.46106557368021
1.34100000000000,2.39932053379646
1.34200000000000,2.33743226555495
1.34300000000000,2.27625969846876
1.34400000000000,2.21662801904938
1.34500000000000,2.15931065506192
1.34600000000000,2.10501260225082
1.34700000000000,2.05435549480132
1.34800000000000,2.00786477763025
1.34900000000000,1.96595928665089
1.35000000000000,1.92894348370484
1.35100000000000,1.89700252736968
1.35200000000000,1.87020029094144
1.35300000000000,1.84848036628338
1.35400000000000,1.83167001870931
1.35500000000000,1.81948698544659
1.35600000000000,1.81154894028449
1.35700000000000,1.80738538148298
1.35800000000000,1.80645164050596
1.35900000000000,1.80814465711821
1.36000000000000,1.81182012312508
1.36100000000000,1.81681056360450
1.36200000000000,1.82244390170278
1.36300000000000,1.82806204149929
1.36400000000000,1.83303900337395
1.36500000000000,1.83679815773536
1.36600000000000,1.83882812560398
1.36700000000000,1.83869694783444
1.36800000000000,1.83606416788285
1.36900000000000,1.83069052491429
1.37000000000000,1.82244501342415
1.37100000000000,1.81130913094869
1.37200000000000,1.79737820525410
1.37300000000000,1.78085976489713
1.37400000000000,1.76206899045703
1.37500000000000,1.74142135623731
1.37600000000000,1.71942264204054
1.37700000000000,1.69665656000737
1.37800000000000,1.67377030087005
1.37900000000000,1.65145835583771
1.38000000000000,1.63044501342415
1.38100000000000,1.61146596378722
1.38200000000000,1.59524946574883
1.38300000000000,1.58249754304886
1.38400000000000,1.57386767627049
1.38500000000000,1.56995544526074
1.38600000000000,1.57127855404047
1.38700000000000,1.57826263671371
1.38800000000000,1.59122919956876
1.38900000000000,1.61038600247742
1.39000000000000,1.63582012312508
1.39100000000000,1.66749388200723
1.39200000000000,1.70524373612192
1.39300000000000,1.74878217659321
1.39400000000000,1.79770259186800
1.39500000000000,1.85148698544659
1.39600000000000,1.90951636712581
1.39700000000000,1.97108357117314
1.39800000000000,2.03540819532549
1.39900000000000,2.10165330248065
1.40000000000000,2.16894348370485
1.40100000000000,2.23638384777796
1.40200000000000,2.30307947976428
1.40300000000000,2.36815489958689
1.40400000000000,2.43077305158432
1.40500000000000,2.49015336753653
1.40600000000000,2.54558846838288
1.40700000000000,2.59645910325434
1.40800000000000,2.64224696768897
1.40900000000000,2.68254509492353
1.41000000000000,2.71706557368021
1.41100000000000,2.74564441142700
1.41200000000000,2.76824343207211
1.41300000000000,2.78494916973483
1.41400000000000,2.79596879382793
1.41500000000000,2.80162317338092
1.41600000000000,2.80233725853997
1.41700000000000,2.79862802277700
1.41800000000000,2.79109026891435
1.41900000000000,2.78038065415748
1.42000000000000,2.76720033264556
1.42100000000000,2.75227664751413
1.42200000000000,2.73634432729354
1.42300000000000,2.72012665308090
1.42400000000000,2.70431706303846
1.42500000000000,2.68956164938774
1.42600000000000,2.67644298046827
1.42700000000000,2.66546564717173
1.42800000000000,2.65704388996870
1.42900000000000,2.65149161087827
1.43000000000000,2.64901501537179
1.43100000000000,2.64970806381365
1.43200000000000,2.65355084223787
1.43300000000000,2.66041088976007
1.43400000000000,2.67004744651784
1.43500000000000,2.68211851352876
1.43600000000000,2.69619054604149
1.43700000000000,2.71175053655351
1.43800000000000,2.72822018429051
1.43900000000000,2.74497179605350
1.44000000000000,2.76134552021755
1.44100000000000,2.77666748237652
1.44200000000000,2.79026836849160
1.44300000000000,2.80150198997749
1.44400000000000,2.80976336523139
1.44500000000000,2.81450586367610
1.44600000000000,2.81525698116672
1.44700000000000,2.81163234904020
1.44800000000000,2.80334762234658
1.44900000000000,2.79022794482617
1.45000000000000,2.77221474770753
1.45100000000000,2.74936970493210
1.45200000000000,2.72187573735012
1.45300000000000,2.69003503105662
1.45400000000000,2.65426410855829
1.45500000000000,2.61508606407084
1.45600000000000,2.57312014415486
1.45700000000000,2.52906892038387
1.45800000000000,2.48370336018837
1.45900000000000,2.43784615397025
1.46000000000000,2.39235369975205
1.46100000000000,2.34809717995227
1.46200000000000,2.30594318753918
1.46300000000000,2.26673437025135
1.46400000000000,2.23127056150268
1.46500000000000,2.20029085501014
1.46600000000000,2.17445705738072
1.46700000000000,2.15433891942673
1.46800000000000,2.14040150367076
1.46900000000000,2.13299499341504
1.47000000000000,2.13234718916774
1.47100000000000,2.13855887260341
1.47200000000000,2.15160214820211
1.47300000000000,2.17132179998210
1.47400000000000,2.19743962710366
1.47500000000000,2.22956164938775
1.47600000000000,2.26718800375033
1.47700000000000,2.30972528692488
1.47800000000000,2.35650104024334
1.47900000000000,2.40678002013774
1.48000000000000,2.45978185468757
1.48100000000000,2.51469965304020
1.48200000000000,2.57071911169259
1.48300000000000,2.62703765000393
1.48400000000000,2.68288310719308
1.48500000000000,2.73753154446411
1.48600000000000,2.79032371851182
1.48700000000000,2.84067982593209
1.48800000000000,2.88811216117393
1.48900000000000,2.93223538256005
1.49000000000000,2.97277414028946
1.49100000000000,3.00956788575605
1.49200000000000,3.04257275135695
1.49300000000000,3.07186046250440
1.49400000000000,3.09761431700472
1.49500000000000,3.12012233952052
1.49600000000000,3.13976778869629
1.49700000000000,3.15701725998512
1.49800000000000,3.17240668664950
1.49900000000000,3.18652559336003
1.50000000000000,3.20000000000000
1.50100000000000,3.21347440663997
1.50200000000000,3.22759331335050
1.50300000000000,3.24298274001488
1.50400000000000,3.26023221130370
1.50500000000000,3.27987766047948
1.50600000000000,3.30238568299528
1.50700000000000,3.32813953749560
1.50800000000000,3.35742724864304
1.50900000000000,3.39043211424395
1.51000000000000,3.42722585971054
1.51100000000000,3.46776461743996
1.51200000000000,3.51188783882607
1.51300000000000,3.55932017406792
1.51400000000000,3.60967628148818
1.51500000000000,3.66246845553589
1.51600000000000,3.71711689280692
1.51700000000000,3.77296234999608
1.51800000000000,3.82928088830741
1.51900000000000,3.88530034695981
1.52000000000000,3.94021814531243
1.52100000000000,3.99321997986226
1.52200000000000,4.04349895975666
1.52300000000000,4.09027471307513
1.52400000000000,4.13281199624966
1.52500000000000,4.17043835061226
1.52600000000000,4.20256037289633
1.52700000000000,4.22867820001790
1.52800000000000,4.24839785179789
1.52900000000000,4.26144112739660
1.53000000000000,4.26765281083226
1.53100000000000,4.26700500658495
1.53200000000000,4.25959849632924
1.53300000000000,4.24566108057326
1.53400000000000,4.22554294261928
1.53500000000000,4.19970914498985
1.53600000000000,4.16872943849732
1.53700000000000,4.13326562974865
1.53800000000000,4.09405681246082
1.53900000000000,4.05190282004773
1.54000000000000,4.00764630024795
1.54100000000000,3.96215384602975
1.54200000000000,3.91629663981163
1.54300000000000,3.87093107961613
1.54400000000000,3.82687985584514
1.54500000000000,3.78491393592917
1.54600000000000,3.74573589144171
1.54700000000000,3.70996496894338
1.54800000000000,3.67812426264988
1.54900000000000,3.65063029506790
1.55000000000000,3.62778525229248
1.55100000000000,3.60977205517383
1.55200000000000,3.59665237765342
1.55300000000000,3.58836765095980
1.55400000000000,3.58474301883328
1.55500000000000,3.58549413632391
1.55600000000000,3.59023663476861
1.55700000000000,3.59849801002252
1.55800000000000,3.60973163150840
1.55900000000000,3.62333251762348
1.56000000000000,3.63865447978246
1.56100000000000,3.65502820394651
1.56200000000000,3.67177981570949
1.56300000000000,3.68824946344649
1.56400000000000,3.70380945395851
1.56500000000000,3.71788148647124
1.56600000000000,3.72995255348216
1.56700000000000,3.73958911023993
1.56800000000000,3.74644915776213
1.56900000000000,3.75029193618635
1.57000000000000,3.75098498462821
1.57100000000000,3.74850838912174
1.57200000000000,3.74295611003130
1.57300000000000,3.73453435282827
1.57400000000000,3.72355701953173
1.57500000000000,3.71043835061225
1.57600000000000,3.69568293696154
1.57700000000000,3.67987334691910
1.57800000000000,3.66365567270645
1.57900000000000,3.64772335248587
1.58000000000000,3.63279966735444
1.58100000000000,3.61961934584252
1.58200000000000,3.60890973108565
1.58300000000000,3.60137197722300
1.58400000000000,3.59766274146002
1.58500000000000,3.59837682661908
1.58600000000000,3.60403120617206
1.58700000000000,3.61505083026517
1.58800000000000,3.63175656792789
1.58900000000000,3.65435558857299
1.59000000000000,3.68293442631979
1.59100000000000,3.71745490507647
1.59200000000000,3.75775303231103
1.59300000000000,3.80354089674565
1.59400000000000,3.85441153161714
1.59500000000000,3.90984663246346
1.59600000000000,3.96922694841569
1.59700000000000,4.03184510041310
1.59800000000000,4.09692052023573
1.59900000000000,4.16361615222204
1.60000000000000,4.23105651629516
1.60100000000000,4.29834669751935
1.60200000000000,4.36459180467452
1.60300000000000,4.42891642882685
1.60400000000000,4.49048363287420
1.60500000000000,4.54851301455341
1.60600000000000,4.60229740813200
1.60700000000000,4.65121782340678
1.60800000000000,4.69475626387809
1.60900000000000,4.73250611799277
1.61000000000000,4.76417987687493
1.61100000000000,4.78961399752257
1.61200000000000,4.80877080043124
1.61300000000000,4.82173736328629
1.61400000000000,4.82872144595953
1.61500000000000,4.83004455473926
1.61600000000000,4.82613232372951
1.61700000000000,4.81750245695114
1.61800000000000,4.80475053425117
1.61900000000000,4.78853403621278
1.62000000000000,4.76955498657585
1.62100000000000,4.74854164416229
1.62200000000000,4.72622969912994
1.62300000000000,4.70334343999263
1.62400000000000,4.68057735795946
1.62500000000000,4.65857864376269
1.62600000000000,4.63793100954296
1.62700000000000,4.61914023510287
1.62800000000000,4.60262179474590
1.62900000000000,4.58869086905131
1.63000000000000,4.57755498657585
1.63100000000000,4.56930947508571
1.63200000000000,4.56393583211715
1.63300000000000,4.56130305216556
1.63400000000000,4.56117187439603
1.63500000000000,4.56320184226464
1.63600000000000,4.56696099662605
1.63700000000000,4.57193795850071
1.63800000000000,4.57755609829723
1.63900000000000,4.58318943639551
1.64000000000000,4.58817987687493
1.64100000000000,4.59185534288180
1.64200000000000,4.59354835949404
1.64300000000000,4.59261461851703
1.64400000000000,4.58845105971550
1.64500000000000,4.58051301455341
1.64600000000000,4.56832998129070
1.64700000000000,4.55151963371662
1.64800000000000,4.52979970905856
1.64900000000000,4.50299747263033
1.65000000000000,4.47105651629515
1.65100000000000,4.43404071334911
1.65200000000000,4.39213522236974
1.65300000000000,4.34564450519869
1.65400000000000,4.29498739774918
1.65500000000000,4.24068934493809
1.65600000000000,4.18337198095060
1.65700000000000,4.12374030153124
1.65800000000000,4.06256773444504
1.65900000000000,4.00067946620354
1.66000000000000,3.93893442631978
1.66100000000000,3.87820636368398
1.66200000000000,3.81936447231193
1.66300000000000,3.76325403515493
1.66400000000000,3.71067755458855
1.66500000000000,3.66237682661908
1.66600000000000,3.61901639304353
1.66700000000000,3.58116877233323
1.66800000000000,3.54930182670162
1.66900000000000,3.52376857073154
1.67000000000000,3.50479966735444
1.67100000000000,3.49249879135880
1.67200000000000,3.48684097057244
1.67300000000000,3.48767394213351
1.67400000000000,3.49472248762806
1.67500000000000,3.50759563813764
1.67600000000000,3.52579657019824
1.67700000000000,3.54873494804269
1.67800000000000,3.57574140789729
1.67900000000000,3.60608382799466
1.68000000000000,3.63898498462821
1.68100000000000,3.67364116107537
1.68200000000000,3.70924125337808
1.68300000000000,3.74498590535016
1.68400000000000,3.78010620506566
1.68500000000000,3.81388148647125
1.68600000000000,3.84565580237499
1.68700000000000,3.87485266833626
1.68800000000000,3.90098772009354
1.68900000000000,3.92367897905749
1.69000000000000,3.94265447978245
1.69100000000000,3.95775707875056
1.69200000000000,3.96894633364242
1.69300000000000,3.97629741480809
1.69400000000000,3.97999708410210
1.69500000000000,3.98033684879852
1.69600000000000,3.97770346816676
1.69700000000000,3.97256705574538
1.69800000000000,3.96546707978744
1.69900000000000,3.95699661630091
1.70000000000000,3.94778525229247
1.70100000000000,3.93848107017889
1.70200000000000,3.92973216703392
1.70300000000000,3.92216817383313
1.70400000000000,3.91638223985820
1.70500000000000,3.91291393592916
1.70600000000000,3.91223350742864
1.70700000000000,3.91472787472637
1.70800000000000,3.92068873542759
1.70900000000000,3.93030307091876
1.71000000000000,3.94364630024795
1.71100000000000,3.96067825892065
1.71200000000000,3.98124211032680
1.71300000000000,4.00506622496307
1.71400000000000,4.03176898916384
1.71500000000000,4.06086643251524
1.71600000000000,4.09178249328580
1.71700000000000,4.12386167578769
1.71800000000000,4.15638379419522
1.71900000000000,4.18858044545788
1.72000000000000,4.21965281083225
1.72100000000000,4.24879035228562
1.72200000000000,4.27518994741384
1.72300000000000,4.29807499512814
1.72400000000000,4.31671402447984
1.72500000000000,4.33043835061226
1.72600000000000,4.33865834466616
1.72700000000000,4.34087791796489
1.72800000000000,4.33670686414070
1.72900000000000,4.32587075497324
1.73000000000000,4.30821814531243
1.73100000000000,4.28372490808688
1.73200000000000,4.25249559044142
1.73300000000000,4.21476175478166
1.73400000000000,4.17087734214041
1.73500000000000,4.12131116801051
1.73600000000000,4.06663673082167
1.73700000000000,4.00751957885350
1.73800000000000,3.94470254096010
1.73900000000000,3.87898917856702
1.74000000000000,3.81122585971054
1.74100000000000,3.74228288935493
1.74200000000000,3.67303515302708
1.74300000000000,3.60434274238537
1.74400000000000,3.53703203141178
1.74500000000000,3.47187766047948
1.74600000000000,3.40958586288721
1.74700000000000,3.35077953512512
1.74800000000000,3.29598540896646
1.74900000000000,3.24562363152898
1.75000000000000,3.20000000000001
1.75100000000000,3.15930103223296
1.75200000000000,3.12359198451548
1.75300000000000,3.09281785519953
1.75400000000000,3.06680733936282
1.75500000000000,3.04527962704590
1.75600000000000,3.02785386767123
1.75700000000000,3.01406105771882
1.75800000000000,3.00335804922295
1.75900000000000,2.99514332462898
1.76000000000000,2.98877414028947
1.76100000000000,2.98358460744906
1.76200000000000,2.97890425678989
1.76300000000000,2.97407662104232
1.76400000000000,2.96847737009533
1.76500000000000,2.96153154446412
1.76600000000000,2.95272945560957
1.76700000000000,2.94164085489369
1.76800000000000,2.92792701607664
1.76900000000000,2.91135042815117
1.77000000000000,2.89178185468757
1.77100000000000,2.86920458126481
1.77200000000000,2.84371574237736
1.77300000000000,2.81552469171045
1.77400000000000,2.78494845308382
1.77500000000000,2.75240436186236
1.77600000000000,2.71840007643714
1.77700000000000,2.68352120476768
1.77800000000000,2.64841685033613
1.77900000000000,2.61378343373048
1.78000000000000,2.58034718916774
1.78100000000000,2.54884576852603
1.78200000000000,2.52000940805480
1.78300000000000,2.49454212431649
1.78400000000000,2.47310340579722
1.78500000000000,2.45629085501014
1.78600000000000,2.44462421308618
1.78700000000000,2.43853116536159
1.78800000000000,2.43833528315514
1.78900000000000,2.44424640484130
1.79000000000000,2.45635369975204
1.79100000000000,2.47462159284319
1.79200000000000,2.49888865805435
1.79300000000000,2.52886951559828
1.79400000000000,2.56415969482138
1.79500000000000,2.60424335159621
1.79600000000000,2.64850365922481
1.79700000000000,2.69623562627104
1.79800000000000,2.74666103521610
1.79900000000000,2.79894514380503
1.80000000000000,2.85221474770752
1.80100000000000,2.90557716971518
1.80200000000000,2.95813971796253
1.80300000000000,3.00902914415043
1.80400000000000,3.05741063275022
1.80500000000000,3.10250586367609
1.80600000000000,3.14360971364789
1.80700000000000,3.18010519486725
1.80800000000000,3.21147627287563
1.80900000000000,3.23731825748750
1.81000000000000,3.25734552021755
1.81100000000000,3.27139635718057
1.81200000000000,3.27943488642453
1.81300000000000,3.28154994133910
1.81400000000000,3.27795099537497
1.81500000000000,3.26896122600337
1.81600000000000,3.25500789585133
1.81700000000000,3.23661029454566
1.81800000000000,3.21436554437190
1.81900000000000,3.18893262494073
1.82000000000000,3.16101501537179
1.82100000000000,3.13134238598925
1.82200000000000,3.10065179435273
1.82300000000000,3.06966885206150
1.82400000000000,3.03908932888476
1.82500000000000,3.00956164938774
1.82600000000000,2.98167071462196
1.82700000000000,2.95592344819114
1.82800000000000,2.93273642290950
1.82900000000000,2.91242587240315
1.83000000000000,2.89520033264556
1.83100000000000,2.88115609303041
1.83200000000000,2.87027556678033
1.83300000000000,2.86242861799143
1.83400000000000,2.85737680920649
1.83500000000000,2.85478046090630
1.83600000000000,2.85420834449445
1.83700000000000,2.85514976494925
1.83800000000000,2.85702872993809
1.83900000000000,2.85921985029993
1.84000000000000,2.86106557368023
1.84100000000000,2.86189431981256
1.84200000000000,2.86103906330493
1.84300000000000,2.85785589836458
1.84400000000000,2.85174211996638
1.84500000000000,2.84215336753653
1.84600000000000,2.82861940000080
1.84700000000000,2.81075810447667
1.84800000000000,2.78828738414832
1.84900000000000,2.76103462288894
1.85000000000000,2.72894348370485
1.85100000000000,2.69207786360773
1.85200000000000,2.65062289745950
1.85300000000000,2.60488297595873
1.85400000000000,2.55527681645929
1.85500000000000,2.50232969792121
1.85600000000000,2.44666304120148
1.85700000000000,2.38898158137880
1.85800000000000,2.33005843825593
1.85900000000000,2.27071844313430
1.86000000000000,2.21182012312507
1.86100000000000,2.15423677758840
1.86200000000000,2.09883710395280
1.86300000000000,2.04646584160347
1.86400000000000,1.99792490245696
1.86500000000000,1.95395544526074
1.86600000000000,1.91522132785399
1.86700000000000,1.88229433815910
1.86800000000000,1.85564156136479
1.86900000000000,1.83561518867623
1.87000000000000,1.82244501342415
1.87100000000000,1.81623379471064
1.87200000000000,1.81695559873604
1.87300000000000,1.82445715522179
1.87400000000000,1.83846219270706
1.87500000000000,1.85857864376269
1.87600000000000,1.88430854112356
1.87700000000000,1.91506036011156
1.87800000000000,1.95016350312008
1.87900000000000,1.98888456982162
1.88000000000000,2.03044501342416
1.88100000000000,2.07403974980331
1.88200000000000,2.11885626349881
1.88300000000000,2.16409374294467
1.88400000000000,2.20898177718749
1.88500000000000,2.25279815773535
1.88600000000000,2.29488535179045
1.88700000000000,2.33466524638905
1.88800000000000,2.37165180608682
1.88900000000000,2.40546133871548
1.89000000000000,2.43582012312507
1.89100000000000,2.46256921824528
1.89200000000000,2.48566634263998
1.89300000000000,2.50518478626856
1.89400000000000,2.52130938961797
1.89500000000000,2.53432969792120
1.89600000000000,2.54463046804279
1.89700000000000,2.55267977106895
1.89800000000000,2.55901499307546
1.89900000000000,2.56422708849674
1.90000000000000,2.56894348370485
1.90100000000000,2.57381006176186
1.90200000000000,2.57947268201429
1.90300000000000,2.58655869969108
1.90400000000000,2.59565895066732
1.90500000000000,2.60731065506190
1.90600000000000,2.62198167063289
1.90700000000000,2.64005649357899
1.90800000000000,2.66182436117091
1.90900000000000,2.68746975868548
1.91000000000000,2.71706557368022
1.91100000000000,2.75056907518894
1.91200000000000,2.78782082555405
1.91300000000000,2.82854656005949
1.91400000000000,2.87236199607796
1.91500000000000,2.91878046090630
1.91600000000000,2.96722315762299
1.91700000000000,3.01703182288119
1.91800000000000,3.06748347116437
1.91900000000000,3.11780686814138
1.92000000000000,3.16720033264556
1.92100000000000,3.21485043353022
1.92200000000000,3.25995112504352
1.92300000000000,3.30172285297673
1.92400000000000,3.33943116395544
1.92500000000000,3.37240436186236
1.92600000000000,3.40004977821825
1.92700000000000,3.42186825684708
1.92800000000000,3.43746649648676
1.92900000000000,3.44656694711632
1.93000000000000,3.44901501537179
1.93100000000000,3.44478340005170
1.93200000000000,3.43397344875594
1.93300000000000,3.41681349943542
1.93400000000000,3.39365424426782
1.93500000000000,3.36496122600337
1.93600000000000,3.33130464695848
1.93700000000000,3.29334673644933
1.93800000000000,3.25182698204049
1.93900000000000,3.20754558206959
1.94000000000000,3.16134552021756
1.94100000000000,3.11409369636042
1.94200000000000,3.06666157074161
1.94300000000000,3.01990579008167
1.94400000000000,2.97464926431440
1.94500000000000,2.93166315120147
1.94600000000000,2.89165018341674
1.94700000000000,2.85522973936486
1.94800000000000,2.82292501582852
1.94900000000000,2.79515260858811
1.95000000000000,2.77221474770753
1.95100000000000,2.75429436869405
1.95200000000000,2.74145313083206
1.95300000000000,2.73363242138128
1.95400000000000,2.73065731080832
1.95500000000000,2.73224335159622
1.95600000000000,2.73800604323787
1.95700000000000,2.74747272048805
1.95800000000000,2.76009656243839
1.95900000000000,2.77527236795417
1.96000000000000,2.79235369975205
1.96100000000000,2.81067096596837
1.96200000000000,2.82954998528916
1.96300000000000,2.84833057014717
1.96400000000000,2.86638466241967
1.96500000000000,2.88313356748476
1.96600000000000,2.89806385513069
1.96700000000000,2.91074152910208
1.96800000000000,2.92082411018882
1.96900000000000,2.92807032965310
1.97000000000000,2.93234718916774
1.97100000000000,2.93363420884146
1.97200000000000,2.93202475472017
1.97300000000000,2.92772440965745
1.97400000000000,2.92104642485364
1.97500000000000,2.91240436186236
1.97600000000000,2.90230210466733
1.97700000000000,2.89132148682069
1.97800000000000,2.88010783799331
1.97900000000000,2.86935380615383
1.98000000000000,2.85978185468756
1.98100000000000,2.85212586702410
1.98200000000000,2.84711231394262
1.98300000000000,2.84544145010811
1.98400000000000,2.84776900627609
1.98500000000000,2.85468883198949
1.98600000000000,2.86671692076184
1.98700000000000,2.88427721625673
1.98800000000000,2.90768955465586
1.98900000000000,2.93716004632199
1.99000000000000,2.97277414028946
1.99100000000000,3.01449254951799
1.99200000000000,3.06215014483889
1.99300000000000,3.11545785282905
1.99400000000000,3.17400751925473
1.99500000000000,3.23727962704591
1.99600000000000,3.30465368777931
1.99700000000000,3.37542106008930
1.99800000000000,3.44879988889952
1.99900000000000,3.52395180734395
2.00000000000000,3.60000000000000
2.00100000000000,3.67604819265605
2.00200000000000,3.75120011110050
2.00300000000000,3.82457893991072
2.00400000000000,3.89534631222068
2.00500000000000,3.96272037295408
2.00600000000000,4.02599248074527
2.00700000000000,4.08454214717096
2.00800000000000,4.13784985516110
2.00900000000000,4.18550745048200
2.01000000000000,4.22722585971055
2.01100000000000,4.26283995367801
2.01200000000000,4.29231044534413
2.01300000000000,4.31572278374326
2.01400000000000,4.33328307923816
2.01500000000000,4.34531116801051
2.01600000000000,4.35223099372390
2.01700000000000,4.35455854989189
2.01800000000000,4.35288768605737
2.01900000000000,4.34787413297590
2.02000000000000,4.34021814531243
2.02100000000000,4.33064619384617
2.02200000000000,4.31989216200668
2.02300000000000,4.30867851317930
2.02400000000000,4.29769789533267
2.02500000000000,4.28759563813764
2.02600000000000,4.27895357514635
2.02700000000000,4.27227559034255
2.02800000000000,4.26797524527983
2.02900000000000,4.26636579115854
2.03000000000000,4.26765281083225
2.03100000000000,4.27192967034690
2.03200000000000,4.27917588981118
2.03300000000000,4.28925847089792
2.03400000000000,4.30193614486930
2.03500000000000,4.31686643251524
2.03600000000000,4.33361533758033
2.03700000000000,4.35166942985283
2.03800000000000,4.37045001471085
2.03900000000000,4.38932903403164
2.04000000000000,4.40764630024794
2.04100000000000,4.42472763204584
2.04200000000000,4.43990343756161
2.04300000000000,4.45252727951196
2.04400000000000,4.46199395676213
2.04500000000000,4.46775664840378
2.04600000000000,4.46934268919169
2.04700000000000,4.46636757861873
2.04800000000000,4.45854686916794
2.04900000000000,4.44570563130596
2.05000000000000,4.42778525229248
2.05100000000000,4.40484739141188
2.05200000000000,4.37707498417149
2.05300000000000,4.34477026063515
2.05400000000000,4.30834981658327
2.05500000000000,4.26833684879853
2.05600000000000,4.22535073568560
2.05700000000000,4.18009420991834
2.05800000000000,4.13333842925839
2.05900000000000,4.08590630363956
2.06000000000000,4.03865447978245
2.06100000000000,3.99245441793041
2.06200000000000,3.94817301795952
2.06300000000000,3.90665326355067
2.06400000000000,3.86869535304152
2.06500000000000,3.83503877399663
2.06600000000000,3.80634575573218
2.06700000000000,3.78318650056457
2.06800000000000,3.76602655124406
2.06900000000000,3.75521659994830
2.07000000000000,3.75098498462821
2.07100000000000,3.75343305288368
2.07200000000000,3.76253350351324
2.07300000000000,3.77813174315292
2.07400000000000,3.79995022178175
2.07500000000000,3.82759563813765
2.07600000000000,3.86056883604456
2.07700000000000,3.89827714702327
2.07800000000000,3.94004887495647
2.07900000000000,3.98514956646979
2.08000000000000,4.03279966735444
2.08100000000000,4.08219313185861
2.08200000000000,4.13251652883563
2.08300000000000,4.18296817711883
2.08400000000000,4.23277684237701
2.08500000000000,4.28121953909369
2.08600000000000,4.32763800392204
2.08700000000000,4.37145343994052
2.08800000000000,4.41217917444595
2.08900000000000,4.44943092481105
2.09000000000000,4.48293442631978
2.09100000000000,4.51253024131453
2.09200000000000,4.53817563882909
2.09300000000000,4.55994350642100
2.09400000000000,4.57801832936710
2.09500000000000,4.59268934493809
2.09600000000000,4.60434104933267
2.09700000000000,4.61344130030891
2.09800000000000,4.62052731798571
2.09900000000000,4.62618993823813
2.10000000000000,4.63105651629515
2.10100000000000,4.63577291150326
2.10200000000000,4.64098500692453
2.10300000000000,4.64732022893104
2.10400000000000,4.65536953195721
2.10500000000000,4.66567030207879
2.10600000000000,4.67869061038202
2.10700000000000,4.69481521373144
2.10800000000000,4.71433365736002
2.10900000000000,4.73743078175472
2.11000000000000,4.76417987687492
2.11100000000000,4.79453866128453
2.11200000000000,4.82834819391319
2.11300000000000,4.86533475361094
2.11400000000000,4.90511464820955
2.11500000000000,4.94720184226465
2.11600000000000,4.99101822281252
2.11700000000000,5.03590625705533
2.11800000000000,5.08114373650119
2.11900000000000,5.12596025019671
2.12000000000000,5.16955498657585
2.12100000000000,5.21111543017838
2.12200000000000,5.24983649687992
2.12300000000000,5.28493963988846
2.12400000000000,5.31569145887645
2.12500000000000,5.34142135623731
2.12600000000000,5.36153780729294
2.12700000000000,5.37554284477822
2.12800000000000,5.38304440126396
2.12900000000000,5.38376620528936
2.13000000000000,5.37755498657585
2.13100000000000,5.36438481132376
2.13200000000000,5.34435843863521
2.13300000000000,5.31770566184091
2.13400000000000,5.28477867214601
2.13500000000000,5.24604455473926
2.13600000000000,5.20207509754304
2.13700000000000,5.15353415839653
2.13800000000000,5.10116289604721
2.13900000000000,5.04576322241158
2.14000000000000,4.98817987687491
2.14100000000000,4.92928155686571
2.14200000000000,4.86994156174407
2.14300000000000,4.81101841862120
2.14400000000000,4.75333695879852
2.14500000000000,4.69767030207879
2.14600000000000,4.64472318354072
2.14700000000000,4.59511702404126
2.14800000000000,4.54937710254049
2.14900000000000,4.50792213639228
2.15000000000000,4.47105651629516
2.15100000000000,4.43896537711105
2.15200000000000,4.41171261585168
2.15300000000000,4.38924189552334
2.15400000000000,4.37138059999921
2.15500000000000,4.35784663246347
2.15600000000000,4.34825788003362
2.15700000000000,4.34214410163543
2.15800000000000,4.33896093669507
2.15900000000000,4.33810568018745
2.16000000000000,4.33893442631979
2.16100000000000,4.34078014970008
2.16200000000000,4.34297127006191
2.16300000000000,4.34485023505076
2.16400000000000,4.34579165550555
2.16500000000000,4.34521953909370
2.16600000000000,4.34262319079351
2.16700000000000,4.33757138200858
2.16800000000000,4.32972443321968
2.16900000000000,4.31884390696960
2.17000000000000,4.30479966735444
2.17100000000000,4.28757412759685
2.17200000000000,4.26726357709050
2.17300000000000,4.24407655180886
2.17400000000000,4.21832928537804
2.17500000000000,4.19043835061225
2.17600000000000,4.16091067111523
2.17700000000000,4.13033114793850
2.17800000000000,4.09934820564727
2.17900000000000,4.06865761401076
2.18000000000000,4.03898498462821
2.18100000000000,4.01106737505927
2.18200000000000,3.98563445562810
2.18300000000000,3.96338970545434
2.18400000000000,3.94499210414867
2.18500000000000,3.93103877399663
2.18600000000000,3.92204900462502
2.18700000000000,3.91845005866091
2.18800000000000,3.92056511357547
2.18900000000000,3.92860364281943
2.19000000000000,3.94265447978245
2.19100000000000,3.96268174251249
2.19200000000000,3.98852372712437
2.19300000000000,4.01989480513274
2.19400000000000,4.05639028635211
2.19500000000000,4.09749413632390
2.19600000000000,4.14258936724978
2.19700000000000,4.19097085584957
2.19800000000000,4.24186028203747
2.19900000000000,4.29442283028480
2.20000000000000,4.34778525229248
2.20100000000000,4.40105485619498
2.20200000000000,4.45333896478389
2.20300000000000,4.50376437372896
2.20400000000000,4.55149634077519
2.20500000000000,4.59575664840378
2.20600000000000,4.63584030517862
2.20700000000000,4.67113048440170
2.20800000000000,4.70111134194565
2.20900000000000,4.72537840715682
2.21000000000000,4.74364630024795
2.21100000000000,4.75575359515870
2.21200000000000,4.76166471684487
2.21300000000000,4.76146883463841
2.21400000000000,4.75537578691382
2.21500000000000,4.74370914498985
2.21600000000000,4.72689659420278
2.21700000000000,4.70545787568350
2.21800000000000,4.67999059194520
2.21900000000000,4.65115423147397
2.22000000000000,4.61965281083225
2.22100000000000,4.58621656626952
2.22200000000000,4.55158314966388
2.22300000000000,4.51647879523232
2.22400000000000,4.48159992356284
2.22500000000000,4.44759563813763
2.22600000000000,4.41505154691618
2.22700000000000,4.38447530828955
2.22800000000000,4.35628425762263
2.22900000000000,4.33079541873519
2.23000000000000,4.30821814531243
2.23100000000000,4.28864957184883
2.23200000000000,4.27207298392336
2.23300000000000,4.25835914510631
2.23400000000000,4.24727054439043
2.23500000000000,4.23846845553589
2.23600000000000,4.23152262990467
2.23700000000000,4.22592337895768
2.23800000000000,4.22109574321012
2.23900000000000,4.21641539255094
2.24000000000000,4.21122585971055
2.24100000000000,4.20485667537104
2.24200000000000,4.19664195077706
2.24300000000000,4.18593894228120
2.24400000000000,4.17214613232877
2.24500000000000,4.15472037295409
2.24600000000000,4.13319266063720
2.24700000000000,4.10718214480048
2.24800000000000,4.07640801548451
2.24900000000000,4.04069896776704
2.25000000000000,4.00000000000000
2.25100000000000,3.95437636847102
2.25200000000000,3.90401459103354
2.25300000000000,3.84922046487487
2.25400000000000,3.79041413711280
2.25500000000000,3.72812233952053
2.25600000000000,3.66296796858820
2.25700000000000,3.59565725761463
2.25800000000000,3.52696484697292
2.25900000000000,3.45771711064507
2.26000000000000,3.38877414028945
2.26100000000000,3.32101082143296
2.26200000000000,3.25529745903990
2.26300000000000,3.19248042114651
2.26400000000000,3.13336326917832
2.26500000000000,3.07868883198949
2.26600000000000,3.02912265785960
2.26700000000000,2.98523824521835
2.26800000000000,2.94750440955857
2.26900000000000,2.91627509191312
2.27000000000000,2.89178185468757
2.27100000000000,2.87412924502677
2.27200000000000,2.86329313585930
2.27300000000000,2.85912208203511
2.27400000000000,2.86134165533384
2.27500000000000,2.86956164938775
2.27600000000000,2.88328597552016
2.27700000000000,2.90192500487187
2.27800000000000,2.92481005258616
2.27900000000000,2.95120964771438
2.28000000000000,2.98034718916775
2.28100000000000,3.01141955454213
2.28200000000000,3.04361620580478
2.28300000000000,3.07613832421232
2.28400000000000,3.10821750671422
2.28500000000000,3.13913356748477
2.28600000000000,3.16823101083616
2.28700000000000,3.19493377503694
2.28800000000000,3.21875788967320
2.28900000000000,3.23932174107935
2.29000000000000,3.25635369975204
2.29100000000000,3.26969692908123
2.29200000000000,3.27931126457242
2.29300000000000,3.28527212527363
2.29400000000000,3.28776649257135
2.29500000000000,3.28708606407084
2.29600000000000,3.28361776014179
2.29700000000000,3.27783182616686
2.29800000000000,3.27026783296608
2.29900000000000,3.26151892982111
2.30000000000000,3.25221474770752
2.30100000000000,3.24300338369908
2.30200000000000,3.23453292021255
2.30300000000000,3.22743294425462
2.30400000000000,3.22229653183322
2.30500000000000,3.21966315120147
2.30600000000000,3.22000291589791
2.30700000000000,3.22370258519190
2.30800000000000,3.23105366635757
2.30900000000000,3.24224292124945
2.31000000000000,3.25734552021755
2.31100000000000,3.27632102094251
2.31200000000000,3.29901227990647
2.31300000000000,3.32514733166375
2.31400000000000,3.35434419762501
2.31500000000000,3.38611851352874
2.31600000000000,3.41989379493433
2.31700000000000,3.45501409464985
2.31800000000000,3.49075874662192
2.31900000000000,3.52635883892463
2.32000000000000,3.56101501537179
2.32100000000000,3.59391617200535
2.32200000000000,3.62425859210271
2.32300000000000,3.65126505195731
2.32400000000000,3.67420342980175
2.32500000000000,3.69240436186237
2.32600000000000,3.70527751237194
2.32700000000000,3.71232605786649
2.32800000000000,3.71315902942756
2.32900000000000,3.70750120864120
2.33000000000000,3.69520033264556
2.33100000000000,3.67623142926846
2.33200000000000,3.65069817329840
2.33300000000000,3.61883122766676
2.33400000000000,3.58098360695647
2.33500000000000,3.53762317338092
2.33600000000000,3.48932244541145
2.33700000000000,3.43674596484506
2.33800000000000,3.38063552768807
2.33900000000000,3.32179363631602
2.34000000000000,3.26106557368023
2.34100000000000,3.19932053379645
2.34200000000000,3.13743226555494
2.34300000000000,3.07625969846877
2.34400000000000,3.01662801904940
2.34500000000000,2.95931065506190
2.34600000000000,2.90501260225083
2.34700000000000,2.85435549480132
2.34800000000000,2.80786477763026
2.34900000000000,2.76595928665088
2.35000000000000,2.72894348370484
2.35100000000000,2.69700252736968
2.35200000000000,2.67020029094145
2.35300000000000,2.64848036628337
2.35400000000000,2.63167001870932
2.35500000000000,2.61948698544659
2.35600000000000,2.61154894028450
2.35700000000000,2.60738538148299
2.35800000000000,2.60645164050596
2.35900000000000,2.60814465711820
2.36000000000000,2.61182012312508
2.36100000000000,2.61681056360450
2.36200000000000,2.62244390170279
2.36300000000000,2.62806204149930
2.36400000000000,2.63303900337395
2.36500000000000,2.63679815773537
2.36600000000000,2.63882812560397
2.36700000000000,2.63869694783444
2.36800000000000,2.63606416788285
2.36900000000000,2.63069052491429
2.37000000000000,2.62244501342415
2.37100000000000,2.61130913094870
2.37200000000000,2.59737820525410
2.37300000000000,2.58085976489713
2.37400000000000,2.56206899045704
2.37500000000000,2.54142135623731
2.37600000000000,2.51942264204054
2.37700000000000,2.49665656000736
2.37800000000000,2.47377030087005
2.37900000000000,2.45145835583770
2.38000000000000,2.43044501342416
2.38100000000000,2.41146596378721
2.38200000000000,2.39524946574882
2.38300000000000,2.38249754304886
2.38400000000000,2.37386767627049
2.38500000000000,2.36995544526073
2.38600000000000,2.37127855404046
2.38700000000000,2.37826263671370
2.38800000000000,2.39122919956875
2.38900000000000,2.41038600247743
2.39000000000000,2.43582012312507
2.39100000000000,2.46749388200723
2.39200000000000,2.50524373612192
2.39300000000000,2.54878217659322
2.39400000000000,2.59770259186800
2.39500000000000,2.65148698544659
2.39600000000000,2.70951636712579
2.39700000000000,2.77108357117315
2.39800000000000,2.83540819532550
2.39900000000000,2.90165330248065
2.40000000000000,2.96894348370485
2.40100000000000,3.03638384777797
2.40200000000000,3.10307947976428
2.40300000000000,3.16815489958690
2.40400000000000,3.23077305158430
2.40500000000000,3.29015336753654
2.40600000000000,3.34558846838288
2.40700000000000,3.39645910325434
2.40800000000000,3.44224696768896
2.40900000000000,3.48254509492354
2.41000000000000,3.51706557368022
2.41100000000000,3.54564441142700
2.41200000000000,3.56824343207210
2.41300000000000,3.58494916973483
2.41400000000000,3.59596879382793
2.41500000000000,3.60162317338091
2.41600000000000,3.60233725853998
2.41700000000000,3.59862802277701
2.41800000000000,3.59109026891434
2.41900000000000,3.58038065415748
2.42000000000000,3.56720033264556
2.42100000000000,3.55227664751412
2.42200000000000,3.53634432729353
2.42300000000000,3.52012665308090
2.42400000000000,3.50431706303846
2.42500000000000,3.48956164938774
2.42600000000000,3.47644298046827
2.42700000000000,3.46546564717173
2.42800000000000,3.45704388996869
2.42900000000000,3.45149161087826
2.43000000000000,3.44901501537179
2.43100000000000,3.44970806381365
2.43200000000000,3.45355084223788
2.43300000000000,3.46041088976008
2.43400000000000,3.47004744651784
2.43500000000000,3.48211851352876
2.43600000000000,3.49619054604150
2.43700000000000,3.51175053655351
2.43800000000000,3.52822018429051
2.43900000000000,3.54497179605349
2.44000000000000,3.56134552021755
2.44100000000000,3.57666748237652
2.44200000000000,3.59026836849160
2.44300000000000,3.60150198997750
2.44400000000000,3.60976336523139
2.44500000000000,3.61450586367609
2.44600000000000,3.61525698116672
2.44700000000000,3.61163234904020
2.44800000000000,3.60334762234659
2.44900000000000,3.59022794482617
2.45000000000000,3.57221474770752
2.45100000000000,3.54936970493211
2.45200000000000,3.52187573735013
2.45300000000000,3.49003503105663
2.45400000000000,3.45426410855830
2.45500000000000,3.41508606407084
2.45600000000000,3.37312014415486
2.45700000000000,3.32906892038387
2.45800000000000,3.28370336018836
2.45900000000000,3.23784615397025
2.46000000000000,3.19235369975206
2.46100000000000,3.14809717995228
2.46200000000000,3.10594318753918
2.46300000000000,3.06673437025135
2.46400000000000,3.03127056150267
2.46500000000000,3.00029085501015
2.46600000000000,2.97445705738071
2.46700000000000,2.95433891942673
2.46800000000000,2.94040150367076
2.46900000000000,2.93299499341505
2.47000000000000,2.93234718916774
2.47100000000000,2.93855887260341
2.47200000000000,2.95160214820211
2.47300000000000,2.97132179998210
2.47400000000000,2.99743962710367
2.47500000000000,3.02956164938774
2.47600000000000,3.06718800375033
2.47700000000000,3.10972528692487
2.47800000000000,3.15650104024335
2.47900000000000,3.20678002013775
2.48000000000000,3.25978185468757
2.48100000000000,3.31469965304018
2.48200000000000,3.37071911169260
2.48300000000000,3.42703765000393
2.48400000000000,3.48288310719308
2.48500000000000,3.53753154446410
2.48600000000000,3.59032371851183
2.48700000000000,3.64067982593208
2.48800000000000,3.68811216117392
2.48900000000000,3.73223538256004
2.49000000000000,3.77277414028946
2.49100000000000,3.80956788575605
2.49200000000000,3.84257275135696
2.49300000000000,3.87186046250438
2.49400000000000,3.89761431700472
2.49500000000000,3.92012233952053
2.49600000000000,3.93976778869629
2.49700000000000,3.95701725998511
2.49800000000000,3.97240668664949
2.49900000000000,3.98652559336003
2.50000000000000,4.00000000000000
2.50100000000000,4.01347440663995
2.50200000000000,4.02759331335049
2.50300000000000,4.04298274001489
2.50400000000000,4.06023221130370
2.50500000000000,4.07987766047947
2.50600000000000,4.10238568299529
2.50700000000000,4.12813953749560
2.50800000000000,4.15742724864304
2.50900000000000,4.19043211424395
2.51000000000000,4.22722585971054
2.51100000000000,4.26776461743996
2.51200000000000,4.31188783882607
2.51300000000000,4.35932017406791
2.51400000000000,4.40967628148819
2.51500000000000,4.46246845553589
2.51600000000000,4.51711689280692
2.51700000000000,4.57296234999607
2.51800000000000,4.62928088830741
2.51900000000000,4.68530034695981
2.52000000000000,4.74021814531243
2.52100000000000,4.79321997986225
2.52200000000000,4.84349895975667
2.52300000000000,4.89027471307513
2.52400000000000,4.93281199624966
2.52500000000000,4.97043835061225
2.52600000000000,5.00256037289634
2.52700000000000,5.02867820001790
2.52800000000000,5.04839785179789
2.52900000000000,5.06144112739659
2.53000000000000,5.06765281083225
2.53100000000000,5.06700500658495
2.53200000000000,5.05959849632925
2.53300000000000,5.04566108057327
2.53400000000000,5.02554294261928
2.53500000000000,4.99970914498985
2.53600000000000,4.96872943849732
2.53700000000000,4.93326562974865
2.53800000000000,4.89405681246081
2.53900000000000,4.85190282004772
2.54000000000000,4.80764630024796
2.54100000000000,4.76215384602975
2.54200000000000,4.71629663981161
2.54300000000000,4.67093107961613
2.54400000000000,4.62687985584514
2.54500000000000,4.58491393592916
2.54600000000000,4.54573589144170
2.54700000000000,4.50996496894337
2.54800000000000,4.47812426264988
2.54900000000000,4.45063029506790
2.55000000000000,4.42778525229247
2.55100000000000,4.40977205517384
2.55200000000000,4.39665237765343
2.55300000000000,4.38836765095980
2.55400000000000,4.38474301883328
2.55500000000000,4.38549413632390
2.55600000000000,4.39023663476861
2.55700000000000,4.39849801002252
2.55800000000000,4.40973163150841
2.55900000000000,4.42333251762350
2.56000000000000,4.43865447978245
2.56100000000000,4.45502820394650
2.56200000000000,4.47177981570950
2.56300000000000,4.48824946344649
2.56400000000000,4.50380945395851
2.56500000000000,4.51788148647125
2.56600000000000,4.52995255348216
2.56700000000000,4.53958911023993
2.56800000000000,4.54644915776213
2.56900000000000,4.55029193618635
2.57000000000000,4.55098498462821
2.57100000000000,4.54850838912174
2.57200000000000,4.54295611003130
2.57300000000000,4.53453435282827
2.57400000000000,4.52355701953174
2.57500000000000,4.51043835061226
2.57600000000000,4.49568293696154
2.57700000000000,4.47987334691910
2.57800000000000,4.46365567270646
2.57900000000000,4.44772335248587
2.58000000000000,4.43279966735443
2.58100000000000,4.41961934584252
2.58200000000000,4.40890973108565
2.58300000000000,4.40137197722299
2.58400000000000,4.39766274146002
2.58500000000000,4.39837682661907
2.58600000000000,4.40403120617207
2.58700000000000,4.41505083026516
2.58800000000000,4.43175656792789
2.58900000000000,4.45435558857300
2.59000000000000,4.48293442631977
2.59100000000000,4.51745490507647
2.59200000000000,4.55775303231103
2.59300000000000,4.60354089674565
2.59400000000000,4.65441153161712
2.59500000000000,4.70984663246347
2.59600000000000,4.76922694841569
2.59700000000000,4.83184510041310
2.59800000000000,4.89692052023570
2.59900000000000,4.96361615222205
2.60000000000000,5.03105651629516
2.60100000000000,5.09834669751934
2.60200000000000,5.16459180467451
2.60300000000000,5.22891642882688
2.60400000000000,5.29048363287419
2.60500000000000,5.34851301455341
2.60600000000000,5.40229740813200
2.60700000000000,5.45121782340679
2.60800000000000,5.49475626387809
2.60900000000000,5.53250611799276
2.61000000000000,5.56417987687492
2.61100000000000,5.58961399752258
2.61200000000000,5.60877080043124
2.61300000000000,5.62173736328629
2.61400000000000,5.62872144595953
2.61500000000000,5.63004455473926
2.61600000000000,5.62613232372951
2.61700000000000,5.61750245695114
2.61800000000000,5.60475053425117
2.61900000000000,5.58853403621278
2.62000000000000,5.56955498657584
2.62100000000000,5.54854164416228
2.62200000000000,5.52622969912994
2.62300000000000,5.50334343999262
2.62400000000000,5.48057735795945
2.62500000000000,5.45857864376269
2.62600000000000,5.43793100954297
2.62700000000000,5.41914023510286
2.62800000000000,5.40262179474590
2.62900000000000,5.38869086905131
2.63000000000000,5.37755498657585
2.63100000000000,5.36930947508571
2.63200000000000,5.36393583211716
2.63300000000000,5.36130305216556
2.63400000000000,5.36117187439603
2.63500000000000,5.36320184226464
2.63600000000000,5.36696099662605
2.63700000000000,5.37193795850072
2.63800000000000,5.37755609829723
2.63900000000000,5.38318943639551
2.64000000000000,5.38817987687493
2.64100000000000,5.39185534288179
2.64200000000000,5.39354835949404
2.64300000000000,5.39261461851703
2.64400000000000,5.38845105971551
2.64500000000000,5.38051301455343
2.64600000000000,5.36832998129069
2.64700000000000,5.35151963371662
2.64800000000000,5.32979970905856
2.64900000000000,5.30299747263033
2.65000000000000,5.27105651629516
2.65100000000000,5.23404071334911
2.65200000000000,5.19213522236974
2.65300000000000,5.14564450519868
2.65400000000000,5.09498739774919
2.65500000000000,5.04068934493808
2.65600000000000,4.98337198095061
2.65700000000000,4.92374030153125
2.65800000000000,4.86256773444505
2.65900000000000,4.80067946620353
2.66000000000000,4.73893442631977
2.66100000000000,4.67820636368398
2.66200000000000,4.61936447231194
2.66300000000000,4.56325403515492
2.66400000000000,4.51067755458856
2.66500000000000,4.46237682661908
2.66600000000000,4.41901639304353
2.66700000000000,4.38116877233322
2.66800000000000,4.34930182670161
2.66900000000000,4.32376857073154
2.67000000000000,4.30479966735444
2.67100000000000,4.29249879135880
2.67200000000000,4.28684097057244
2.67300000000000,4.28767394213352
2.67400000000000,4.29472248762806
2.67500000000000,4.30759563813765
2.67600000000000,4.32579657019824
2.67700000000000,4.34873494804268
2.67800000000000,4.37574140789729
2.67900000000000,4.40608382799467
2.68000000000000,4.43898498462822
2.68100000000000,4.47364116107537
2.68200000000000,4.50924125337809
2.68300000000000,4.54498590535017
2.68400000000000,4.58010620506566
2.68500000000000,4.61388148647125
2.68600000000000,4.64565580237500
2.68700000000000,4.67485266833626
2.68800000000000,4.70098772009354
2.68900000000000,4.72367897905749
2.69000000000000,4.74265447978245
2.69100000000000,4.75775707875055
2.69200000000000,4.76894633364243
2.69300000000000,4.77629741480809
2.69400000000000,4.77999708410210
2.69500000000000,4.78033684879852
2.69600000000000,4.77770346816676
2.69700000000000,4.77256705574539
2.69800000000000,4.76546707978744
2.69900000000000,4.75699661630091
2.70000000000000,4.74778525229248
2.70100000000000,4.73848107017887
2.70200000000000,4.72973216703392
2.70300000000000,4.72216817383314
2.70400000000000,4.71638223985819
2.70500000000000,4.71291393592916
2.70600000000000,4.71223350742864
2.70700000000000,4.71472787472636
2.70800000000000,4.72068873542759
2.70900000000000,4.73030307091876
2.71000000000000,4.74364630024795
2.71100000000000,4.76067825892065
2.71200000000000,4.78124211032680
2.71300000000000,4.80506622496306
2.71400000000000,4.83176898916384
2.71500000000000,4.86086643251523
2.71600000000000,4.89178249328581
2.71700000000000,4.92386167578769
2.71800000000000,4.95638379419523
2.71900000000000,4.98858044545787
2.72000000000000,5.01965281083225
2.72100000000000,5.04879035228562
2.72200000000000,5.07518994741385
2.72300000000000,5.09807499512814
2.72400000000000,5.11671402447985
2.72500000000000,5.13043835061226
2.72600000000000,5.13865834466616
2.72700000000000,5.14087791796489
2.72800000000000,5.13670686414070
2.72900000000000,5.12587075497324
2.73000000000000,5.10821814531244
2.73100000000000,5.08372490808689
2.73200000000000,5.05249559044142
2.73300000000000,5.01476175478165
2.73400000000000,4.97087734214041
2.73500000000000,4.92131116801052
2.73600000000000,4.86663673082166
2.73700000000000,4.80751957885350
2.73800000000000,4.74470254096009
2.73900000000000,4.67898917856703
2.74000000000000,4.61122585971053
2.74100000000000,4.54228288935493
2.74200000000000,4.47303515302708
2.74300000000000,4.40434274238538
2.74400000000000,4.33703203141177
2.74500000000000,4.27187766047948
2.74600000000000,4.20958586288721
2.74700000000000,4.15077953512513
2.74800000000000,4.09598540896645
2.74900000000000,4.04562363152898
2.75000000000000,4.00000000000000
2.75100000000000,3.95930103223298
2.75200000000000,3.92359198451548
2.75300000000000,3.89281785519953
2.75400000000000,3.86680733936282
2.75500000000000,3.84527962704590
2.75600000000000,3.82785386767123
2.75700000000000,3.81406105771882
2.75800000000000,3.80335804922294
2.75900000000000,3.79514332462899
2.76000000000000,3.78877414028946
2.76100000000000,3.78358460744907
2.76200000000000,3.77890425678989
2.76300000000000,3.77407662104232
2.76400000000000,3.76847737009532
2.76500000000000,3.76153154446412
2.76600000000000,3.75272945560958
2.76700000000000,3.74164085489369
2.76800000000000,3.72792701607664
2.76900000000000,3.71135042815118
2.77000000000000,3.69178185468757
2.77100000000000,3.66920458126482
2.77200000000000,3.64371574237736
2.77300000000000,3.61552469171046
2.77400000000000,3.58494845308382
2.77500000000000,3.55240436186236
2.77600000000000,3.51840007643714
2.77700000000000,3.48352120476768
2.77800000000000,3.44841685033613
2.77900000000000,3.41378343373048
2.78000000000000,3.38034718916774
2.78100000000000,3.34884576852602
2.78200000000000,3.32000940805479
2.78300000000000,3.29454212431649
2.78400000000000,3.27310340579720
2.78500000000000,3.25629085501014
2.78600000000000,3.24462421308618
2.78700000000000,3.23853116536159
2.78800000000000,3.23833528315514
2.78900000000000,3.24424640484130
2.79000000000000,3.25635369975204
2.79100000000000,3.27462159284318
2.79200000000000,3.29888865805435
2.79300000000000,3.32886951559829
2.79400000000000,3.36415969482138
2.79500000000000,3.40424335159621
2.79600000000000,3.44850365922482
2.79700000000000,3.49623562627105
2.79800000000000,3.54666103521609
2.79900000000000,3.59894514380502
2.80000000000000,3.65221474770754
2.80100000000000,3.70557716971519
2.80200000000000,3.75813971796254
2.80300000000000,3.80902914415044
2.80400000000000,3.85741063275023
2.80500000000000,3.90250586367610
2.80600000000000,3.94360971364787
2.80700000000000,3.98010519486725
2.80800000000000,4.01147627287565
2.80900000000000,4.03731825748750
2.81000000000000,4.05734552021755
2.81100000000000,4.07139635718057
2.81200000000000,4.07943488642452
2.81300000000000,4.08154994133909
2.81400000000000,4.07795099537498
2.81500000000000,4.06896122600337
2.81600000000000,4.05500789585133
2.81700000000000,4.03661029454565
2.81800000000000,4.01436554437189
2.81900000000000,3.98893262494072
2.82000000000000,3.96101501537179
2.82100000000000,3.93134238598924
2.82200000000000,3.90065179435273
2.82300000000000,3.86966885206150
2.82400000000000,3.83908932888477
2.82500000000000,3.80956164938774
2.82600000000000,3.78167071462196
2.82700000000000,3.75592344819114
2.82800000000000,3.73273642290950
2.82900000000000,3.71242587240314
2.83000000000000,3.69520033264556
2.83100000000000,3.68115609303041
2.83200000000000,3.67027556678033
2.83300000000000,3.66242861799142
2.83400000000000,3.65737680920650
2.83500000000000,3.65478046090630
2.83600000000000,3.65420834449445
2.83700000000000,3.65514976494926
2.83800000000000,3.65702872993810
2.83900000000000,3.65921985029993
2.84000000000000,3.66106557368023
2.84100000000000,3.66189431981255
2.84200000000000,3.66103906330493
2.84300000000000,3.65785589836458
2.84400000000000,3.65174211996638
2.84500000000000,3.64215336753654
2.84600000000000,3.62861940000081
2.84700000000000,3.61075810447666
2.84800000000000,3.58828738414833
2.84900000000000,3.56103462288894
2.85000000000000,3.52894348370484
2.85100000000000,3.49207786360773
2.85200000000000,3.45062289745951
2.85300000000000,3.40488297595873
2.85400000000000,3.35527681645929
2.85500000000000,3.30232969792120
2.85600000000000,3.24666304120150
2.85700000000000,3.18898158137879
2.85800000000000,3.13005843825593
2.85900000000000,3.07071844313431
2.86000000000000,3.01182012312508
2.86100000000000,2.95423677758839
2.86200000000000,2.89883710395279
2.86300000000000,2.84646584160348
2.86400000000000,2.79792490245697
2.86500000000000,2.75395544526074
2.86600000000000,2.71522132785399
2.86700000000000,2.68229433815910
2.86800000000000,2.65564156136479
2.86900000000000,2.63561518867623
2.87000000000000,2.62244501342415
2.87100000000000,2.61623379471064
2.87200000000000,2.61695559873603
2.87300000000000,2.62445715522179
2.87400000000000,2.63846219270706
2.87500000000000,2.65857864376269
2.87600000000000,2.68430854112355
2.87700000000000,2.71506036011156
2.87800000000000,2.75016350312008
2.87900000000000,2.78888456982162
2.88000000000000,2.83044501342415
2.88100000000000,2.87403974980331
2.88200000000000,2.91885626349881
2.88300000000000,2.96409374294468
2.88400000000000,3.00898177718747
2.88500000000000,3.05279815773537
2.88600000000000,3.09488535179045
2.88700000000000,3.13466524638905
2.88800000000000,3.17165180608681
2.88900000000000,3.20546133871549
2.89000000000000,3.23582012312507
2.89100000000000,3.26256921824528
2.89200000000000,3.28566634263997
2.89300000000000,3.30518478626856
2.89400000000000,3.32130938961798
2.89500000000000,3.33432969792120
2.89600000000000,3.34463046804279
2.89700000000000,3.35267977106896
2.89800000000000,3.35901499307545
2.89900000000000,3.36422708849675
2.90000000000000,3.36894348370485
2.90100000000000,3.37381006176187
2.90200000000000,3.37947268201430
2.90300000000000,3.38655869969107
2.90400000000000,3.39565895066731
2.90500000000000,3.40731065506191
2.90600000000000,3.42198167063288
2.90700000000000,3.44005649357899
2.90800000000000,3.46182436117091
2.90900000000000,3.48746975868547
2.91000000000000,3.51706557368022
2.91100000000000,3.55056907518895
2.91200000000000,3.58782082555404
2.91300000000000,3.62854656005950
2.91400000000000,3.67236199607795
2.91500000000000,3.71878046090630
2.91600000000000,3.76722315762298
2.91700000000000,3.81703182288119
2.91800000000000,3.86748347116437
2.91900000000000,3.91780686814139
2.92000000000000,3.96720033264556
2.92100000000000,4.01485043353024
2.92200000000000,4.05995112504352
2.92300000000000,4.10172285297672
2.92400000000000,4.13943116395545
2.92500000000000,4.17240436186237
2.92600000000000,4.20004977821825
2.92700000000000,4.22186825684708
2.92800000000000,4.23746649648676
2.92900000000000,4.24656694711632
2.93000000000000,4.24901501537179
2.93100000000000,4.24478340005171
2.93200000000000,4.23397344875594
2.93300000000000,4.21681349943541
2.93400000000000,4.19365424426782
2.93500000000000,4.16496122600337
2.93600000000000,4.13130464695849
2.93700000000000,4.09334673644933
2.93800000000000,4.05182698204048
2.93900000000000,4.00754558206959
2.94000000000000,3.96134552021755
2.94100000000000,3.91409369636041
2.94200000000000,3.86666157074161
2.94300000000000,3.81990579008168
2.94400000000000,3.77464926431440
2.94500000000000,3.73166315120149
2.94600000000000,3.69165018341673
2.94700000000000,3.65522973936485
2.94800000000000,3.62292501582852
2.94900000000000,3.59515260858812
2.95000000000000,3.57221474770752
2.95100000000000,3.55429436869405
2.95200000000000,3.54145313083206
2.95300000000000,3.53363242138129
2.95400000000000,3.53065731080832
2.95500000000000,3.53224335159622
2.95600000000000,3.53800604323788
2.95700000000000,3.54747272048805
2.95800000000000,3.56009656243839
2.95900000000000,3.57527236795417
2.96000000000000,3.59235369975205
2.96100000000000,3.61067096596836
2.96200000000000,3.62954998528917
2.96300000000000,3.64833057014718
2.96400000000000,3.66638466241967
2.96500000000000,3.68313356748476
2.96600000000000,3.69806385513070
2.96700000000000,3.71074152910209
2.96800000000000,3.72082411018882
2.96900000000000,3.72807032965310
2.97000000000000,3.73234718916775
2.97100000000000,3.73363420884146
2.97200000000000,3.73202475472017
2.97300000000000,3.72772440965745
2.97400000000000,3.72104642485364
2.97500000000000,3.71240436186236
2.97600000000000,3.70230210466732
2.97700000000000,3.69132148682069
2.97800000000000,3.68010783799331
2.97900000000000,3.66935380615384
2.98000000000000,3.65978185468757
2.98100000000000,3.65212586702410
2.98200000000000,3.64711231394261
2.98300000000000,3.64544145010810
2.98400000000000,3.64776900627608
2.98500000000000,3.65468883198948
2.98600000000000,3.66671692076184
2.98700000000000,3.68427721625674
2.98800000000000,3.70768955465587
2.98900000000000,3.73716004632198
2.99000000000000,3.77277414028946
2.99100000000000,3.81449254951800
2.99200000000000,3.86215014483889
2.99300000000000,3.91545785282903
2.99400000000000,3.97400751925475
2.99500000000000,4.03727962704590
2.99600000000000,4.10465368777931
2.99700000000000,4.17542106008929
2.99800000000000,4.24879988889953
2.99900000000000,4.32395180734395
3.00000000000000,4.39999999999998
3.00100000000000,4.47604819265604
3.00200000000000,4.55120011110049
3.00300000000000,4.62457893991071
3.00400000000000,4.69534631222068
3.00500000000000,4.76272037295409
3.00600000000000,4.82599248074527
3.00700000000000,4.88454214717096
3.00800000000000,4.93784985516110
3.00900000000000,4.98550745048200
3.01000000000000,5.02722585971055
3.01100000000000,5.06283995367801
3.01200000000000,5.09231044534412
3.01300000000000,5.11572278374326
3.01400000000000,5.13328307923815
3.01500000000000,5.14531116801051
3.01600000000000,5.15223099372391
3.01700000000000,5.15455854989189
3.01800000000000,5.15288768605738
3.01900000000000,5.14787413297589
3.02000000000000,5.14021814531242
3.02100000000000,5.13064619384616
3.02200000000000,5.11989216200667
3.02300000000000,5.10867851317931
3.02400000000000,5.09769789533268
3.02500000000000,5.08759563813764
3.02600000000000,5.07895357514635
3.02700000000000,5.07227559034255
3.02800000000000,5.06797524527983
3.02900000000000,5.06636579115854
3.03000000000000,5.06765281083225
3.03100000000000,5.07192967034690
3.03200000000000,5.07917588981118
3.03300000000000,5.08925847089792
3.03400000000000,5.10193614486931
3.03500000000000,5.11686643251524
3.03600000000000,5.13361533758034
3.03700000000000,5.15166942985283
3.03800000000000,5.17045001471085
3.03900000000000,5.18932903403164
3.04000000000000,5.20764630024795
3.04100000000000,5.22472763204583
3.04200000000000,5.23990343756162
3.04300000000000,5.25252727951196
3.04400000000000,5.26199395676212
3.04500000000000,5.26775664840379
3.04600000000000,5.26934268919169
3.04700000000000,5.26636757861872
3.04800000000000,5.25854686916794
3.04900000000000,5.24570563130595
3.05000000000000,5.22778525229248
3.05100000000000,5.20484739141189
3.05200000000000,5.17707498417148
3.05300000000000,5.14477026063516
3.05400000000000,5.10834981658325
3.05500000000000,5.06833684879851
3.05600000000000,5.02535073568560
3.05700000000000,4.98009420991833
3.05800000000000,4.93333842925836
3.05900000000000,4.88590630363958
3.06000000000000,4.83865447978245
3.06100000000000,4.79245441793041
3.06200000000000,4.74817301795951
3.06300000000000,4.70665326355066
3.06400000000000,4.66869535304152
3.06500000000000,4.63503877399663
3.06600000000000,4.60634575573216
3.06700000000000,4.58318650056458
3.06800000000000,4.56602655124406
3.06900000000000,4.55521659994830
3.07000000000000,4.55098498462821
3.07100000000000,4.55343305288368
3.07200000000000,4.56253350351324
3.07300000000000,4.57813174315292
3.07400000000000,4.59995022178175
3.07500000000000,4.62759563813764
3.07600000000000,4.66056883604455
3.07700000000000,4.69827714702328
3.07800000000000,4.74004887495647
3.07900000000000,4.78514956646979
3.08000000000000,4.83279966735444
3.08100000000000,4.88219313185860
3.08200000000000,4.93251652883562
3.08300000000000,4.98296817711882
3.08400000000000,5.03277684237701
3.08500000000000,5.08121953909370
3.08600000000000,5.12763800392205
3.08700000000000,5.17145343994052
3.08800000000000,5.21217917444595
3.08900000000000,5.24943092481105
3.09000000000000,5.28293442631978
3.09100000000000,5.31253024131453
3.09200000000000,5.33817563882908
3.09300000000000,5.35994350642100
3.09400000000000,5.37801832936711
3.09500000000000,5.39268934493809
3.09600000000000,5.40434104933268
3.09700000000000,5.41344130030893
3.09800000000000,5.42052731798569
3.09900000000000,5.42618993823813
3.10000000000000,5.43105651629514
3.10100000000000,5.43577291150324
3.10200000000000,5.44098500692454
3.10300000000000,5.44732022893103
3.10400000000000,5.45536953195720
3.10500000000000,5.46567030207880
3.10600000000000,5.47869061038201
3.10700000000000,5.49481521373144
3.10800000000000,5.51433365736002
3.10900000000000,5.53743078175471
3.11000000000000,5.56417987687492
3.11100000000000,5.59453866128452
3.11200000000000,5.62834819391318
3.11300000000000,5.66533475361095
3.11400000000000,5.70511464820955
3.11500000000000,5.74720184226465
3.11600000000000,5.79101822281252
3.11700000000000,5.83590625705532
3.11800000000000,5.88114373650119
3.11900000000000,5.92596025019670
3.12000000000000,5.96955498657585
3.12100000000000,6.01111543017838
3.12200000000000,6.04983649687992
3.12300000000000,6.08493963988846
3.12400000000000,6.11569145887645
3.12500000000000,6.14142135623731
3.12600000000000,6.16153780729294
3.12700000000000,6.17554284477821
3.12800000000000,6.18304440126397
3.12900000000000,6.18376620528936
3.13000000000000,6.17755498657585
3.13100000000000,6.16438481132377
3.13200000000000,6.14435843863521
3.13300000000000,6.11770566184090
3.13400000000000,6.08477867214601
3.13500000000000,6.04604455473925
3.13600000000000,6.00207509754304
3.13700000000000,5.95353415839653
3.13800000000000,5.90116289604721
3.13900000000000,5.84576322241159
3.14000000000000,5.78817987687492
3.14100000000000,5.72928155686570
3.14200000000000,5.66994156174407
3.14300000000000,5.61101841862119
3.14400000000000,5.55333695879851
3.14500000000000,5.49767030207880
3.14600000000000,5.44472318354072
3.14700000000000,5.39511702404127
3.14800000000000,5.34937710254050
3.14900000000000,5.30792213639227
3.15000000000000,5.27105651629517
3.15100000000000,5.23896537711106
3.15200000000000,5.21171261585168
3.15300000000000,5.18924189552335
3.15400000000000,5.17138059999920
3.15500000000000,5.15784663246346
3.15600000000000,5.14825788003363
3.15700000000000,5.14214410163543
3.15800000000000,5.13896093669508
3.15900000000000,5.13810568018746
3.16000000000000,5.13893442631978
3.16100000000000,5.14078014970008
3.16200000000000,5.14297127006191
3.16300000000000,5.14485023505075
3.16400000000000,5.14579165550556
3.16500000000000,5.14521953909371
3.16600000000000,5.14262319079351
3.16700000000000,5.13757138200858
3.16800000000000,5.12972443321967
3.16900000000000,5.11884390696959
3.17000000000000,5.10479966735444
3.17100000000000,5.08757412759685
3.17200000000000,5.06726357709050
3.17300000000000,5.04407655180886
3.17400000000000,5.01832928537804
3.17500000000000,4.99043835061225
3.17600000000000,4.96091067111523
3.17700000000000,4.93033114793850
3.17800000000000,4.89934820564727
3.17900000000000,4.86865761401075
3.18000000000000,4.83898498462821
3.18100000000000,4.81106737505928
3.18200000000000,4.78563445562811
3.18300000000000,4.76338970545434
3.18400000000000,4.74499210414866
3.18500000000000,4.73103877399663
3.18600000000000,4.72204900462502
3.18700000000000,4.71845005866090
3.18800000000000,4.72056511357547
3.18900000000000,4.72860364281943
3.19000000000000,4.74265447978245
3.19100000000000,4.76268174251250
3.19200000000000,4.78852372712436
3.19300000000000,4.81989480513275
3.19400000000000,4.85639028635212
3.19500000000000,4.89749413632392
3.19600000000000,4.94258936724978
3.19700000000000,4.99097085584955
3.19800000000000,5.04186028203746
3.19900000000000,5.09442283028483
3.20000000000000,5.14778525229248
3.20100000000000,5.20105485619498
3.20200000000000,5.25333896478391
3.20300000000000,5.30376437372894
3.20400000000000,5.35149634077519
3.20500000000000,5.39575664840378
3.20600000000000,5.43584030517862
3.20700000000000,5.47113048440171
3.20800000000000,5.50111134194566
3.20900000000000,5.52537840715682
3.21000000000000,5.54364630024795
3.21100000000000,5.55575359515870
3.21200000000000,5.56166471684486
3.21300000000000,5.56146883463841
3.21400000000000,5.55537578691381
3.21500000000000,5.54370914498986
3.21600000000000,5.52689659420278
3.21700000000000,5.50545787568351
3.21800000000000,5.47999059194521
3.21900000000000,5.45115423147398
3.22000000000000,5.41965281083225
3.22100000000000,5.38621656626952
3.22200000000000,5.35158314966387
3.22300000000000,5.31647879523232
3.22400000000000,5.28159992356284
3.22500000000000,5.24759563813764
3.22600000000000,5.21505154691618
3.22700000000000,5.18447530828954
3.22800000000000,5.15628425762264
3.22900000000000,5.13079541873519
3.23000000000000,5.10821814531243
3.23100000000000,5.08864957184883
3.23200000000000,5.07207298392336
3.23300000000000,5.05835914510632
3.23400000000000,5.04727054439043
3.23500000000000,5.03846845553589
3.23600000000000,5.03152262990469
3.23700000000000,5.02592337895769
3.23800000000000,5.02109574321012
3.23900000000000,5.01641539255094
3.24000000000000,5.01122585971054
3.24100000000000,5.00485667537102
3.24200000000000,4.99664195077707
3.24300000000000,4.98593894228119
3.24400000000000,4.97214613232877
3.24500000000000,4.95472037295411
3.24600000000000,4.93319266063719
3.24700000000000,4.90718214480048
3.24800000000000,4.87640801548452
3.24900000000000,4.84069896776703
3.25000000000000,4.80000000000001
3.25100000000000,4.75437636847103
3.25200000000000,4.70401459103353
3.25300000000000,4.64922046487488
3.25400000000000,4.59041413711280
3.25500000000000,4.52812233952053
3.25600000000000,4.46296796858821
3.25700000000000,4.39565725761463
3.25800000000000,4.32696484697293
3.25900000000000,4.25771711064508
3.26000000000000,4.18877414028944
3.26100000000000,4.12101082143296
3.26200000000000,4.05529745903990
3.26300000000000,3.99248042114650
3.26400000000000,3.93336326917833
3.26500000000000,3.87868883198949
3.26600000000000,3.82912265785960
3.26700000000000,3.78523824521835
3.26800000000000,3.74750440955857
3.26900000000000,3.71627509191312
3.27000000000000,3.69178185468757
3.27100000000000,3.67412924502676
3.27200000000000,3.66329313585930
3.27300000000000,3.65912208203511
3.27400000000000,3.66134165533384
3.27500000000000,3.66956164938774
3.27600000000000,3.68328597552017
3.27700000000000,3.70192500487188
3.27800000000000,3.72481005258616
3.27900000000000,3.75120964771438
3.28000000000000,3.78034718916776
3.28100000000000,3.81141955454213
3.28200000000000,3.84361620580479
3.28300000000000,3.87613832421232
3.28400000000000,3.90821750671421
3.28500000000000,3.93913356748477
3.28600000000000,3.96823101083616
3.28700000000000,3.99493377503694
3.28800000000000,4.01875788967320
3.28900000000000,4.03932174107935
3.29000000000000,4.05635369975205
3.29100000000000,4.06969692908124
3.29200000000000,4.07931126457240
3.29300000000000,4.08527212527364
3.29400000000000,4.08776649257137
3.29500000000000,4.08708606407084
3.29600000000000,4.08361776014179
3.29700000000000,4.07783182616684
3.29800000000000,4.07026783296607
3.29900000000000,4.06151892982111
3.30000000000000,4.05221474770752
3.30100000000000,4.04300338369909
3.30200000000000,4.03453292021256
3.30300000000000,4.02743294425461
3.30400000000000,4.02229653183323
3.30500000000000,4.01966315120148
3.30600000000000,4.02000291589790
3.30700000000000,4.02370258519190
3.30800000000000,4.03105366635757
3.30900000000000,4.04224292124945
3.31000000000000,4.05734552021755
3.31100000000000,4.07632102094250
3.31200000000000,4.09901227990647
3.31300000000000,4.12514733166376
3.31400000000000,4.15434419762500
3.31500000000000,4.18611851352874
3.31600000000000,4.21989379493435
3.31700000000000,4.25501409464985
3.31800000000000,4.29075874662193
3.31900000000000,4.32635883892464
3.32000000000000,4.36101501537179
3.32100000000000,4.39391617200534
3.32200000000000,4.42425859210272
3.32300000000000,4.45126505195732
3.32400000000000,4.47420342980176
3.32500000000000,4.49240436186236
3.32600000000000,4.50527751237194
3.32700000000000,4.51232605786648
3.32800000000000,4.51315902942757
3.32900000000000,4.50750120864120
3.33000000000000,4.49520033264556
3.33100000000000,4.47623142926847
3.33200000000000,4.45069817329840
3.33300000000000,4.41883122766677
3.33400000000000,4.38098360695647
3.33500000000000,4.33762317338091
3.33600000000000,4.28932244541146
3.33700000000000,4.23674596484506
3.33800000000000,4.18063552768806
3.33900000000000,4.12179363631602
3.34000000000000,4.06106557368022
3.34100000000000,3.99932053379645
3.34200000000000,3.93743226555495
3.34300000000000,3.87625969846876
3.34400000000000,3.81662801904940
3.34500000000000,3.75931065506192
3.34600000000000,3.70501260225083
3.34700000000000,3.65435549480133
3.34800000000000,3.60786477763027
3.34900000000000,3.56595928665087
3.35000000000000,3.52894348370485
3.35100000000000,3.49700252736967
3.35200000000000,3.47020029094144
3.35300000000000,3.44848036628338
3.35400000000000,3.43167001870931
3.35500000000000,3.41948698544659
3.35600000000000,3.41154894028451
3.35700000000000,3.40738538148298
3.35800000000000,3.40645164050597
3.35900000000000,3.40814465711822
3.36000000000000,3.41182012312508
3.36100000000000,3.41681056360450
3.36200000000000,3.42244390170278
3.36300000000000,3.42806204149929
3.36400000000000,3.43303900337395
3.36500000000000,3.43679815773537
3.36600000000000,3.43882812560397
3.36700000000000,3.43869694783444
3.36800000000000,3.43606416788285
3.36900000000000,3.43069052491429
3.37000000000000,3.42244501342415
3.37100000000000,3.41130913094869
3.37200000000000,3.39737820525410
3.37300000000000,3.38085976489713
3.37400000000000,3.36206899045703
3.37500000000000,3.34142135623731
3.37600000000000,3.31942264204054
3.37700000000000,3.29665656000737
3.37800000000000,3.27377030087005
3.37900000000000,3.25145835583771
3.38000000000000,3.23044501342415
3.38100000000000,3.21146596378722
3.38200000000000,3.19524946574883
3.38300000000000,3.18249754304886
3.38400000000000,3.17386767627049
3.38500000000000,3.16995544526073
3.38600000000000,3.17127855404045
3.38700000000000,3.17826263671371
3.38800000000000,3.19122919956876
3.38900000000000,3.21038600247742
3.39000000000000,3.23582012312508
3.39100000000000,3.26749388200723
3.39200000000000,3.30524373612191
3.39300000000000,3.34878217659322
3.39400000000000,3.39770259186800
3.39500000000000,3.45148698544658
3.39600000000000,3.50951636712580
3.39700000000000,3.57108357117314
3.39800000000000,3.63540819532548
3.39900000000000,3.70165330248065
3.40000000000000,3.76894348370483
3.40100000000000,3.83638384777798
3.40200000000000,3.90307947976428
3.40300000000000,3.96815489958688
3.40400000000000,4.03077305158430
3.40500000000000,4.09015336753654
3.40600000000000,4.14558846838288
3.40700000000000,4.19645910325434
3.40800000000000,4.24224696768896
3.40900000000000,4.28254509492353
3.41000000000000,4.31706557368022
3.41100000000000,4.34564441142699
3.41200000000000,4.36824343207210
3.41300000000000,4.38494916973484
3.41400000000000,4.39596879382793
3.41500000000000,4.40162317338092
3.41600000000000,4.40233725853998
3.41700000000000,4.39862802277701
3.41800000000000,4.39109026891435
3.41900000000000,4.38038065415748
3.42000000000000,4.36720033264556
3.42100000000000,4.35227664751412
3.42200000000000,4.33634432729353
3.42300000000000,4.32012665308091
3.42400000000000,4.30431706303847
3.42500000000000,4.28956164938774
3.42600000000000,4.27644298046826
3.42700000000000,4.26546564717172
3.42800000000000,4.25704388996869
3.42900000000000,4.25149161087826
3.43000000000000,4.24901501537179
3.43100000000000,4.24970806381365
3.43200000000000,4.25355084223787
3.43300000000000,4.26041088976008
3.43400000000000,4.27004744651784
3.43500000000000,4.28211851352875
3.43600000000000,4.29619054604150
3.43700000000000,4.31175053655353
3.43800000000000,4.32822018429049
3.43900000000000,4.34497179605349
3.44000000000000,4.36134552021754
3.44100000000000,4.37666748237653
3.44200000000000,4.39026836849161
3.44300000000000,4.40150198997750
3.44400000000000,4.40976336523139
3.44500000000000,4.41450586367610
3.44600000000000,4.41525698116671
3.44700000000000,4.41163234904021
3.44800000000000,4.40334762234658
3.44900000000000,4.39022794482616
3.45000000000000,4.37221474770753
3.45100000000000,4.34936970493210
3.45200000000000,4.32187573735012
3.45300000000000,4.29003503105662
3.45400000000000,4.25426410855829
3.45500000000000,4.21508606407085
3.45600000000000,4.17312014415487
3.45700000000000,4.12906892038387
3.45800000000000,4.08370336018836
3.45900000000000,4.03784615397027
3.46000000000000,3.99235369975206
3.46100000000000,3.94809717995229
3.46200000000000,3.90594318753917
3.46300000000000,3.86673437025134
3.46400000000000,3.83127056150267
3.46500000000000,3.80029085501014
3.46600000000000,3.77445705738072
3.46700000000000,3.75433891942673
3.46800000000000,3.74040150367075
3.46900000000000,3.73299499341505
3.47000000000000,3.73234718916775
3.47100000000000,3.73855887260340
3.47200000000000,3.75160214820211
3.47300000000000,3.77132179998210
3.47400000000000,3.79743962710366
3.47500000000000,3.82956164938774
3.47600000000000,3.86718800375033
3.47700000000000,3.90972528692486
3.47800000000000,3.95650104024336
3.47900000000000,4.00678002013776
3.48000000000000,4.05978185468758
3.48100000000000,4.11469965304018
3.48200000000000,4.17071911169261
3.48300000000000,4.22703765000392
3.48400000000000,4.28288310719308
3.48500000000000,4.33753154446411
3.48600000000000,4.39032371851182
3.48700000000000,4.44067982593209
3.48800000000000,4.48811216117393
3.48900000000000,4.53223538256004
3.49000000000000,4.57277414028946
3.49100000000000,4.60956788575604
3.49200000000000,4.64257275135695
3.49300000000000,4.67186046250439
3.49400000000000,4.69761431700471
3.49500000000000,4.72012233952053
3.49600000000000,4.73976778869631
3.49700000000000,4.75701725998510
3.49800000000000,4.77240668664949
3.49900000000000,4.78652559336003
3.50000000000000,4.79999999999998
3.50100000000000,4.81347440663995
3.50200000000000,4.82759331335051
3.50300000000000,4.84298274001488
3.50400000000000,4.86023221130369
3.50500000000000,4.87987766047946
3.50600000000000,4.90238568299528
3.50700000000000,4.92813953749561
3.50800000000000,4.95742724864303
3.50900000000000,4.99043211424394
3.51000000000000,5.02722585971055
3.51100000000000,5.06776461743995
3.51200000000000,5.11188783882606
3.51300000000000,5.15932017406791
3.51400000000000,5.20967628148819
3.51500000000000,5.26246845553590
3.51600000000000,5.31711689280692
3.51700000000000,5.37296234999606
3.51800000000000,5.42928088830741
3.51900000000000,5.48530034695981
3.52000000000000,5.54021814531243
3.52100000000000,5.59321997986226
3.52200000000000,5.64349895975667
3.52300000000000,5.69027471307513
3.52400000000000,5.73281199624967
3.52500000000000,5.77043835061226
3.52600000000000,5.80256037289633
3.52700000000000,5.82867820001790
3.52800000000000,5.84839785179789
3.52900000000000,5.86144112739659
3.53000000000000,5.86765281083226
3.53100000000000,5.86700500658495
3.53200000000000,5.85959849632925
3.53300000000000,5.84566108057327
3.53400000000000,5.82554294261927
3.53500000000000,5.79970914498984
3.53600000000000,5.76872943849732
3.53700000000000,5.73326562974864
3.53800000000000,5.69405681246081
3.53900000000000,5.65190282004772
3.54000000000000,5.60764630024794
3.54100000000000,5.56215384602975
3.54200000000000,5.51629663981163
3.54300000000000,5.47093107961613
3.54400000000000,5.42687985584515
3.54500000000000,5.38491393592917
3.54600000000000,5.34573589144169
3.54700000000000,5.30996496894338
3.54800000000000,5.27812426264988
3.54900000000000,5.25063029506789
3.55000000000000,5.22778525229247
3.55100000000000,5.20977205517383
3.55200000000000,5.19665237765342
3.55300000000000,5.18836765095980
3.55400000000000,5.18474301883328
3.55500000000000,5.18549413632392
3.55600000000000,5.19023663476862
3.55700000000000,5.19849801002252
3.55800000000000,5.20973163150841
3.55900000000000,5.22333251762349
3.56000000000000,5.23865447978245
3.56100000000000,5.25502820394652
3.56200000000000,5.27177981570949
3.56300000000000,5.28824946344648
3.56400000000000,5.30380945395851
3.56500000000000,5.31788148647125
3.56600000000000,5.32995255348217
3.56700000000000,5.33958911023993
3.56800000000000,5.34644915776212
3.56900000000000,5.35029193618635
3.57000000000000,5.35098498462821
3.57100000000000,5.34850838912173
3.57200000000000,5.34295611003130
3.57300000000000,5.33453435282826
3.57400000000000,5.32355701953173
3.57500000000000,5.31043835061225
3.57600000000000,5.29568293696154
3.57700000000000,5.27987334691909
3.57800000000000,5.26365567270646
3.57900000000000,5.24772335248587
3.58000000000000,5.23279966735443
3.58100000000000,5.21961934584252
3.58200000000000,5.20890973108564
3.58300000000000,5.20137197722299
3.58400000000000,5.19766274146003
3.58500000000000,5.19837682661908
3.58600000000000,5.20403120617206
3.58700000000000,5.21505083026516
3.58800000000000,5.23175656792789
3.58900000000000,5.25435558857299
3.59000000000000,5.28293442631978
3.59100000000000,5.31745490507647
3.59200000000000,5.35775303231103
3.59300000000000,5.40354089674566
3.59400000000000,5.45441153161712
3.59500000000000,5.50984663246347
3.59600000000000,5.56922694841570
3.59700000000000,5.63184510041310
3.59800000000000,5.69692052023572
3.59900000000000,5.76361615222205
3.60000000000000,5.83105651629515
3.60100000000000,5.89834669751934
3.60200000000000,5.96459180467450
3.60300000000000,6.02891642882688
3.60400000000000,6.09048363287419
3.60500000000000,6.14851301455340
3.60600000000000,6.20229740813199
3.60700000000000,6.25121782340680
3.60800000000000,6.29475626387808
3.60900000000000,6.33250611799277
3.61000000000000,6.36417987687492
3.61100000000000,6.38961399752258
3.61200000000000,6.40877080043124
3.61300000000000,6.42173736328629
3.61400000000000,6.42872144595953
3.61500000000000,6.43004455473926
3.61600000000000,6.42613232372951
3.61700000000000,6.41750245695114
3.61800000000000,6.40475053425117
3.61900000000000,6.38853403621279
3.62000000000000,6.36955498657585
3.62100000000000,6.34854164416229
3.62200000000000,6.32622969912995
3.62300000000000,6.30334343999262
3.62400000000000,6.28057735795945
3.62500000000000,6.25857864376270
3.62600000000000,6.23793100954297
3.62700000000000,6.21914023510286
3.62800000000000,6.20262179474590
3.62900000000000,6.18869086905130
3.63000000000000,6.17755498657585
3.63100000000000,6.16930947508571
3.63200000000000,6.16393583211715
3.63300000000000,6.16130305216556
3.63400000000000,6.16117187439603
3.63500000000000,6.16320184226464
3.63600000000000,6.16696099662605
3.63700000000000,6.17193795850071
3.63800000000000,6.17755609829722
3.63900000000000,6.18318943639552
3.64000000000000,6.18817987687492
3.64100000000000,6.19185534288179
3.64200000000000,6.19354835949404
3.64300000000000,6.19261461851703
3.64400000000000,6.18845105971552
3.64500000000000,6.18051301455343
3.64600000000000,6.16832998129069
3.64700000000000,6.15151963371662
3.64800000000000,6.12979970905856
3.64900000000000,6.10299747263033
3.65000000000000,6.07105651629517
3.65100000000000,6.03404071334911
3.65200000000000,5.99213522236975
3.65300000000000,5.94564450519869
3.65400000000000,5.89498739774918
3.65500000000000,5.84068934493809
3.65600000000000,5.78337198095062
3.65700000000000,5.72374030153125
3.65800000000000,5.66256773444507
3.65900000000000,5.60067946620352
3.66000000000000,5.53893442631976
3.66100000000000,5.47820636368400
3.66200000000000,5.41936447231194
3.66300000000000,5.36325403515492
3.66400000000000,5.31067755458856
3.66500000000000,5.26237682661908
3.66600000000000,5.21901639304353
3.66700000000000,5.18116877233322
3.66800000000000,5.14930182670161
3.66900000000000,5.12376857073154
3.67000000000000,5.10479966735444
3.67100000000000,5.09249879135880
3.67200000000000,5.08684097057244
3.67300000000000,5.08767394213351
3.67400000000000,5.09472248762806
3.67500000000000,5.10759563813765
3.67600000000000,5.12579657019824
3.67700000000000,5.14873494804268
3.67800000000000,5.17574140789728
3.67900000000000,5.20608382799468
3.68000000000000,5.23898498462822
3.68100000000000,5.27364116107538
3.68200000000000,5.30924125337809
3.68300000000000,5.34498590535016
3.68400000000000,5.38010620506567
3.68500000000000,5.41388148647126
3.68600000000000,5.44565580237500
3.68700000000000,5.47485266833626
3.68800000000000,5.50098772009353
3.68900000000000,5.52367897905748
3.69000000000000,5.54265447978245
3.69100000000000,5.55775707875055
3.69200000000000,5.56894633364243
3.69300000000000,5.57629741480810
3.69400000000000,5.57999708410209
3.69500000000000,5.58033684879852
3.69600000000000,5.57770346816676
3.69700000000000,5.57256705574538
3.69800000000000,5.56546707978745
3.69900000000000,5.55699661630090
3.70000000000000,5.54778525229246
3.70100000000000,5.53848107017887
3.70200000000000,5.52973216703390
3.70300000000000,5.52216817383314
3.70400000000000,5.51638223985820
3.70500000000000,5.51291393592915
3.70600000000000,5.51223350742864
3.70700000000000,5.51472787472638
3.70800000000000,5.52068873542759
3.70900000000000,5.53030307091876
3.71000000000000,5.54364630024795
3.71100000000000,5.56067825892065
3.71200000000000,5.58124211032680
3.71300000000000,5.60506622496305
3.71400000000000,5.63176898916383
3.71500000000000,5.66086643251523
3.71600000000000,5.69178249328581
3.71700000000000,5.72386167578770
3.71800000000000,5.75638379419523
3.71900000000000,5.78858044545787
3.72000000000000,5.81965281083226
3.72100000000000,5.84879035228562
3.72200000000000,5.87518994741386
3.72300000000000,5.89807499512814
3.72400000000000,5.91671402447984
3.72500000000000,5.93043835061226
3.72600000000000,5.93865834466616
3.72700000000000,5.94087791796489
3.72800000000000,5.93670686414070
3.72900000000000,5.92587075497324
3.73000000000000,5.90821814531244
3.73100000000000,5.88372490808689
3.73200000000000,5.85249559044141
3.73300000000000,5.81476175478165
3.73400000000000,5.77087734214041
3.73500000000000,5.72131116801052
3.73600000000000,5.66663673082166
3.73700000000000,5.60751957885349
3.73800000000000,5.54470254096009
3.73900000000000,5.47898917856703
3.74000000000000,5.41122585971053
3.74100000000000,5.34228288935493
3.74200000000000,5.27303515302708
3.74300000000000,5.20434274238537
3.74400000000000,5.13703203141178
3.74500000000000,5.07187766047948
3.74600000000000,5.00958586288721
3.74700000000000,4.95077953512514
3.74800000000000,4.89598540896645
3.74900000000000,4.84562363152899
3.75000000000000,4.80000000000001
3.75100000000000,4.75930103223297
3.75200000000000,4.72359198451549
3.75300000000000,4.69281785519954
3.75400000000000,4.66680733936282
3.75500000000000,4.64527962704591
3.75600000000000,4.62785386767123
3.75700000000000,4.61406105771882
3.75800000000000,4.60335804922296
3.75900000000000,4.59514332462899
3.76000000000000,4.58877414028945
3.76100000000000,4.58358460744907
3.76200000000000,4.57890425678989
3.76300000000000,4.57407662104233
3.76400000000000,4.56847737009532
3.76500000000000,4.56153154446411
3.76600000000000,4.55272945560958
3.76700000000000,4.54164085489369
3.76800000000000,4.52792701607664
3.76900000000000,4.51135042815118
3.77000000000000,4.49178185468757
3.77100000000000,4.46920458126482
3.77200000000000,4.44371574237736
3.77300000000000,4.41552469171046
3.77400000000000,4.38494845308382
3.77500000000000,4.35240436186236
3.77600000000000,4.31840007643714
3.77700000000000,4.28352120476768
3.77800000000000,4.24841685033612
3.77900000000000,4.21378343373048
3.78000000000000,4.18034718916774
3.78100000000000,4.14884576852603
3.78200000000000,4.12000940805480
3.78300000000000,4.09454212431650
3.78400000000000,4.07310340579720
3.78500000000000,4.05629085501015
3.78600000000000,4.04462421308618
3.78700000000000,4.03853116536159
3.78800000000000,4.03833528315513
3.78900000000000,4.04424640484129
3.79000000000000,4.05635369975205
3.79100000000000,4.07462159284317
3.79200000000000,4.09888865805435
3.79300000000000,4.12886951559830
3.79400000000000,4.16415969482138
3.79500000000000,4.20424335159622
3.79600000000000,4.24850365922482
3.79700000000000,4.29623562627104
3.79800000000000,4.34666103521610
3.79900000000000,4.39894514380502
3.80000000000000,4.45221474770753
3.80100000000000,4.50557716971519
3.80200000000000,4.55813971796253
3.80300000000000,4.60902914415043
3.80400000000000,4.65741063275024
3.80500000000000,4.70250586367610
3.80600000000000,4.74360971364788
3.80700000000000,4.78010519486725
3.80800000000000,4.81147627287564
3.80900000000000,4.83731825748751
3.81000000000000,4.85734552021754
3.81100000000000,4.87139635718056
3.81200000000000,4.87943488642453
3.81300000000000,4.88154994133909
3.81400000000000,4.87795099537497
3.81500000000000,4.86896122600337
3.81600000000000,4.85500789585133
3.81700000000000,4.83661029454566
3.81800000000000,4.81436554437190
3.81900000000000,4.78893262494072
3.82000000000000,4.76101501537177
3.82100000000000,4.73134238598925
3.82200000000000,4.70065179435274
3.82300000000000,4.66966885206150
3.82400000000000,4.63908932888475
3.82500000000000,4.60956164938773
3.82600000000000,4.58167071462196
3.82700000000000,4.55592344819115
3.82800000000000,4.53273642290949
3.82900000000000,4.51242587240314
3.83000000000000,4.49520033264557
3.83100000000000,4.48115609303041
3.83200000000000,4.47027556678032
3.83300000000000,4.46242861799143
3.83400000000000,4.45737680920649
3.83500000000000,4.45478046090631
3.83600000000000,4.45420834449445
3.83700000000000,4.45514976494925
3.83800000000000,4.45702872993810
3.83900000000000,4.45921985029993
3.84000000000000,4.46106557368022
3.84100000000000,4.46189431981257
3.84200000000000,4.46103906330492
3.84300000000000,4.45785589836457
3.84400000000000,4.45174211996638
3.84500000000000,4.44215336753654
3.84600000000000,4.42861940000081
3.84700000000000,4.41075810447667
3.84800000000000,4.38828738414832
3.84900000000000,4.36103462288894
3.85000000000000,4.32894348370485
3.85100000000000,4.29207786360773
3.85200000000000,4.25062289745952
3.85300000000000,4.20488297595872
3.85400000000000,4.15527681645928
3.85500000000000,4.10232969792121
3.85600000000000,4.04666304120149
3.85700000000000,3.98898158137879
3.85800000000000,3.93005843825595
3.85900000000000,3.87071844313431
3.86000000000000,3.81182012312509
3.86100000000000,3.75423677758839
3.86200000000000,3.69883710395278
3.86300000000000,3.64646584160349
3.86400000000000,3.59792490245698
3.86500000000000,3.55395544526073
3.86600000000000,3.51522132785399
3.86700000000000,3.48229433815909
3.86800000000000,3.45564156136479
3.86900000000000,3.43561518867623
3.87000000000000,3.42244501342415
3.87100000000000,3.41623379471064
3.87200000000000,3.41695559873604
3.87300000000000,3.42445715522179
3.87400000000000,3.43846219270706
3.87500000000000,3.45857864376269
3.87600000000000,3.48430854112355
3.87700000000000,3.51506036011157
3.87800000000000,3.55016350312007
3.87900000000000,3.58888456982161
3.88000000000000,3.63044501342414
3.88100000000000,3.67403974980332
3.88200000000000,3.71885626349882
3.88300000000000,3.76409374294468
3.88400000000000,3.80898177718748
3.88500000000000,3.85279815773536
3.88600000000000,3.89488535179045
3.88700000000000,3.93466524638906
3.88800000000000,3.97165180608681
3.88900000000000,4.00546133871548
3.89000000000000,4.03582012312508
3.89100000000000,4.06256921824528
3.89200000000000,4.08566634263997
3.89300000000000,4.10518478626857
3.89400000000000,4.12130938961798
3.89500000000000,4.13432969792120
3.89600000000000,4.14463046804278
3.89700000000000,4.15267977106895
3.89800000000000,4.15901499307545
3.89900000000000,4.16422708849675
3.90000000000000,4.16894348370485
3.90100000000000,4.17381006176187
3.90200000000000,4.17947268201428
3.90300000000000,4.18655869969107
3.90400000000000,4.19565895066731
3.90500000000000,4.20731065506191
3.90600000000000,4.22198167063289
3.90700000000000,4.24005649357899
3.90800000000000,4.26182436117090
3.90900000000000,4.28746975868548
3.91000000000000,4.31706557368021
3.91100000000000,4.35056907518894
3.91200000000000,4.38782082555404
3.91300000000000,4.42854656005950
3.91400000000000,4.47236199607795
3.91500000000000,4.51878046090630
3.91600000000000,4.56722315762297
3.91700000000000,4.61703182288120
3.91800000000000,4.66748347116438
3.91900000000000,4.71780686814139
3.92000000000000,4.76720033264557
3.92100000000000,4.81485043353023
3.92200000000000,4.85995112504353
3.92300000000000,4.90172285297673
3.92400000000000,4.93943116395545
3.92500000000000,4.97240436186237
3.92600000000000,5.00004977821825
3.92700000000000,5.02186825684708
3.92800000000000,5.03746649648676
3.92900000000000,5.04656694711632
3.93000000000000,5.04901501537179
3.93100000000000,5.04478340005170
3.93200000000000,5.03397344875593
3.93300000000000,5.01681349943542
3.93400000000000,4.99365424426781
3.93500000000000,4.96496122600337
3.93600000000000,4.93130464695849
3.93700000000000,4.89334673644932
3.93800000000000,4.85182698204048
3.93900000000000,4.80754558206958
3.94000000000000,4.76134552021754
3.94100000000000,4.71409369636042
3.94200000000000,4.66666157074161
3.94300000000000,4.61990579008167
3.94400000000000,4.57464926431441
3.94500000000000,4.53166315120147
3.94600000000000,4.49165018341674
3.94700000000000,4.45522973936486
3.94800000000000,4.42292501582852
3.94900000000000,4.39515260858811
3.95000000000000,4.37221474770753
3.95100000000000,4.35429436869405
3.95200000000000,4.34145313083207
3.95300000000000,4.33363242138128
3.95400000000000,4.33065731080831
3.95500000000000,4.33224335159623
3.95600000000000,4.33800604323788
3.95700000000000,4.34747272048806
3.95800000000000,4.36009656243840
3.95900000000000,4.37527236795417
3.96000000000000,4.39235369975206
3.96100000000000,4.41067096596837
3.96200000000000,4.42954998528916
3.96300000000000,4.44833057014718
3.96400000000000,4.46638466241967
3.96500000000000,4.48313356748478
3.96600000000000,4.49806385513070
3.96700000000000,4.51074152910208
3.96800000000000,4.52082411018881
3.96900000000000,4.52807032965310
3.97000000000000,4.53234718916774
3.97100000000000,4.53363420884146
3.97200000000000,4.53202475472017
3.97300000000000,4.52772440965745
3.97400000000000,4.52104642485364
3.97500000000000,4.51240436186235
3.97600000000000,4.50230210466731
3.97700000000000,4.49132148682068
3.97800000000000,4.48010783799332
3.97900000000000,4.46935380615383
3.98000000000000,4.45978185468756
3.98100000000000,4.45212586702410
3.98200000000000,4.44711231394262
3.98300000000000,4.44544145010810
3.98400000000000,4.44776900627609
3.98500000000000,4.45468883198948
3.98600000000000,4.46671692076183
3.98700000000000,4.48427721625674
3.98800000000000,4.50768955465586
3.98900000000000,4.53716004632198
3.99000000000000,4.57277414028946
3.99100000000000,4.61449254951799
3.99200000000000,4.66215014483889
3.99300000000000,4.71545785282904
3.99400000000000,4.77400751925475
3.99500000000000,4.83727962704591
3.99600000000000,4.90465368777930
3.99700000000000,4.97542106008928
3.99800000000000,5.04879988889953
3.99900000000000,5.12395180734394
