time	ax	ay	az
0.00000000000000	0.00000000000000	0.00000000000000	0.00000000000000
0.00100000000000000	0.0125660398833526	0.0313952597646567	0.0312868930080462
0.00200000000000000	0.0251300954433375	0.0626666167821521	0.0618033988749895
0.00300000000000000	0.0376901826699345	0.0936906572928623	0.0907980999479094
0.00400000000000000	0.0502443181797696	0.124344943582427	0.117557050458495
0.00500000000000000	0.0627905195293134	0.154508497187474	0.141421356237310
0.00600000000000000	0.0753268055279327	0.184062276342339	0.161803398874990
0.00700000000000000	0.0878511965507432	0.212889645782536	0.178201304837674
0.00800000000000000	0.100361714851215	0.240876837050858	0.190211303259031
0.00900000000000000	0.112856384873482	0.267913397489498	0.197537668119028
0.0100000000000000	0.125333233564304	0.293892626146237	0.200000000000000
0.0110000000000000	0.137790290684638	0.318711994874345	0.197537668119028
0.0120000000000000	0.150225589120757	0.342273552964344	0.190211303259031
0.0130000000000000	0.162637165194884	0.364484313710706	0.178201304837674
0.0140000000000000	0.175023058975276	0.385256621387895	0.161803398874990
0.0150000000000000	0.187381314585725	0.404508497187474	0.141421356237310
0.0160000000000000	0.199709980514407	0.422163962751008	0.117557050458495
0.0170000000000000	0.212007109922055	0.438153340021932	0.0907980999479093
0.0180000000000000	0.224270760949381	0.452413526233010	0.0618033988749894
0.0190000000000000	0.236498997023725	0.464888242944126	0.0312868930080462
0.0200000000000000	0.248689887164855	0.475528258147577	2.44929359829471e-17
0.0210000000000000	0.260841506289897	0.484291580564316	-0.0312868930080462
0.0220000000000000	0.272951935517325	0.491143625364344	-0.0618033988749895
0.0230000000000000	0.285019262469976	0.496057350657239	-0.0907980999479093
0.0240000000000000	0.297041581577035	0.499013364214136	-0.117557050458495
0.0250000000000000	0.309016994374947	0.500000000000000	-0.141421356237310
0.0260000000000000	0.320943609807210	0.499013364214136	-0.161803398874990
0.0270000000000000	0.332819544522987	0.496057350657239	-0.178201304837674
0.0280000000000000	0.344642923174517	0.491143625364344	-0.190211303259031
0.0290000000000000	0.356411878713251	0.484291580564316	-0.197537668119028
0.0300000000000000	0.368124552684678	0.475528258147577	-0.200000000000000
0.0310000000000000	0.379779095521801	0.464888242944126	-0.197537668119028
0.0320000000000000	0.391373666837202	0.452413526233010	-0.190211303259031
0.0330000000000000	0.402906435713663	0.438153340021932	-0.178201304837674
0.0340000000000000	0.414375580993284	0.422163962751007	-0.161803398874989
0.0350000000000000	0.425779291565073	0.404508497187474	-0.141421356237309
0.0360000000000000	0.437115766650933	0.385256621387895	-0.117557050458495
0.0370000000000000	0.448383216090032	0.364484313710706	-0.0907980999479094
0.0380000000000000	0.459579860621488	0.342273552964344	-0.0618033988749895
0.0390000000000000	0.470703932165333	0.318711994874345	-0.0312868930080462
0.0400000000000000	0.481753674101715	0.293892626146237	-4.89858719658941e-17
0.0410000000000000	0.492727341548292	0.267913397489498	0.0312868930080463
0.0420000000000000	0.503623201635761	0.240876837050858	0.0618033988749896
0.0430000000000000	0.514439533781506	0.212889645782536	0.0907980999479095
0.0440000000000000	0.525174629961296	0.184062276342339	0.117557050458495
0.0450000000000000	0.535826794978997	0.154508497187474	0.141421356237309
0.0460000000000000	0.546394346734269	0.124344943582427	0.161803398874989
0.0470000000000000	0.556875616488188	0.0936906572928623	0.178201304837674
0.0480000000000000	0.567268949126757	0.0626666167821520	0.190211303259031
0.0490000000000000	0.577572703422268	0.0313952597646568	0.197537668119028
0.0500000000000000	0.587785252292473	6.12323399573677e-17	0.200000000000000
0.0510000000000000	0.597904983057519	-0.0313952597646567	0.197537668119028
0.0520000000000000	0.607930297694605	-0.0626666167821521	0.190211303259031
0.0530000000000000	0.617859613090334	-0.0936906572928622	0.178201304837674
0.0540000000000000	0.627691361290700	-0.124344943582427	0.161803398874990
0.0550000000000000	0.637423989748690	-0.154508497187474	0.141421356237309
0.0560000000000000	0.647055961569444	-0.184062276342339	0.117557050458495
0.0570000000000000	0.656585755752957	-0.212889645782536	0.0907980999479093
0.0580000000000000	0.666011867434252	-0.240876837050858	0.0618033988749896
0.0590000000000000	0.675332808121024	-0.267913397489498	0.0312868930080461
0.0600000000000000	0.684547105928689	-0.293892626146237	7.34788079488412e-17
0.0610000000000000	0.693653305812805	-0.318711994874345	-0.0312868930080463
0.0620000000000000	0.702649969798849	-0.342273552964344	-0.0618033988749894
0.0630000000000000	0.711535677209285	-0.364484313710706	-0.0907980999479095
0.0640000000000000	0.720309024887907	-0.385256621387895	-0.117557050458495
0.0650000000000000	0.728968627421412	-0.404508497187474	-0.141421356237310
0.0660000000000000	0.737513117358174	-0.422163962751008	-0.161803398874990
0.0670000000000000	0.745941145424182	-0.438153340021932	-0.178201304837674
0.0680000000000000	0.754251380736104	-0.452413526233010	-0.190211303259031
0.0690000000000000	0.762442511011448	-0.464888242944126	-0.197537668119028
0.0700000000000000	0.770513242775789	-0.475528258147577	-0.200000000000000
0.0710000000000000	0.778462301567023	-0.484291580564316	-0.197537668119028
0.0720000000000000	0.786288432136619	-0.491143625364344	-0.190211303259031
0.0730000000000000	0.793990398647835	-0.496057350657239	-0.178201304837674
0.0740000000000000	0.801566984870877	-0.499013364214136	-0.161803398874990
0.0750000000000000	0.809016994374947	-0.500000000000000	-0.141421356237309
0.0760000000000000	0.816339250717184	-0.499013364214136	-0.117557050458495
0.0770000000000000	0.823532597628427	-0.496057350657239	-0.0907980999479093
0.0780000000000000	0.830595899195813	-0.491143625364344	-0.0618033988749896
0.0790000000000000	0.837528040042142	-0.484291580564316	-0.0312868930080461
0.0800000000000000	0.844327925502015	-0.475528258147577	-9.79717439317883e-17
0.0810000000000000	0.850994481794692	-0.464888242944126	0.0312868930080463
0.0820000000000000	0.857526656193652	-0.452413526233010	0.0618033988749897
0.0830000000000000	0.863923417192835	-0.438153340021932	0.0907980999479094
0.0840000000000000	0.870183754669526	-0.422163962751007	0.117557050458495
0.0850000000000000	0.876306680043864	-0.404508497187474	0.141421356237310
0.0860000000000000	0.882291226434953	-0.385256621387895	0.161803398874990
0.0870000000000000	0.888136448813545	-0.364484313710706	0.178201304837674
0.0880000000000000	0.893841424151264	-0.342273552964344	0.190211303259031
0.0890000000000000	0.899405251566371	-0.318711994874345	0.197537668119028
0.0900000000000000	0.904827052466020	-0.293892626146237	0.200000000000000
0.0910000000000000	0.910105970684996	-0.267913397489499	0.197537668119028
0.0920000000000000	0.915241172620918	-0.240876837050858	0.190211303259031
0.0930000000000000	0.920231847365870	-0.212889645782536	0.178201304837674
0.0940000000000000	0.925077206834458	-0.184062276342339	0.161803398874990
0.0950000000000000	0.929776485888251	-0.154508497187474	0.141421356237309
0.0960000000000000	0.934328942456612	-0.124344943582427	0.117557050458494
0.0970000000000000	0.938733857653874	-0.0936906572928623	0.0907980999479093
0.0980000000000000	0.942990535892864	-0.0626666167821523	0.0618033988749893
0.0990000000000000	0.947098304994744	-0.0313952597646566	0.0312868930080461
0.100000000000000	0.951056516295154	-1.22464679914735e-16	-2.32806687965315e-16
0.101000000000000	0.954864544746643	0.0313952597646568	-0.0312868930080462
0.102000000000000	0.958521789017376	0.0626666167821521	-0.0618033988749897
0.103000000000000	0.962027671586086	0.0936906572928625	-0.0907980999479097
0.104000000000000	0.965381638833274	0.124344943582427	-0.117557050458495
0.105000000000000	0.968583161128631	0.154508497187474	-0.141421356237310
0.106000000000000	0.971631732914674	0.184062276342339	-0.161803398874990
0.107000000000000	0.974526872786577	0.212889645782536	-0.178201304837673
0.108000000000000	0.977268123568193	0.240876837050857	-0.190211303259031
0.109000000000000	0.979855052384247	0.267913397489498	-0.197537668119028
0.110000000000000	0.982287250728689	0.293892626146236	-0.200000000000000
0.111000000000000	0.984564334529205	0.318711994874345	-0.197537668119028
0.112000000000000	0.986685944207868	0.342273552964344	-0.190211303259031
0.113000000000000	0.988651744737914	0.364484313710706	-0.178201304837674
0.114000000000000	0.990461425696651	0.385256621387895	-0.161803398874989
0.115000000000000	0.992114701314478	0.404508497187474	-0.141421356237309
0.116000000000000	0.993611310520008	0.422163962751008	-0.117557050458495
0.117000000000000	0.994951016981300	0.438153340021932	-0.0907980999479093
0.118000000000000	0.996133609143173	0.452413526233010	-0.0618033988749893
0.119000000000000	0.997158900260614	0.464888242944126	-0.0312868930080458
0.120000000000000	0.998026728428272	0.475528258147577	-1.46957615897682e-16
0.121000000000000	0.998736956606017	0.484291580564315	0.0312868930080462
0.122000000000000	0.999289472640589	0.491143625364344	0.0618033988749897
0.123000000000000	0.999684189283300	0.496057350657239	0.0907980999479091
0.124000000000000	0.999921044203816	0.499013364214136	0.117557050458495
0.125000000000000	1.00000000000000	0.500000000000000	0.141421356237310
0.126000000000000	0.999921044203816	0.499013364214136	0.161803398874990
0.127000000000000	0.999684189283300	0.496057350657239	0.178201304837674
0.128000000000000	0.999289472640589	0.491143625364344	0.190211303259031
0.129000000000000	0.998736956606017	0.484291580564316	0.197537668119028
0.130000000000000	0.998026728428272	0.475528258147577	0.200000000000000
0.131000000000000	0.997158900260614	0.464888242944126	0.197537668119028
0.132000000000000	0.996133609143173	0.452413526233010	0.190211303259031
0.133000000000000	0.994951016981300	0.438153340021932	0.178201304837674
0.134000000000000	0.993611310520008	0.422163962751008	0.161803398874989
0.135000000000000	0.992114701314478	0.404508497187474	0.141421356237309
0.136000000000000	0.990461425696651	0.385256621387894	0.117557050458494
0.137000000000000	0.988651744737914	0.364484313710705	0.0907980999479094
0.138000000000000	0.986685944207868	0.342273552964344	0.0618033988749893
0.139000000000000	0.984564334529205	0.318711994874345	0.0312868930080458
0.140000000000000	0.982287250728689	0.293892626146237	-5.39092183879471e-16
0.141000000000000	0.979855052384247	0.267913397489498	-0.0312868930080469
0.142000000000000	0.977268123568193	0.240876837050857	-0.0618033988749897
0.143000000000000	0.974526872786577	0.212889645782536	-0.0907980999479097
0.144000000000000	0.971631732914674	0.184062276342339	-0.117557050458495
0.145000000000000	0.968583161128631	0.154508497187474	-0.141421356237310
0.146000000000000	0.965381638833274	0.124344943582428	-0.161803398874989
0.147000000000000	0.962027671586086	0.0936906572928628	-0.178201304837673
0.148000000000000	0.958521789017376	0.0626666167821528	-0.190211303259031
0.149000000000000	0.954864544746643	0.0313952597646567	-0.197537668119028
0.150000000000000	0.951056516295154	1.83697019872103e-16	-0.200000000000000
0.151000000000000	0.947098304994744	-0.0313952597646563	-0.197537668119028
0.152000000000000	0.942990535892865	-0.0626666167821516	-0.190211303259031
0.153000000000000	0.938733857653874	-0.0936906572928616	-0.178201304837674
0.154000000000000	0.934328942456612	-0.124344943582427	-0.161803398874989
0.155000000000000	0.929776485888251	-0.154508497187474	-0.141421356237309
0.156000000000000	0.925077206834458	-0.184062276342339	-0.117557050458495
0.157000000000000	0.920231847365870	-0.212889645782536	-0.0907980999479094
0.158000000000000	0.915241172620918	-0.240876837050858	-0.0618033988749893
0.159000000000000	0.910105970684996	-0.267913397489498	-0.0312868930080458
0.160000000000000	0.904827052466019	-0.293892626146236	-1.95943487863577e-16
0.161000000000000	0.899405251566371	-0.318711994874345	0.0312868930080462
0.162000000000000	0.893841424151264	-0.342273552964345	0.0618033988749896
0.163000000000000	0.888136448813545	-0.364484313710706	0.0907980999479097
0.164000000000000	0.882291226434953	-0.385256621387895	0.117557050458495
0.165000000000000	0.876306680043863	-0.404508497187474	0.141421356237310
0.166000000000000	0.870183754669526	-0.422163962751008	0.161803398874990
0.167000000000000	0.863923417192835	-0.438153340021932	0.178201304837674
0.168000000000000	0.857526656193652	-0.452413526233010	0.190211303259031
0.169000000000000	0.850994481794692	-0.464888242944126	0.197537668119028
0.170000000000000	0.844327925502015	-0.475528258147577	0.200000000000000
0.171000000000000	0.837528040042142	-0.484291580564316	0.197537668119028
0.172000000000000	0.830595899195813	-0.491143625364344	0.190211303259031
0.173000000000000	0.823532597628427	-0.496057350657239	0.178201304837673
0.174000000000000	0.816339250717184	-0.499013364214136	0.161803398874989
0.175000000000000	0.809016994374947	-0.500000000000000	0.141421356237309
0.176000000000000	0.801566984870877	-0.499013364214136	0.117557050458495
0.177000000000000	0.793990398647835	-0.496057350657239	0.0907980999479094
0.178000000000000	0.786288432136619	-0.491143625364344	0.0618033988749900
0.179000000000000	0.778462301567023	-0.484291580564316	0.0312868930080466
0.180000000000000	0.770513242775789	-0.475528258147577	2.20436423846524e-16
0.181000000000000	0.762442511011448	-0.464888242944126	-0.0312868930080461
0.182000000000000	0.754251380736104	-0.452413526233010	-0.0618033988749896
0.183000000000000	0.745941145424182	-0.438153340021932	-0.0907980999479090
0.184000000000000	0.737513117358174	-0.422163962751008	-0.117557050458494
0.185000000000000	0.728968627421411	-0.404508497187474	-0.141421356237309
0.186000000000000	0.720309024887907	-0.385256621387895	-0.161803398874990
0.187000000000000	0.711535677209285	-0.364484313710706	-0.178201304837674
0.188000000000000	0.702649969798849	-0.342273552964344	-0.190211303259031
0.189000000000000	0.693653305812805	-0.318711994874345	-0.197537668119028
0.190000000000000	0.684547105928689	-0.293892626146237	-0.200000000000000
0.191000000000000	0.675332808121025	-0.267913397489499	-0.197537668119028
0.192000000000000	0.666011867434252	-0.240876837050857	-0.190211303259031
0.193000000000000	0.656585755752956	-0.212889645782536	-0.178201304837674
0.194000000000000	0.647055961569444	-0.184062276342339	-0.161803398874989
0.195000000000000	0.637423989748690	-0.154508497187474	-0.141421356237309
0.196000000000000	0.627691361290701	-0.124344943582428	-0.117557050458494
0.197000000000000	0.617859613090334	-0.0936906572928620	-0.0907980999479088
0.198000000000000	0.607930297694605	-0.0626666167821520	-0.0618033988749894
0.199000000000000	0.597904983057519	-0.0313952597646568	-0.0312868930080459
0.200000000000000	0.587785252292473	-2.44929359829471e-16	4.65613375930630e-16
0.201000000000000	0.577572703422268	0.0313952597646572	0.0312868930080468
0.202000000000000	0.567268949126756	0.0626666167821524	0.0618033988749896
0.203000000000000	0.556875616488188	0.0936906572928624	0.0907980999479096
0.204000000000000	0.546394346734269	0.124344943582427	0.117557050458495
0.205000000000000	0.535826794978997	0.154508497187474	0.141421356237310
0.206000000000000	0.525174629961296	0.184062276342339	0.161803398874990
0.207000000000000	0.514439533781506	0.212889645782537	0.178201304837674
0.208000000000000	0.503623201635761	0.240876837050858	0.190211303259031
0.209000000000000	0.492727341548292	0.267913397489497	0.197537668119028
0.210000000000000	0.481753674101716	0.293892626146236	0.200000000000000
0.211000000000000	0.470703932165333	0.318711994874345	0.197537668119028
0.212000000000000	0.459579860621488	0.342273552964344	0.190211303259031
0.213000000000000	0.448383216090032	0.364484313710705	0.178201304837674
0.214000000000000	0.437115766650933	0.385256621387895	0.161803398874990
0.215000000000000	0.425779291565073	0.404508497187474	0.141421356237310
0.216000000000000	0.414375580993284	0.422163962751007	0.117557050458495
0.217000000000000	0.402906435713663	0.438153340021932	0.0907980999479094
0.218000000000000	0.391373666837202	0.452413526233010	0.0618033988749894
0.219000000000000	0.379779095521801	0.464888242944126	0.0312868930080459
0.220000000000000	0.368124552684678	0.475528258147577	-4.41120439947682e-16
0.221000000000000	0.356411878713251	0.484291580564315	-0.0312868930080468
0.222000000000000	0.344642923174517	0.491143625364344	-0.0618033988749902
0.223000000000000	0.332819544522987	0.496057350657239	-0.0907980999479090
0.224000000000000	0.320943609807210	0.499013364214136	-0.117557050458494
0.225000000000000	0.309016994374948	0.500000000000000	-0.141421356237309
0.226000000000000	0.297041581577035	0.499013364214136	-0.161803398874990
0.227000000000000	0.285019262469976	0.496057350657239	-0.178201304837674
0.228000000000000	0.272951935517325	0.491143625364344	-0.190211303259031
0.229000000000000	0.260841506289897	0.484291580564316	-0.197537668119028
0.230000000000000	0.248689887164855	0.475528258147577	-0.200000000000000
0.231000000000000	0.236498997023725	0.464888242944126	-0.197537668119027
0.232000000000000	0.224270760949381	0.452413526233010	-0.190211303259031
0.233000000000000	0.212007109922055	0.438153340021932	-0.178201304837674
0.234000000000000	0.199709980514407	0.422163962751008	-0.161803398874989
0.235000000000000	0.187381314585725	0.404508497187473	-0.141421356237309
0.236000000000000	0.175023058975276	0.385256621387894	-0.117557050458494
0.237000000000000	0.162637165194883	0.364484313710706	-0.0907980999479088
0.238000000000000	0.150225589120757	0.342273552964344	-0.0618033988749888
0.239000000000000	0.137790290684638	0.318711994874345	-0.0312868930080452
0.240000000000000	0.125333233564305	0.293892626146237	-2.93915231795365e-16
0.241000000000000	0.112856384873482	0.267913397489499	0.0312868930080461
0.242000000000000	0.100361714851215	0.240876837050858	0.0618033988749895
0.243000000000000	0.0878511965507432	0.212889645782537	0.0907980999479096
0.244000000000000	0.0753268055279330	0.184062276342339	0.117557050458495
0.245000000000000	0.0627905195293136	0.154508497187474	0.141421356237310
0.246000000000000	0.0502443181797697	0.124344943582428	0.161803398874989
0.247000000000000	0.0376901826699345	0.0936906572928630	0.178201304837673
0.248000000000000	0.0251300954433378	0.0626666167821521	0.190211303259031
0.249000000000000	0.0125660398833528	0.0313952597646568	0.197537668119028
0.250000000000000	1.22464679914735e-16	3.06161699786838e-16	0.200000000000000
0.251000000000000	-0.0125660398833526	-0.0313952597646562	0.197537668119028
0.252000000000000	-0.0251300954433376	-0.0626666167821515	0.190211303259031
0.253000000000000	-0.0376901826699343	-0.0936906572928624	0.178201304837673
0.254000000000000	-0.0502443181797694	-0.124344943582427	0.161803398874989
0.255000000000000	-0.0627905195293133	-0.154508497187474	0.141421356237310
0.256000000000000	-0.0753268055279328	-0.184062276342339	0.117557050458495
0.257000000000000	-0.0878511965507429	-0.212889645782537	0.0907980999479095
0.258000000000000	-0.100361714851215	-0.240876837050858	0.0618033988749895
0.259000000000000	-0.112856384873482	-0.267913397489498	0.0312868930080460
0.260000000000000	-0.125333233564304	-0.293892626146236	-3.92134567981788e-16
0.261000000000000	-0.137790290684638	-0.318711994874344	-0.0312868930080467
0.262000000000000	-0.150225589120757	-0.342273552964344	-0.0618033988749902
0.263000000000000	-0.162637165194884	-0.364484313710706	-0.0907980999479102
0.264000000000000	-0.175023058975276	-0.385256621387895	-0.117557050458496
0.265000000000000	-0.187381314585725	-0.404508497187474	-0.141421356237309
0.266000000000000	-0.199709980514407	-0.422163962751008	-0.161803398874990
0.267000000000000	-0.212007109922055	-0.438153340021932	-0.178201304837674
0.268000000000000	-0.224270760949381	-0.452413526233010	-0.190211303259031
0.269000000000000	-0.236498997023725	-0.464888242944126	-0.197537668119028
0.270000000000000	-0.248689887164855	-0.475528258147577	-0.200000000000000
0.271000000000000	-0.260841506289897	-0.484291580564315	-0.197537668119027
0.272000000000000	-0.272951935517325	-0.491143625364345	-0.190211303259030
0.273000000000000	-0.285019262469976	-0.496057350657239	-0.178201304837673
0.274000000000000	-0.297041581577035	-0.499013364214136	-0.161803398874989
0.275000000000000	-0.309016994374948	-0.500000000000000	-0.141421356237309
0.276000000000000	-0.320943609807209	-0.499013364214136	-0.117557050458494
0.277000000000000	-0.332819544522987	-0.496057350657239	-0.0907980999479089
0.278000000000000	-0.344642923174517	-0.491143625364344	-0.0618033988749888
0.279000000000000	-0.356411878713251	-0.484291580564316	-0.0312868930080453
0.280000000000000	-0.368124552684678	-0.475528258147577	1.07818436775894e-15
0.281000000000000	-0.379779095521801	-0.464888242944125	0.0312868930080474
0.282000000000000	-0.391373666837203	-0.452413526233009	0.0618033988749908
0.283000000000000	-0.402906435713663	-0.438153340021931	0.0907980999479108
0.284000000000000	-0.414375580993284	-0.422163962751007	0.117557050458495
0.285000000000000	-0.425779291565073	-0.404508497187473	0.141421356237310
0.286000000000000	-0.437115766650933	-0.385256621387894	0.161803398874990
0.287000000000000	-0.448383216090033	-0.364484313710706	0.178201304837674
0.288000000000000	-0.459579860621488	-0.342273552964344	0.190211303259031
0.289000000000000	-0.470703932165332	-0.318711994874345	0.197537668119028
0.290000000000000	-0.481753674101715	-0.293892626146237	0.200000000000000
0.291000000000000	-0.492727341548291	-0.267913397489499	0.197537668119028
0.292000000000000	-0.503623201635760	-0.240876837050858	0.190211303259031
0.293000000000000	-0.514439533781506	-0.212889645782537	0.178201304837674
0.294000000000000	-0.525174629961295	-0.184062276342340	0.161803398874990
0.295000000000000	-0.535826794978996	-0.154508497187475	0.141421356237310
0.296000000000000	-0.546394346734269	-0.124344943582429	0.117557050458495
0.297000000000000	-0.556875616488188	-0.0936906572928639	0.0907980999479095
0.298000000000000	-0.567268949126756	-0.0626666167821521	0.0618033988749895
0.299000000000000	-0.577572703422267	-0.0313952597646569	0.0312868930080460
0.300000000000000	-0.587785252292473	-3.67394039744206e-16	-3.43148696015894e-16
0.301000000000000	-0.597904983057518	0.0313952597646561	-0.0312868930080453
0.302000000000000	-0.607930297694605	0.0626666167821514	-0.0618033988749888
0.303000000000000	-0.617859613090334	0.0936906572928614	-0.0907980999479089
0.304000000000000	-0.627691361290700	0.124344943582426	-0.117557050458494
0.305000000000000	-0.637423989748690	0.154508497187473	-0.141421356237309
0.306000000000000	-0.647055961569444	0.184062276342338	-0.161803398874989
0.307000000000000	-0.656585755752956	0.212889645782536	-0.178201304837674
0.308000000000000	-0.666011867434251	0.240876837050858	-0.190211303259031
0.309000000000000	-0.675332808121024	0.267913397489498	-0.197537668119028
0.310000000000000	-0.684547105928689	0.293892626146236	-0.200000000000000
0.311000000000000	-0.693653305812805	0.318711994874344	-0.197537668119028
0.312000000000000	-0.702649969798849	0.342273552964344	-0.190211303259031
0.313000000000000	-0.711535677209285	0.364484313710705	-0.178201304837674
0.314000000000000	-0.720309024887907	0.385256621387894	-0.161803398874990
0.315000000000000	-0.728968627421411	0.404508497187474	-0.141421356237309
0.316000000000000	-0.737513117358174	0.422163962751008	-0.117557050458494
0.317000000000000	-0.745941145424182	0.438153340021932	-0.0907980999479089
0.318000000000000	-0.754251380736104	0.452413526233010	-0.0618033988749888
0.319000000000000	-0.762442511011448	0.464888242944126	-0.0312868930080453
0.320000000000000	-0.770513242775789	0.475528258147577	-3.91886975727153e-16
0.321000000000000	-0.778462301567024	0.484291580564315	0.0312868930080460
0.322000000000000	-0.786288432136619	0.491143625364344	0.0618033988749895
0.323000000000000	-0.793990398647835	0.496057350657239	0.0907980999479095
0.324000000000000	-0.801566984870876	0.499013364214136	0.117557050458495
0.325000000000000	-0.809016994374947	0.500000000000000	0.141421356237310
0.326000000000000	-0.816339250717184	0.499013364214136	0.161803398874990
0.327000000000000	-0.823532597628427	0.496057350657239	0.178201304837674
0.328000000000000	-0.830595899195813	0.491143625364344	0.190211303259031
0.329000000000000	-0.837528040042142	0.484291580564316	0.197537668119028
0.330000000000000	-0.844327925502015	0.475528258147577	0.200000000000000
0.331000000000000	-0.850994481794692	0.464888242944126	0.197537668119028
0.332000000000000	-0.857526656193652	0.452413526233009	0.190211303259031
0.333000000000000	-0.863923417192835	0.438153340021931	0.178201304837673
0.334000000000000	-0.870183754669526	0.422163962751007	0.161803398874989
0.335000000000000	-0.876306680043864	0.404508497187473	0.141421356237309
0.336000000000000	-0.882291226434953	0.385256621387894	0.117557050458494
0.337000000000000	-0.888136448813545	0.364484313710706	0.0907980999479083
0.338000000000000	-0.893841424151264	0.342273552964344	0.0618033988749882
0.339000000000000	-0.899405251566371	0.318711994874345	0.0312868930080461
0.340000000000000	-0.904827052466020	0.293892626146237	-2.94162824050000e-16
0.341000000000000	-0.910105970684996	0.267913397489497	-0.0312868930080466
0.342000000000000	-0.915241172620918	0.240876837050857	-0.0618033988749901
0.343000000000000	-0.920231847365870	0.212889645782536	-0.0907980999479101
0.344000000000000	-0.925077206834458	0.184062276342338	-0.117557050458495
0.345000000000000	-0.929776485888251	0.154508497187473	-0.141421356237310
0.346000000000000	-0.934328942456612	0.124344943582427	-0.161803398874990
0.347000000000000	-0.938733857653874	0.0936906572928622	-0.178201304837674
0.348000000000000	-0.942990535892865	0.0626666167821522	-0.190211303259031
0.349000000000000	-0.947098304994744	0.0313952597646569	-0.197537668119028
0.350000000000000	-0.951056516295154	-1.34773045969868e-15	-0.200000000000000
0.351000000000000	-0.954864544746643	-0.0313952597646579	-0.197537668119027
0.352000000000000	-0.958521789017376	-0.0626666167821513	-0.190211303259031
0.353000000000000	-0.962027671586086	-0.0936906572928614	-0.178201304837674
0.354000000000000	-0.965381638833274	-0.124344943582426	-0.161803398874990
0.355000000000000	-0.968583161128631	-0.154508497187472	-0.141421356237309
0.356000000000000	-0.971631732914674	-0.184062276342338	-0.117557050458496
0.357000000000000	-0.974526872786577	-0.212889645782535	-0.0907980999479102
0.358000000000000	-0.977268123568193	-0.240876837050858	-0.0618033988749902
0.359000000000000	-0.979855052384247	-0.267913397489498	-0.0312868930080468
0.360000000000000	-0.982287250728689	-0.293892626146236	-4.40872847693047e-16
0.361000000000000	-0.984564334529205	-0.318711994874344	0.0312868930080459
0.362000000000000	-0.986685944207868	-0.342273552964344	0.0618033988749894
0.363000000000000	-0.988651744737914	-0.364484313710705	0.0907980999479094
0.364000000000000	-0.990461425696651	-0.385256621387894	0.117557050458495
0.365000000000000	-0.992114701314478	-0.404508497187473	0.141421356237310
0.366000000000000	-0.993611310520008	-0.422163962751007	0.161803398874989
0.367000000000000	-0.994951016981300	-0.438153340021932	0.178201304837673
0.368000000000000	-0.996133609143173	-0.452413526233010	0.190211303259031
0.369000000000000	-0.997158900260614	-0.464888242944126	0.197537668119028
0.370000000000000	-0.998026728428272	-0.475528258147577	0.200000000000000
0.371000000000000	-0.998736956606017	-0.484291580564315	0.197537668119028
0.372000000000000	-0.999289472640589	-0.491143625364344	0.190211303259031
0.373000000000000	-0.999684189283300	-0.496057350657239	0.178201304837673
0.374000000000000	-0.999921044203816	-0.499013364214136	0.161803398874989
0.375000000000000	-1.00000000000000	-0.500000000000000	0.141421356237310
0.376000000000000	-0.999921044203816	-0.499013364214136	0.117557050458495
0.377000000000000	-0.999684189283300	-0.496057350657239	0.0907980999479096
0.378000000000000	-0.999289472640589	-0.491143625364344	0.0618033988749896
0.379000000000000	-0.998736956606017	-0.484291580564316	0.0312868930080461
0.380000000000000	-0.998026728428272	-0.475528258147577	-2.45176952084106e-16
0.381000000000000	-0.997158900260614	-0.464888242944126	-0.0312868930080466
0.382000000000000	-0.996133609143173	-0.452413526233010	-0.0618033988749901
0.383000000000000	-0.994951016981300	-0.438153340021932	-0.0907980999479100
0.384000000000000	-0.993611310520008	-0.422163962751007	-0.117557050458495
0.385000000000000	-0.992114701314478	-0.404508497187473	-0.141421356237309
0.386000000000000	-0.990461425696651	-0.385256621387894	-0.161803398874989
0.387000000000000	-0.988651744737914	-0.364484313710706	-0.178201304837674
0.388000000000000	-0.986685944207868	-0.342273552964344	-0.190211303259031
0.389000000000000	-0.984564334529205	-0.318711994874345	-0.197537668119028
0.390000000000000	-0.982287250728689	-0.293892626146237	-0.200000000000000
0.391000000000000	-0.979855052384247	-0.267913397489499	-0.197537668119027
0.392000000000000	-0.977268123568193	-0.240876837050858	-0.190211303259030
0.393000000000000	-0.974526872786577	-0.212889645782536	-0.178201304837673
0.394000000000000	-0.971631732914674	-0.184062276342338	-0.161803398874989
0.395000000000000	-0.968583161128631	-0.154508497187473	-0.141421356237309
0.396000000000000	-0.965381638833274	-0.124344943582427	-0.117557050458494
0.397000000000000	-0.962027671586086	-0.0936906572928623	-0.0907980999479090
0.398000000000000	-0.958521789017376	-0.0626666167821523	-0.0618033988749889
0.399000000000000	-0.954864544746643	-0.0313952597646570	-0.0312868930080454
0.400000000000000	-0.951056516295154	-4.89858719658941e-16	9.31226751861259e-16
0.401000000000000	-0.947098304994744	0.0313952597646578	0.0312868930080473
0.402000000000000	-0.942990535892864	0.0626666167821530	0.0618033988749907
0.403000000000000	-0.938733857653874	0.0936906572928630	0.0907980999479107
0.404000000000000	-0.934328942456612	0.124344943582428	0.117557050458495
0.405000000000000	-0.929776485888251	0.154508497187474	0.141421356237310
0.406000000000000	-0.925077206834458	0.184062276342339	0.161803398874990
0.407000000000000	-0.920231847365870	0.212889645782536	0.178201304837674
0.408000000000000	-0.915241172620918	0.240876837050858	0.190211303259031
0.409000000000000	-0.910105970684996	0.267913397489498	0.197537668119028
0.410000000000000	-0.904827052466020	0.293892626146238	0.200000000000000
0.411000000000000	-0.899405251566371	0.318711994874346	0.197537668119028
0.412000000000000	-0.893841424151264	0.342273552964345	0.190211303259030
0.413000000000000	-0.888136448813544	0.364484313710706	0.178201304837673
0.414000000000000	-0.882291226434953	0.385256621387895	0.161803398874988
0.415000000000000	-0.876306680043863	0.404508497187474	0.141421356237309
0.416000000000000	-0.870183754669525	0.422163962751008	0.117557050458493
0.417000000000000	-0.863923417192835	0.438153340021931	0.0907980999479109
0.418000000000000	-0.857526656193652	0.452413526233009	0.0618033988749896
0.419000000000000	-0.850994481794692	0.464888242944126	0.0312868930080476
0.420000000000000	-0.844327925502016	0.475528258147577	-1.96191080118212e-16
0.421000000000000	-0.837528040042142	0.484291580564315	-0.0312868930080451
0.422000000000000	-0.830595899195813	0.491143625364344	-0.0618033988749900
0.423000000000000	-0.823532597628428	0.496057350657239	-0.0907980999479087
0.424000000000000	-0.816339250717184	0.499013364214136	-0.117557050458495
0.425000000000000	-0.809016994374948	0.500000000000000	-0.141421356237309
0.426000000000000	-0.801566984870877	0.499013364214136	-0.161803398874989
0.427000000000000	-0.793990398647835	0.496057350657239	-0.178201304837674
0.428000000000000	-0.786288432136619	0.491143625364344	-0.190211303259030
0.429000000000000	-0.778462301567024	0.484291580564316	-0.197537668119028
0.430000000000000	-0.770513242775790	0.475528258147577	-0.200000000000000
0.431000000000000	-0.762442511011448	0.464888242944126	-0.197537668119027
0.432000000000000	-0.754251380736104	0.452413526233010	-0.190211303259031
0.433000000000000	-0.745941145424182	0.438153340021932	-0.178201304837673
0.434000000000000	-0.737513117358174	0.422163962751008	-0.161803398874990
0.435000000000000	-0.728968627421412	0.404508497187475	-0.141421356237309
0.436000000000000	-0.720309024887907	0.385256621387895	-0.117557050458495
0.437000000000000	-0.711535677209285	0.364484313710706	-0.0907980999479103
0.438000000000000	-0.702649969798850	0.342273552964344	-0.0618033988749890
0.439000000000000	-0.693653305812805	0.318711994874345	-0.0312868930080469
0.440000000000000	-0.684547105928689	0.293892626146237	8.82240879895365e-16
0.441000000000000	-0.675332808121025	0.267913397489499	0.0312868930080458
0.442000000000000	-0.666011867434252	0.240876837050858	0.0618033988749907
0.443000000000000	-0.656585755752957	0.212889645782537	0.0907980999479094
0.444000000000000	-0.647055961569444	0.184062276342338	0.117557050458496
0.445000000000000	-0.637423989748690	0.154508497187473	0.141421356237310
0.446000000000000	-0.627691361290700	0.124344943582427	0.161803398874989
0.447000000000000	-0.617859613090335	0.0936906572928623	0.178201304837674
0.448000000000000	-0.607930297694606	0.0626666167821523	0.190211303259031
0.449000000000000	-0.597904983057519	0.0313952597646571	0.197537668119028
0.450000000000000	-0.587785252292473	5.51091059616309e-16	0.200000000000000
0.451000000000000	-0.577572703422268	-0.0313952597646560	0.197537668119027
0.452000000000000	-0.567268949126757	-0.0626666167821512	0.190211303259031
0.453000000000000	-0.556875616488188	-0.0936906572928630	0.178201304837673
0.454000000000000	-0.546394346734269	-0.124344943582428	0.161803398874989
0.455000000000000	-0.535826794978996	-0.154508497187474	0.141421356237310
0.456000000000000	-0.525174629961295	-0.184062276342339	0.117557050458494
0.457000000000000	-0.514439533781507	-0.212889645782536	0.0907980999479097
0.458000000000000	-0.503623201635761	-0.240876837050857	0.0618033988749883
0.459000000000000	-0.492727341548292	-0.267913397489498	0.0312868930080462
0.460000000000000	-0.481753674101715	-0.293892626146236	-1.56829067967252e-15
0.461000000000000	-0.470703932165333	-0.318711994874344	-0.0312868930080465
0.462000000000000	-0.459579860621488	-0.342273552964345	-0.0618033988749913
0.463000000000000	-0.448383216090032	-0.364484313710706	-0.0907980999479100
0.464000000000000	-0.437115766650933	-0.385256621387895	-0.117557050458494
0.465000000000000	-0.425779291565072	-0.404508497187474	-0.141421356237310
0.466000000000000	-0.414375580993284	-0.422163962751008	-0.161803398874989
0.467000000000000	-0.402906435713663	-0.438153340021932	-0.178201304837674
0.468000000000000	-0.391373666837202	-0.452413526233010	-0.190211303259031
0.469000000000000	-0.379779095521801	-0.464888242944126	-0.197537668119028
0.470000000000000	-0.368124552684678	-0.475528258147577	-0.200000000000000
0.471000000000000	-0.356411878713250	-0.484291580564316	-0.197537668119027
0.472000000000000	-0.344642923174517	-0.491143625364345	-0.190211303259030
0.473000000000000	-0.332819544522986	-0.496057350657239	-0.178201304837672
0.474000000000000	-0.320943609807209	-0.499013364214136	-0.161803398874989
0.475000000000000	-0.309016994374948	-0.500000000000000	-0.141421356237310
0.476000000000000	-0.297041581577035	-0.499013364214136	-0.117557050458493
0.477000000000000	-0.285019262469976	-0.496057350657239	-0.0907980999479091
0.478000000000000	-0.272951935517325	-0.491143625364344	-0.0618033988749877
0.479000000000000	-0.260841506289897	-0.484291580564315	-0.0312868930080455
0.480000000000000	-0.248689887164855	-0.475528258147577	-5.87830463590730e-16
0.481000000000000	-0.236498997023725	-0.464888242944126	0.0312868930080444
0.482000000000000	-0.224270760949382	-0.452413526233010	0.0618033988749893
0.483000000000000	-0.212007109922055	-0.438153340021932	0.0907980999479081
0.484000000000000	-0.199709980514407	-0.422163962751008	0.117557050458495
0.485000000000000	-0.187381314585725	-0.404508497187475	0.141421356237309
0.486000000000000	-0.175023058975276	-0.385256621387896	0.161803398874990
0.487000000000000	-0.162637165194884	-0.364484313710707	0.178201304837673
0.488000000000000	-0.150225589120758	-0.342273552964345	0.190211303259031
0.489000000000000	-0.137790290684639	-0.318711994874345	0.197537668119028
0.490000000000000	-0.125333233564305	-0.293892626146237	0.200000000000000
0.491000000000000	-0.112856384873482	-0.267913397489499	0.197537668119028
0.492000000000000	-0.100361714851215	-0.240876837050858	0.190211303259031
0.493000000000000	-0.0878511965507433	-0.212889645782537	0.178201304837673
0.494000000000000	-0.0753268055279327	-0.184062276342340	0.161803398874990
0.495000000000000	-0.0627905195293133	-0.154508497187475	0.141421356237309
0.496000000000000	-0.0502443181797702	-0.124344943582427	0.117557050458495
0.497000000000000	-0.0376901826699351	-0.0936906572928624	0.0907980999479085
0.498000000000000	-0.0251300954433379	-0.0626666167821524	0.0618033988749897
0.499000000000000	-0.0125660398833530	-0.0313952597646571	0.0312868930080448
0.500000000000000	-2.44929359829471e-16	-6.12323399573677e-16	-9.82193361864236e-17
0.501000000000000	0.0125660398833525	0.0313952597646559	-0.0312868930080450
0.502000000000000	0.0251300954433374	0.0626666167821512	-0.0618033988749899
0.503000000000000	0.0376901826699346	0.0936906572928612	-0.0907980999479087
0.504000000000000	0.0502443181797697	0.124344943582426	-0.117557050458495
0.505000000000000	0.0627905195293128	0.154508497187474	-0.141421356237309
0.506000000000000	0.0753268055279322	0.184062276342339	-0.161803398874990
0.507000000000000	0.0878511965507428	0.212889645782536	-0.178201304837674
0.508000000000000	0.100361714851215	0.240876837050857	-0.190211303259031
0.509000000000000	0.112856384873482	0.267913397489498	-0.197537668119028
0.510000000000000	0.125333233564304	0.293892626146238	-0.200000000000000
0.511000000000000	0.137790290684638	0.318711994874344	-0.197537668119027
0.512000000000000	0.150225589120757	0.342273552964345	-0.190211303259031
0.513000000000000	0.162637165194884	0.364484313710705	-0.178201304837673
0.514000000000000	0.175023058975276	0.385256621387895	-0.161803398874990
0.515000000000000	0.187381314585724	0.404508497187473	-0.141421356237309
0.516000000000000	0.199709980514407	0.422163962751008	-0.117557050458495
0.517000000000000	0.212007109922054	0.438153340021931	-0.0907980999479079
0.518000000000000	0.224270760949381	0.452413526233010	-0.0618033988749891
0.519000000000000	0.236498997023725	0.464888242944126	-0.0312868930080442
0.520000000000000	0.248689887164855	0.475528258147577	7.84269135963577e-16
0.521000000000000	0.260841506289897	0.484291580564316	0.0312868930080457
0.522000000000000	0.272951935517326	0.491143625364344	0.0618033988749906
0.523000000000000	0.285019262469977	0.496057350657239	0.0907980999479093
0.524000000000000	0.297041581577035	0.499013364214136	0.117557050458496
0.525000000000000	0.309016994374947	0.500000000000000	0.141421356237310
0.526000000000000	0.320943609807209	0.499013364214136	0.161803398874991
0.527000000000000	0.332819544522987	0.496057350657239	0.178201304837674
0.528000000000000	0.344642923174517	0.491143625364344	0.190211303259031
0.529000000000000	0.356411878713251	0.484291580564316	0.197537668119028
0.530000000000000	0.368124552684678	0.475528258147576	0.200000000000000
0.531000000000000	0.379779095521801	0.464888242944126	0.197537668119027
0.532000000000000	0.391373666837203	0.452413526233009	0.190211303259031
0.533000000000000	0.402906435713662	0.438153340021932	0.178201304837673
0.534000000000000	0.414375580993284	0.422163962751007	0.161803398874989
0.535000000000000	0.425779291565073	0.404508497187473	0.141421356237308
0.536000000000000	0.437115766650933	0.385256621387895	0.117557050458494
0.537000000000000	0.448383216090032	0.364484313710705	0.0907980999479073
0.538000000000000	0.459579860621488	0.342273552964345	0.0618033988749884
0.539000000000000	0.470703932165333	0.318711994874344	0.0312868930080463
0.540000000000000	0.481753674101716	0.293892626146237	-1.47031893574073e-15
0.541000000000000	0.492727341548292	0.267913397489497	-0.0312868930080464
0.542000000000000	0.503623201635761	0.240876837050859	-0.0618033988749912
0.543000000000000	0.514439533781506	0.212889645782536	-0.0907980999479099
0.544000000000000	0.525174629961296	0.184062276342337	-0.117557050458496
0.545000000000000	0.535826794978997	0.154508497187474	-0.141421356237310
0.546000000000000	0.546394346734269	0.124344943582426	-0.161803398874991
0.547000000000000	0.556875616488188	0.0936906572928625	-0.178201304837674
0.548000000000000	0.567268949126757	0.0626666167821507	-0.190211303259031
0.549000000000000	0.577572703422268	0.0313952597646572	-0.197537668119028
0.550000000000000	0.587785252292474	-1.10280109986921e-15	-0.200000000000000
0.551000000000000	0.597904983057519	-0.0313952597646558	-0.197537668119027
0.552000000000000	0.607930297694605	-0.0626666167821529	-0.190211303259030
0.553000000000000	0.617859613090334	-0.0936906572928646	-0.178201304837673
0.554000000000000	0.627691361290701	-0.124344943582428	-0.161803398874989
0.555000000000000	0.637423989748690	-0.154508497187476	-0.141421356237308
0.556000000000000	0.647055961569445	-0.184062276342339	-0.117557050458493
0.557000000000000	0.656585755752957	-0.212889645782538	-0.0907980999479066
0.558000000000000	0.666011867434252	-0.240876837050857	-0.0618033988749878
0.559000000000000	0.675332808121025	-0.267913397489499	-0.0312868930080456
0.560000000000000	0.684547105928689	-0.293892626146236	2.15636873551788e-15
0.561000000000000	0.693653305812805	-0.318711994874346	0.0312868930080471
0.562000000000000	0.702649969798849	-0.342273552964346	0.0618033988749919
0.563000000000000	0.711535677209286	-0.364484313710706	0.0907980999479105
0.564000000000000	0.720309024887907	-0.385256621387896	0.117557050458497
0.565000000000000	0.728968627421412	-0.404508497187474	0.141421356237311
0.566000000000000	0.737513117358174	-0.422163962751008	0.161803398874991
0.567000000000000	0.745941145424183	-0.438153340021932	0.178201304837674
0.568000000000000	0.754251380736104	-0.452413526233010	0.190211303259031
0.569000000000000	0.762442511011448	-0.464888242944126	0.197537668119028
0.570000000000000	0.770513242775789	-0.475528258147577	0.200000000000000
0.571000000000000	0.778462301567024	-0.484291580564316	0.197537668119027
0.572000000000000	0.786288432136619	-0.491143625364344	0.190211303259030
0.573000000000000	0.793990398647836	-0.496057350657239	0.178201304837672
0.574000000000000	0.801566984870877	-0.499013364214136	0.161803398874988
0.575000000000000	0.809016994374948	-0.500000000000000	0.141421356237307
0.576000000000000	0.816339250717184	-0.499013364214136	0.117557050458493
0.577000000000000	0.823532597628427	-0.496057350657239	0.0907980999479111
0.578000000000000	0.830595899195812	-0.491143625364344	0.0618033988749898
0.579000000000000	0.837528040042141	-0.484291580564316	0.0312868930080478
0.580000000000000	0.844327925502015	-0.475528258147577	-2.47592254635343e-19
0.581000000000000	0.850994481794692	-0.464888242944127	-0.0312868930080449
0.582000000000000	0.857526656193652	-0.452413526233010	-0.0618033988749871
0.583000000000000	0.863923417192835	-0.438153340021933	-0.0907980999479086
0.584000000000000	0.870183754669525	-0.422163962751008	-0.117557050458493
0.585000000000000	0.876306680043863	-0.404508497187476	-0.141421356237309
0.586000000000000	0.882291226434953	-0.385256621387896	-0.161803398874988
0.587000000000000	0.888136448813544	-0.364484313710706	-0.178201304837673
0.588000000000000	0.893841424151263	-0.342273552964346	-0.190211303259030
0.589000000000000	0.899405251566371	-0.318711994874345	-0.197537668119028
0.590000000000000	0.904827052466019	-0.293892626146239	-0.200000000000000
0.591000000000000	0.910105970684996	-0.267913397489499	-0.197537668119027
0.592000000000000	0.915241172620917	-0.240876837050860	-0.190211303259031
0.593000000000000	0.920231847365870	-0.212889645782537	-0.178201304837674
0.594000000000000	0.925077206834458	-0.184062276342342	-0.161803398874990
0.595000000000000	0.929776485888251	-0.154508497187475	-0.141421356237311
0.596000000000000	0.934328942456612	-0.124344943582427	-0.117557050458495
0.597000000000000	0.938733857653874	-0.0936906572928643	-0.0907980999479105
0.598000000000000	0.942990535892864	-0.0626666167821525	-0.0618033988749892
0.599000000000000	0.947098304994744	-0.0313952597646590	-0.0312868930080471
0.600000000000000	0.951056516295154	-7.34788079488412e-16	6.86297392031788e-16
0.601000000000000	0.954864544746643	0.0313952597646540	0.0312868930080456
0.602000000000000	0.958521789017376	0.0626666167821510	0.0618033988749878
0.603000000000000	0.962027671586086	0.0936906572928593	0.0907980999479092
0.604000000000000	0.965381638833274	0.124344943582426	0.117557050458493
0.605000000000000	0.968583161128631	0.154508497187474	0.141421356237310
0.606000000000000	0.971631732914674	0.184062276342337	0.161803398874989
0.607000000000000	0.974526872786577	0.212889645782536	0.178201304837674
0.608000000000000	0.977268123568193	0.240876837050856	0.190211303259030
0.609000000000000	0.979855052384247	0.267913397489498	0.197537668119028
0.610000000000000	0.982287250728689	0.293892626146235	0.200000000000000
0.611000000000000	0.984564334529205	0.318711994874344	0.197537668119028
0.612000000000000	0.986685944207868	0.342273552964342	0.190211303259031
0.613000000000000	0.988651744737914	0.364484313710705	0.178201304837674
0.614000000000000	0.990461425696651	0.385256621387895	0.161803398874989
0.615000000000000	0.992114701314478	0.404508497187473	0.141421356237310
0.616000000000000	0.993611310520008	0.422163962751008	0.117557050458494
0.617000000000000	0.994951016981300	0.438153340021931	0.0907980999479099
0.618000000000000	0.996133609143173	0.452413526233010	0.0618033988749885
0.619000000000000	0.997158900260614	0.464888242944125	0.0312868930080464
0.620000000000000	0.998026728428272	0.475528258147577	-1.37234719180894e-15
0.621000000000000	0.998736956606017	0.484291580564316	-0.0312868930080463
0.622000000000000	0.999289472640589	0.491143625364344	-0.0618033988749884
0.623000000000000	0.999684189283300	0.496057350657239	-0.0907980999479098
0.624000000000000	0.999921044203816	0.499013364214136	-0.117557050458494
0.625000000000000	1.00000000000000	0.500000000000000	-0.141421356237310
0.626000000000000	0.999921044203816	0.499013364214136	-0.161803398874989
0.627000000000000	0.999684189283300	0.496057350657239	-0.178201304837674
0.628000000000000	0.999289472640589	0.491143625364345	-0.190211303259031
0.629000000000000	0.998736956606017	0.484291580564316	-0.197537668119028
0.630000000000000	0.998026728428272	0.475528258147576	-0.200000000000000
0.631000000000000	0.997158900260614	0.464888242944126	-0.197537668119028
0.632000000000000	0.996133609143173	0.452413526233010	-0.190211303259031
0.633000000000000	0.994951016981300	0.438153340021932	-0.178201304837674
0.634000000000000	0.993611310520008	0.422163962751007	-0.161803398874989
0.635000000000000	0.992114701314478	0.404508497187475	-0.141421356237310
0.636000000000000	0.990461425696651	0.385256621387895	-0.117557050458494
0.637000000000000	0.988651744737914	0.364484313710707	-0.0907980999479093
0.638000000000000	0.986685944207868	0.342273552964345	-0.0618033988749879
0.639000000000000	0.984564334529205	0.318711994874344	-0.0312868930080457
0.640000000000000	0.982287250728689	0.293892626146237	-7.83773951454306e-16
0.641000000000000	0.979855052384247	0.267913397489498	0.0312868930080470
0.642000000000000	0.977268123568193	0.240876837050859	0.0618033988749891
0.643000000000000	0.974526872786577	0.212889645782536	0.0907980999479104
0.644000000000000	0.971631732914674	0.184062276342340	0.117557050458495
0.645000000000000	0.968583161128631	0.154508497187474	0.141421356237311
0.646000000000000	0.965381638833274	0.124344943582429	0.161803398874990
0.647000000000000	0.962027671586086	0.0936906572928626	0.178201304837674
0.648000000000000	0.958521789017376	0.0626666167821508	0.190211303259031
0.649000000000000	0.954864544746643	0.0313952597646573	0.197537668119027
0.650000000000000	0.951056516295154	-9.80336419954471e-16	0.200000000000000
0.651000000000000	0.947098304994744	-0.0313952597646557	0.197537668119028
0.652000000000000	0.942990535892865	-0.0626666167821527	0.190211303259030
0.653000000000000	0.938733857653874	-0.0936906572928610	0.178201304837674
0.654000000000000	0.934328942456612	-0.124344943582428	0.161803398874989
0.655000000000000	0.929776485888252	-0.154508497187472	0.141421356237309
0.656000000000000	0.925077206834458	-0.184062276342339	0.117557050458493
0.657000000000000	0.920231847365870	-0.212889645782538	0.0907980999479087
0.658000000000000	0.915241172620917	-0.240876837050857	0.0618033988749872
0.659000000000000	0.910105970684996	-0.267913397489499	0.0312868930080450
0.660000000000000	0.904827052466019	-0.293892626146236	9.77241516771529e-17
0.661000000000000	0.899405251566371	-0.318711994874345	-0.0312868930080477
0.662000000000000	0.893841424151263	-0.342273552964343	-0.0618033988749897
0.663000000000000	0.888136448813544	-0.364484313710706	-0.0907980999479110
0.664000000000000	0.882291226434954	-0.385256621387896	-0.117557050458495
0.665000000000000	0.876306680043863	-0.404508497187474	-0.141421356237311
0.666000000000000	0.870183754669526	-0.422163962751008	-0.161803398874990
0.667000000000000	0.863923417192835	-0.438153340021932	-0.178201304837675
0.668000000000000	0.857526656193652	-0.452413526233010	-0.190211303259031
0.669000000000000	0.850994481794691	-0.464888242944125	-0.197537668119028
0.670000000000000	0.844327925502015	-0.475528258147577	-0.200000000000000
0.671000000000000	0.837528040042141	-0.484291580564315	-0.197537668119028
0.672000000000000	0.830595899195812	-0.491143625364344	-0.190211303259030
0.673000000000000	0.823532597628428	-0.496057350657239	-0.178201304837673
0.674000000000000	0.816339250717184	-0.499013364214136	-0.161803398874988
0.675000000000000	0.809016994374948	-0.500000000000000	-0.141421356237309
0.676000000000000	0.801566984870876	-0.499013364214136	-0.117557050458492
0.677000000000000	0.793990398647835	-0.496057350657239	-0.0907980999479081
0.678000000000000	0.786288432136618	-0.491143625364344	-0.0618033988749893
0.679000000000000	0.778462301567023	-0.484291580564315	-0.0312868930080444
0.680000000000000	0.770513242775789	-0.475528258147577	5.88325648100000e-16
0.681000000000000	0.762442511011448	-0.464888242944125	0.0312868930080483
0.682000000000000	0.754251380736104	-0.452413526233009	0.0618033988749904
0.683000000000000	0.745941145424182	-0.438153340021932	0.0907980999479116
0.684000000000000	0.737513117358174	-0.422163962751006	0.117557050458496
0.685000000000000	0.728968627421411	-0.404508497187474	0.141421356237312
0.686000000000000	0.720309024887907	-0.385256621387894	0.161803398874990
0.687000000000000	0.711535677209285	-0.364484313710706	0.178201304837675
0.688000000000000	0.702649969798849	-0.342273552964343	0.190211303259031
0.689000000000000	0.693653305812804	-0.318711994874345	0.197537668119028
0.690000000000000	0.684547105928688	-0.293892626146236	0.200000000000000
0.691000000000000	0.675332808121025	-0.267913397489496	0.197537668119027
0.692000000000000	0.666011867434251	-0.240876837050857	0.190211303259030
0.693000000000000	0.656585755752957	-0.212889645782534	0.178201304837673
0.694000000000000	0.647055961569444	-0.184062276342339	0.161803398874988
0.695000000000000	0.637423989748690	-0.154508497187472	0.141421356237308
0.696000000000000	0.627691361290700	-0.124344943582428	0.117557050458492
0.697000000000000	0.617859613090334	-0.0936906572928609	0.0907980999479074
0.698000000000000	0.607930297694604	-0.0626666167821526	0.0618033988749886
0.699000000000000	0.597904983057518	-0.0313952597646556	0.0312868930080437
0.700000000000000	0.587785252292473	2.69546091939735e-15	-1.27437544787715e-15
0.701000000000000	0.577572703422267	0.0313952597646574	-0.0312868930080490
0.702000000000000	0.567268949126757	0.0626666167821544	-0.0618033988749910
0.703000000000000	0.556875616488187	0.0936906572928627	-0.0907980999479122
0.704000000000000	0.546394346734270	0.124344943582426	-0.117557050458494
0.705000000000000	0.535826794978997	0.154508497187470	-0.141421356237308
0.706000000000000	0.525174629961297	0.184062276342337	-0.161803398874989
0.707000000000000	0.514439533781507	0.212889645782536	-0.178201304837673
0.708000000000000	0.503623201635762	0.240876837050856	-0.190211303259031
0.709000000000000	0.492727341548292	0.267913397489498	-0.197537668119027
0.710000000000000	0.481753674101716	0.293892626146234	-0.200000000000000
0.711000000000000	0.470703932165333	0.318711994874344	-0.197537668119028
0.712000000000000	0.459579860621489	0.342273552964342	-0.190211303259031
0.713000000000000	0.448383216090034	0.364484313710705	-0.178201304837674
0.714000000000000	0.437115766650933	0.385256621387892	-0.161803398874991
0.715000000000000	0.425779291565074	0.404508497187473	-0.141421356237310
0.716000000000000	0.414375580993285	0.422163962751007	-0.117557050458496
0.717000000000000	0.402906435713664	0.438153340021931	-0.0907980999479094
0.718000000000000	0.391373666837203	0.452413526233010	-0.0618033988749907
0.719000000000000	0.379779095521802	0.464888242944125	-0.0312868930080458
0.720000000000000	0.368124552684678	0.475528258147576	-8.81745695386094e-16
0.721000000000000	0.356411878713251	0.484291580564315	0.0312868930080469
0.722000000000000	0.344642923174517	0.491143625364344	0.0618033988749890
0.723000000000000	0.332819544522987	0.496057350657238	0.0907980999479078
0.724000000000000	0.320943609807211	0.499013364214136	0.117557050458495
0.725000000000000	0.309016994374948	0.500000000000000	0.141421356237309
0.726000000000000	0.297041581577036	0.499013364214136	0.161803398874990
0.727000000000000	0.285019262469976	0.496057350657239	0.178201304837673
0.728000000000000	0.272951935517326	0.491143625364345	0.190211303259031
0.729000000000000	0.260841506289897	0.484291580564316	0.197537668119027
0.730000000000000	0.248689887164855	0.475528258147578	0.200000000000000
0.731000000000000	0.236498997023724	0.464888242944126	0.197537668119028
0.732000000000000	0.224270760949382	0.452413526233011	0.190211303259031
0.733000000000000	0.212007109922056	0.438153340021932	0.178201304837674
0.734000000000000	0.199709980514407	0.422163962751007	0.161803398874990
0.735000000000000	0.187381314585726	0.404508497187475	0.141421356237309
0.736000000000000	0.175023058975276	0.385256621387895	0.117557050458495
0.737000000000000	0.162637165194884	0.364484313710707	0.0907980999479087
0.738000000000000	0.150225589120757	0.342273552964345	0.0618033988749900
0.739000000000000	0.137790290684639	0.318711994874347	0.0312868930080451
0.740000000000000	0.125333233564304	0.293892626146237	1.95695895608941e-16
0.741000000000000	0.112856384873482	0.267913397489501	-0.0312868930080448
0.742000000000000	0.100361714851216	0.240876837050859	-0.0618033988749896
0.743000000000000	0.0878511965507434	0.212889645782536	-0.0907980999479084
0.744000000000000	0.0753268055279337	0.184062276342340	-0.117557050458495
0.745000000000000	0.0627905195293134	0.154508497187474	-0.141421356237309
0.746000000000000	0.0502443181797703	0.124344943582429	-0.161803398874990
0.747000000000000	0.0376901826699343	0.0936906572928627	-0.178201304837673
0.748000000000000	0.0251300954433381	0.0626666167821544	-0.190211303259031
0.749000000000000	0.0125660398833522	0.0313952597646574	-0.197537668119028
0.750000000000000	3.67394039744206e-16	2.69484193876077e-15	-0.200000000000000
0.751000000000000	-0.0125660398833515	-0.0313952597646556	-0.197537668119028
0.752000000000000	-0.0251300954433373	-0.0626666167821526	-0.190211303259031
0.753000000000000	-0.0376901826699336	-0.0936906572928609	-0.178201304837673
0.754000000000000	-0.0502443181797696	-0.124344943582428	-0.161803398874990
0.755000000000000	-0.0627905195293127	-0.154508497187472	-0.141421356237309
0.756000000000000	-0.0753268055279330	-0.184062276342339	-0.117557050458495
0.757000000000000	-0.0878511965507427	-0.212889645782534	-0.0907980999479081
0.758000000000000	-0.100361714851215	-0.240876837050857	-0.0618033988749894
0.759000000000000	-0.112856384873481	-0.267913397489499	-0.0312868930080445
0.760000000000000	-0.125333233564303	-0.293892626146236	4.90353904168212e-16
0.761000000000000	-0.137790290684638	-0.318711994874345	0.0312868930080454
0.762000000000000	-0.150225589120756	-0.342273552964343	0.0618033988749903
0.763000000000000	-0.162637165194884	-0.364484313710706	0.0907980999479090
0.764000000000000	-0.175023058975275	-0.385256621387894	0.117557050458496
0.765000000000000	-0.187381314585725	-0.404508497187474	0.141421356237309
0.766000000000000	-0.199709980514407	-0.422163962751006	0.161803398874990
0.767000000000000	-0.212007109922055	-0.438153340021932	0.178201304837674
0.768000000000000	-0.224270760949381	-0.452413526233010	0.190211303259031
0.769000000000000	-0.236498997023724	-0.464888242944125	0.197537668119028
0.770000000000000	-0.248689887164855	-0.475528258147577	0.200000000000000
0.771000000000000	-0.260841506289896	-0.484291580564315	0.197537668119027
0.772000000000000	-0.272951935517325	-0.491143625364344	0.190211303259031
0.773000000000000	-0.285019262469976	-0.496057350657239	0.178201304837673
0.774000000000000	-0.297041581577035	-0.499013364214136	0.161803398874989
0.775000000000000	-0.309016994374947	-0.500000000000000	0.141421356237308
0.776000000000000	-0.320943609807210	-0.499013364214136	0.117557050458494
0.777000000000000	-0.332819544522987	-0.496057350657239	0.0907980999479075
0.778000000000000	-0.344642923174516	-0.491143625364344	0.0618033988749887
0.779000000000000	-0.356411878713251	-0.484291580564315	0.0312868930080466
0.780000000000000	-0.368124552684677	-0.475528258147577	-1.17640370394537e-15
0.781000000000000	-0.379779095521801	-0.464888242944125	-0.0312868930080461
0.782000000000000	-0.391373666837202	-0.452413526233010	-0.0618033988749909
0.783000000000000	-0.402906435713663	-0.438153340021932	-0.0907980999479096
0.784000000000000	-0.414375580993284	-0.422163962751008	-0.117557050458496
0.785000000000000	-0.425779291565073	-0.404508497187474	-0.141421356237310
0.786000000000000	-0.437115766650933	-0.385256621387894	-0.161803398874991
0.787000000000000	-0.448383216090033	-0.364484313710706	-0.178201304837674
0.788000000000000	-0.459579860621488	-0.342273552964343	-0.190211303259032
0.789000000000000	-0.470703932165332	-0.318711994874345	-0.197537668119028
0.790000000000000	-0.481753674101716	-0.293892626146236	-0.200000000000000
0.791000000000000	-0.492727341548291	-0.267913397489499	-0.197537668119027
0.792000000000000	-0.503623201635761	-0.240876837050857	-0.190211303259031
0.793000000000000	-0.514439533781506	-0.212889645782538	-0.178201304837673
0.794000000000000	-0.525174629961296	-0.184062276342339	-0.161803398874989
0.795000000000000	-0.535826794978997	-0.154508497187472	-0.141421356237308
0.796000000000000	-0.546394346734270	-0.124344943582428	-0.117557050458494
0.797000000000000	-0.556875616488188	-0.0936906572928610	-0.0907980999479069
0.798000000000000	-0.567268949126756	-0.0626666167821527	-0.0618033988749880
0.799000000000000	-0.577572703422268	-0.0313952597646557	-0.0312868930080459
0.800000000000000	-0.587785252292473	-9.79717439317883e-16	1.86245350372252e-15
0.801000000000000	-0.597904983057519	0.0313952597646573	0.0312868930080468
0.802000000000000	-0.607930297694605	0.0626666167821543	0.0618033988749916
0.803000000000000	-0.617859613090335	0.0936906572928626	0.0907980999479102
0.804000000000000	-0.627691361290700	0.124344943582429	0.117557050458497
0.805000000000000	-0.637423989748691	0.154508497187474	0.141421356237310
0.806000000000000	-0.647055961569444	0.184062276342340	0.161803398874991
0.807000000000000	-0.656585755752956	0.212889645782536	0.178201304837674
0.808000000000000	-0.666011867434252	0.240876837050859	0.190211303259031
0.809000000000000	-0.675332808121024	0.267913397489498	0.197537668119028
0.810000000000000	-0.684547105928689	0.293892626146237	0.200000000000000
0.811000000000000	-0.693653305812805	0.318711994874347	0.197537668119027
0.812000000000000	-0.702649969798850	0.342273552964345	0.190211303259030
0.813000000000000	-0.711535677209285	0.364484313710707	0.178201304837672
0.814000000000000	-0.720309024887908	0.385256621387895	0.161803398874989
0.815000000000000	-0.728968627421412	0.404508497187475	0.141421356237307
0.816000000000000	-0.737513117358174	0.422163962751007	0.117557050458493
0.817000000000000	-0.745941145424183	0.438153340021932	0.0907980999479088
0.818000000000000	-0.754251380736104	0.452413526233010	0.0618033988749901
0.819000000000000	-0.762442511011448	0.464888242944126	0.0312868930080424
0.820000000000000	-0.770513242775789	0.475528258147578	-2.54850330349967e-15
0.821000000000000	-0.778462301567024	0.484291580564316	-0.0312868930080475
0.822000000000000	-0.786288432136619	0.491143625364345	-0.0618033988749895
0.823000000000000	-0.793990398647836	0.496057350657239	-0.0907980999479134
0.824000000000000	-0.801566984870877	0.499013364214136	-0.117557050458497
0.825000000000000	-0.809016994374947	0.500000000000000	-0.141421356237311
0.826000000000000	-0.816339250717184	0.499013364214136	-0.161803398874990
0.827000000000000	-0.823532597628427	0.496057350657239	-0.178201304837673
0.828000000000000	-0.830595899195813	0.491143625364344	-0.190211303259032
0.829000000000000	-0.837528040042142	0.484291580564315	-0.197537668119028
0.830000000000000	-0.844327925502016	0.475528258147577	-0.200000000000000
0.831000000000000	-0.850994481794692	0.464888242944125	-0.197537668119028
0.832000000000000	-0.857526656193653	0.452413526233010	-0.190211303259029
0.833000000000000	-0.863923417192835	0.438153340021933	-0.178201304837675
0.834000000000000	-0.870183754669525	0.422163962751009	-0.161803398874992
0.835000000000000	-0.876306680043863	0.404508497187475	-0.141421356237309
0.836000000000000	-0.882291226434953	0.385256621387897	-0.117557050458495
0.837000000000000	-0.888136448813544	0.364484313710707	-0.0907980999479108
0.838000000000000	-0.893841424151263	0.342273552964345	-0.0618033988749922
0.839000000000000	-0.899405251566371	0.318711994874347	-0.0312868930080446
0.840000000000000	-0.904827052466019	0.293892626146237	3.92382160236424e-16
0.841000000000000	-0.910105970684995	0.267913397489501	0.0312868930080453
0.842000000000000	-0.915241172620917	0.240876837050859	0.0618033988749875
0.843000000000000	-0.920231847365870	0.212889645782539	0.0907980999479064
0.844000000000000	-0.925077206834458	0.184062276342341	0.117557050458496
0.845000000000000	-0.929776485888251	0.154508497187474	0.141421356237309
0.846000000000000	-0.934328942456612	0.124344943582429	0.161803398874989
0.847000000000000	-0.938733857653874	0.0936906572928628	0.178201304837672
0.848000000000000	-0.942990535892864	0.0626666167821546	0.190211303259031
0.849000000000000	-0.947098304994744	0.0313952597646575	0.197537668119028
0.850000000000000	-0.951056516295153	2.81730661867550e-15	0.200000000000000
0.851000000000000	-0.954864544746643	-0.0313952597646555	0.197537668119028
0.852000000000000	-0.958521789017376	-0.0626666167821490	0.190211303259032
0.853000000000000	-0.962027671586086	-0.0936906572928608	0.178201304837673
0.854000000000000	-0.965381638833274	-0.124344943582427	0.161803398874989
0.855000000000000	-0.968583161128631	-0.154508497187472	0.141421356237310
0.856000000000000	-0.971631732914674	-0.184062276342339	0.117557050458497
0.857000000000000	-0.974526872786577	-0.212889645782534	0.0907980999479076
0.858000000000000	-0.977268123568193	-0.240876837050857	0.0618033988749888
0.859000000000000	-0.979855052384247	-0.267913397489496	0.0312868930080467
0.860000000000000	-0.982287250728688	-0.293892626146236	1.76373898302682e-15
0.861000000000000	-0.984564334529205	-0.318711994874343	-0.0312868930080432
0.862000000000000	-0.986685944207868	-0.342273552964343	-0.0618033988749908
0.863000000000000	-0.988651744737914	-0.364484313710706	-0.0907980999479095
0.864000000000000	-0.990461425696651	-0.385256621387894	-0.117557050458494
0.865000000000000	-0.992114701314478	-0.404508497187474	-0.141421356237308
0.866000000000000	-0.993611310520008	-0.422163962751006	-0.161803398874991
0.867000000000000	-0.994951016981300	-0.438153340021932	-0.178201304837674
0.868000000000000	-0.996133609143172	-0.452413526233009	-0.190211303259031
0.869000000000000	-0.997158900260614	-0.464888242944125	-0.197537668119027
0.870000000000000	-0.998026728428272	-0.475528258147576	-0.200000000000000
0.871000000000000	-0.998736956606017	-0.484291580564315	-0.197537668119027
0.872000000000000	-0.999289472640589	-0.491143625364344	-0.190211303259031
0.873000000000000	-0.999684189283300	-0.496057350657239	-0.178201304837674
0.874000000000000	-0.999921044203816	-0.499013364214136	-0.161803398874991
0.875000000000000	-1.00000000000000	-0.500000000000000	-0.141421356237308
0.876000000000000	-0.999921044203816	-0.499013364214136	-0.117557050458494
0.877000000000000	-0.999684189283300	-0.496057350657239	-0.0907980999479095
0.878000000000000	-0.999289472640589	-0.491143625364344	-0.0618033988749908
0.879000000000000	-0.998736956606017	-0.484291580564316	-0.0312868930080432
0.880000000000000	-0.998026728428272	-0.475528258147577	1.76448175979073e-15
0.881000000000000	-0.997158900260614	-0.464888242944126	0.0312868930080467
0.882000000000000	-0.996133609143173	-0.452413526233010	0.0618033988749888
0.883000000000000	-0.994951016981300	-0.438153340021932	0.0907980999479076
0.884000000000000	-0.993611310520008	-0.422163962751008	0.117557050458497
0.885000000000000	-0.992114701314478	-0.404508497187474	0.141421356237310
0.886000000000000	-0.990461425696651	-0.385256621387896	0.161803398874989
0.887000000000000	-0.988651744737914	-0.364484313710706	0.178201304837673
0.888000000000000	-0.986685944207868	-0.342273552964344	0.190211303259032
0.889000000000000	-0.984564334529206	-0.318711994874346	0.197537668119028
0.890000000000000	-0.982287250728689	-0.293892626146236	0.200000000000000
0.891000000000000	-0.979855052384247	-0.267913397489499	0.197537668119028
0.892000000000000	-0.977268123568193	-0.240876837050857	0.190211303259031
0.893000000000000	-0.974526872786577	-0.212889645782538	0.178201304837672
0.894000000000000	-0.971631732914674	-0.184062276342339	0.161803398874989
0.895000000000000	-0.968583161128631	-0.154508497187476	0.141421356237309
0.896000000000000	-0.965381638833274	-0.124344943582428	0.117557050458496
0.897000000000000	-0.962027671586086	-0.0936906572928611	0.0907980999479064
0.898000000000000	-0.958521789017376	-0.0626666167821529	0.0618033988749875
0.899000000000000	-0.954864544746643	-0.0313952597646558	0.0312868930080453
0.900000000000000	-0.951056516295154	-1.10218211923262e-15	3.91639383472518e-16
0.901000000000000	-0.947098304994744	0.0313952597646572	-0.0312868930080446
0.902000000000000	-0.942990535892865	0.0626666167821507	-0.0618033988749922
0.903000000000000	-0.938733857653874	0.0936906572928625	-0.0907980999479108
0.904000000000000	-0.934328942456612	0.124344943582426	-0.117557050458495
0.905000000000000	-0.929776485888252	0.154508497187474	-0.141421356237309
0.906000000000000	-0.925077206834458	0.184062276342340	-0.161803398874992
0.907000000000000	-0.920231847365871	0.212889645782536	-0.178201304837675
0.908000000000000	-0.915241172620917	0.240876837050859	-0.190211303259031
0.909000000000000	-0.910105970684996	0.267913397489497	-0.197537668119028
0.910000000000000	-0.904827052466019	0.293892626146237	-0.200000000000000
0.911000000000000	-0.899405251566371	0.318711994874344	-0.197537668119027
0.912000000000000	-0.893841424151263	0.342273552964345	-0.190211303259030
0.913000000000000	-0.888136448813544	0.364484313710705	-0.178201304837673
0.914000000000000	-0.882291226434954	0.385256621387895	-0.161803398874990
0.915000000000000	-0.876306680043863	0.404508497187475	-0.141421356237307
0.916000000000000	-0.870183754669526	0.422163962751007	-0.117557050458493
0.917000000000000	-0.863923417192835	0.438153340021932	-0.0907980999479083
0.918000000000000	-0.857526656193652	0.452413526233009	-0.0618033988749895
0.919000000000000	-0.850994481794692	0.464888242944126	-0.0312868930080475
0.920000000000000	-0.844327925502015	0.475528258147576	3.13658135934504e-15
0.921000000000000	-0.837528040042141	0.484291580564316	0.0312868930080480
0.922000000000000	-0.830595899195813	0.491143625364344	0.0618033988749901
0.923000000000000	-0.823532597628428	0.496057350657239	0.0907980999479088
0.924000000000000	-0.816339250717184	0.499013364214136	0.117557050458498
0.925000000000000	-0.809016994374948	0.500000000000000	0.141421356237311
0.926000000000000	-0.801566984870876	0.499013364214136	0.161803398874990
0.927000000000000	-0.793990398647835	0.496057350657239	0.178201304837674
0.928000000000000	-0.786288432136618	0.491143625364344	0.190211303259030
0.929000000000000	-0.778462301567023	0.484291580564316	0.197537668119028
0.930000000000000	-0.770513242775789	0.475528258147577	0.200000000000000
0.931000000000000	-0.762442511011448	0.464888242944126	0.197537668119027
0.932000000000000	-0.754251380736104	0.452413526233010	0.190211303259031
0.933000000000000	-0.745941145424182	0.438153340021931	0.178201304837672
0.934000000000000	-0.737513117358174	0.422163962751008	0.161803398874988
0.935000000000000	-0.728968627421411	0.404508497187473	0.141421356237308
0.936000000000000	-0.720309024887907	0.385256621387895	0.117557050458494
0.937000000000000	-0.711535677209285	0.364484313710705	0.0907980999479052
0.938000000000000	-0.702649969798849	0.342273552964345	0.0618033988749862
0.939000000000000	-0.693653305812804	0.318711994874344	0.0312868930080440
0.940000000000000	-0.684547105928689	0.293892626146235	-9.80460216081789e-16
0.941000000000000	-0.675332808121025	0.267913397489498	-0.0312868930080459
0.942000000000000	-0.666011867434251	0.240876837050856	-0.0618033988749935
0.943000000000000	-0.656585755752957	0.212889645782536	-0.0907980999479120
0.944000000000000	-0.647055961569444	0.184062276342337	-0.117557050458496
0.945000000000000	-0.637423989748690	0.154508497187474	-0.141421356237310
0.946000000000000	-0.627691361290700	0.124344943582426	-0.161803398874992
0.947000000000000	-0.617859613090334	0.0936906572928629	-0.178201304837675
0.948000000000000	-0.607930297694604	0.0626666167821512	-0.190211303259031
0.949000000000000	-0.597904983057519	0.0313952597646541	-0.197537668119028
0.950000000000000	-0.587785252292473	-6.12942380210265e-16	-0.200000000000000
0.951000000000000	-0.577572703422267	-0.0313952597646589	-0.197537668119027
0.952000000000000	-0.567268949126757	-0.0626666167821524	-0.190211303259030
0.953000000000000	-0.556875616488187	-0.0936906572928641	-0.178201304837673
0.954000000000000	-0.546394346734269	-0.124344943582427	-0.161803398874989
0.955000000000000	-0.535826794978996	-0.154508497187475	-0.141421356237306
0.956000000000000	-0.525174629961296	-0.184062276342339	-0.117557050458492
0.957000000000000	-0.514439533781505	-0.212889645782537	-0.0907980999479071
0.958000000000000	-0.503623201635760	-0.240876837050860	-0.0618033988749882
0.959000000000000	-0.492727341548292	-0.267913397489499	-0.0312868930080461
0.960000000000000	-0.481753674101716	-0.293892626146236	-1.17566092718146e-15
0.961000000000000	-0.470703932165333	-0.318711994874342	0.0312868930080438
0.962000000000000	-0.459579860621489	-0.342273552964343	0.0618033988749860
0.963000000000000	-0.448383216090034	-0.364484313710703	0.0907980999479100
0.964000000000000	-0.437115766650934	-0.385256621387893	0.117557050458494
0.965000000000000	-0.425779291565074	-0.404508497187471	0.141421356237308
0.966000000000000	-0.414375580993285	-0.422163962751006	0.161803398874988
0.967000000000000	-0.402906435713664	-0.438153340021931	0.178201304837674
0.968000000000000	-0.391373666837203	-0.452413526233009	0.190211303259031
0.969000000000000	-0.379779095521802	-0.464888242944125	0.197537668119027
0.970000000000000	-0.368124552684678	-0.475528258147576	0.200000000000000
0.971000000000000	-0.356411878713252	-0.484291580564315	0.197537668119027
0.972000000000000	-0.344642923174517	-0.491143625364344	0.190211303259030
0.973000000000000	-0.332819544522987	-0.496057350657239	0.178201304837674
0.974000000000000	-0.320943609807211	-0.499013364214136	0.161803398874990
0.975000000000000	-0.309016994374948	-0.500000000000000	0.141421356237312
0.976000000000000	-0.297041581577036	-0.499013364214136	0.117557050458493
0.977000000000000	-0.285019262469976	-0.496057350657239	0.0907980999479090
0.978000000000000	-0.272951935517326	-0.491143625364345	0.0618033988749903
0.979000000000000	-0.260841506289897	-0.484291580564316	0.0312868930080482
0.980000000000000	-0.248689887164856	-0.475528258147577	-2.35255981563609e-15
0.981000000000000	-0.236498997023725	-0.464888242944127	-0.0312868930080473
0.982000000000000	-0.224270760949382	-0.452413526233010	-0.0618033988749894
0.983000000000000	-0.212007109922056	-0.438153340021932	-0.0907980999479081
0.984000000000000	-0.199709980514407	-0.422163962751009	-0.117557050458493
0.985000000000000	-0.187381314585726	-0.404508497187474	-0.141421356237311
0.986000000000000	-0.175023058975276	-0.385256621387896	-0.161803398874990
0.987000000000000	-0.162637165194885	-0.364484313710706	-0.178201304837673
0.988000000000000	-0.150225589120757	-0.342273552964346	-0.190211303259030
0.989000000000000	-0.137790290684639	-0.318711994874346	-0.197537668119028
0.990000000000000	-0.125333233564304	-0.293892626146239	-0.200000000000000
0.991000000000000	-0.112856384873482	-0.267913397489499	-0.197537668119028
0.992000000000000	-0.100361714851216	-0.240876837050857	-0.190211303259031
0.993000000000000	-0.0878511965507435	-0.212889645782538	-0.178201304837675
0.994000000000000	-0.0753268055279338	-0.184062276342339	-0.161803398874988
0.995000000000000	-0.0627905195293135	-0.154508497187476	-0.141421356237309
0.996000000000000	-0.0502443181797705	-0.124344943582428	-0.117557050458495
0.997000000000000	-0.0376901826699345	-0.0936906572928647	-0.0907980999479109
0.998000000000000	-0.0251300954433382	-0.0626666167821530	-0.0618033988749869
0.999000000000000	-0.0125660398833523	-0.0313952597646595	-0.0312868930080448
1.00000000000000	-4.89858719658941e-16	-1.22464679914735e-15	1.96438672372847e-16
1.00100000000000	0.0125660398833531	0.0313952597646606	0.0312868930080508
1.00200000000000	0.0251300954433372	0.0626666167821505	0.0618033988749873
1.00300000000000	0.0376901826699353	0.0936906572928658	0.0907980999479113
1.00400000000000	0.0502443181797695	0.124344943582426	0.117557050458495
1.00500000000000	0.0627905195293143	0.154508497187477	0.141421356237313
1.00600000000000	0.0753268055279329	0.184062276342337	0.161803398874989
1.00700000000000	0.0878511965507443	0.212889645782539	0.178201304837675
1.00800000000000	0.100361714851215	0.240876837050855	0.190211303259031
1.00900000000000	0.112856384873483	0.267913397489500	0.197537668119029
1.01000000000000	0.125333233564303	0.293892626146237	0.200000000000000
1.01100000000000	0.137790290684640	0.318711994874346	0.197537668119027
1.01200000000000	0.150225589120756	0.342273552964344	0.190211303259030
1.01300000000000	0.162637165194885	0.364484313710707	0.178201304837671
1.01400000000000	0.175023058975275	0.385256621387895	0.161803398874990
1.01500000000000	0.187381314585725	0.404508497187475	0.141421356237307
1.01600000000000	0.199709980514406	0.422163962751007	0.117557050458492
1.01700000000000	0.212007109922055	0.438153340021932	0.0907980999479078
1.01800000000000	0.224270760949381	0.452413526233009	0.0618033988749890
1.01900000000000	0.236498997023725	0.464888242944126	0.0312868930080413
1.02000000000000	0.248689887164855	0.475528258147577	1.95968247089040e-15
1.02100000000000	0.260841506289898	0.484291580564317	-0.0312868930080486
1.02200000000000	0.272951935517325	0.491143625364344	-0.0618033988749907
1.02300000000000	0.285019262469977	0.496057350657239	-0.0907980999479144
1.02400000000000	0.297041581577035	0.499013364214136	-0.117557050458494
1.02500000000000	0.309016994374945	0.500000000000000	-0.141421356237308
1.02600000000000	0.320943609807210	0.499013364214136	-0.161803398874991
1.02700000000000	0.332819544522985	0.496057350657239	-0.178201304837671
1.02800000000000	0.344642923174516	0.491143625364344	-0.190211303259031
1.02900000000000	0.356411878713249	0.484291580564317	-0.197537668119027
1.03000000000000	0.368124552684677	0.475528258147578	-0.200000000000000
1.03100000000000	0.379779095521800	0.464888242944126	-0.197537668119028
1.03200000000000	0.391373666837202	0.452413526233010	-0.190211303259031
1.03300000000000	0.402906435713661	0.438153340021934	-0.178201304837674
1.03400000000000	0.414375580993284	0.422163962751010	-0.161803398874988
1.03500000000000	0.425779291565072	0.404508497187475	-0.141421356237312
1.03600000000000	0.437115766650933	0.385256621387895	-0.117557050458494
1.03700000000000	0.448383216090031	0.364484313710710	-0.0907980999479097
1.03800000000000	0.459579860621488	0.342273552964342	-0.0618033988749856
1.03900000000000	0.470703932165332	0.318711994874347	-0.0312868930080490
1.04000000000000	0.481753674101715	0.293892626146238	1.56853827192715e-15
1.04100000000000	0.492727341548291	0.267913397489504	0.0312868930080465
1.04200000000000	0.503623201635761	0.240876837050856	0.0618033988749886
1.04300000000000	0.514439533781505	0.212889645782540	0.0907980999479074
1.04400000000000	0.525174629961296	0.184062276342341	0.117557050458496
1.04500000000000	0.535826794978995	0.154508497187474	0.141421356237306
1.04600000000000	0.546394346734270	0.124344943582426	0.161803398874989
1.04700000000000	0.556875616488187	0.0936906572928665	0.178201304837673
1.04800000000000	0.567268949126756	0.0626666167821548	0.190211303259032
1.04900000000000	0.577572703422266	0.0313952597646578	0.197537668119027
1.05000000000000	0.587785252292473	-4.90477700295530e-16	0.200000000000000
1.05100000000000	0.597904983057518	-0.0313952597646517	0.197537668119028
1.05200000000000	0.607930297694605	-0.0626666167821558	0.190211303259030
1.05300000000000	0.617859613090334	-0.0936906572928605	0.178201304837675
1.05400000000000	0.627691361290700	-0.124344943582427	0.161803398874989
1.05500000000000	0.637423989748689	-0.154508497187468	0.141421356237310
1.05600000000000	0.647055961569444	-0.184062276342342	0.117557050458491
1.05700000000000	0.656585755752956	-0.212889645782534	0.0907980999479116
1.05800000000000	0.666011867434252	-0.240876837050857	0.0618033988749877
1.05900000000000	0.675332808121024	-0.267913397489493	0.0312868930080455
1.06000000000000	0.684547105928689	-0.293892626146238	5.87582871336094e-16
1.06100000000000	0.693653305812803	-0.318711994874342	-0.0312868930080444
1.06200000000000	0.702649969798850	-0.342273552964343	-0.0618033988749920
1.06300000000000	0.711535677209284	-0.364484313710706	-0.0907980999479055
1.06400000000000	0.720309024887908	-0.385256621387896	-0.117557050458495
1.06500000000000	0.728968627421410	-0.404508497187471	-0.141421356237309
1.06600000000000	0.737513117358173	-0.422163962751006	-0.161803398874991
1.06700000000000	0.745941145424181	-0.438153340021931	-0.178201304837672
1.06800000000000	0.754251380736104	-0.452413526233010	-0.190211303259031
1.06900000000000	0.762442511011447	-0.464888242944124	-0.197537668119028
1.07000000000000	0.770513242775789	-0.475528258147578	-0.200000000000000
1.07100000000000	0.778462301567023	-0.484291580564315	-0.197537668119028
1.07200000000000	0.786288432136619	-0.491143625364344	-0.190211303259030
1.07300000000000	0.793990398647835	-0.496057350657238	-0.178201304837673
1.07400000000000	0.801566984870877	-0.499013364214136	-0.161803398874987
1.07500000000000	0.809016994374947	-0.500000000000000	-0.141421356237311
1.07600000000000	0.816339250717184	-0.499013364214136	-0.117557050458493
1.07700000000000	0.823532597628427	-0.496057350657240	-0.0907980999479085
1.07800000000000	0.830595899195813	-0.491143625364344	-0.0618033988749897
1.07900000000000	0.837528040042141	-0.484291580564316	-0.0312868930080477
1.08000000000000	0.844327925502016	-0.475528258147577	2.94063787148146e-15
1.08100000000000	0.850994481794691	-0.464888242944126	0.0312868930080479
1.08200000000000	0.857526656193653	-0.452413526233009	0.0618033988749899
1.08300000000000	0.863923417192835	-0.438153340021934	0.0907980999479087
1.08400000000000	0.870183754669525	-0.422163962751009	0.117557050458498
1.08500000000000	0.876306680043863	-0.404508497187474	0.141421356237307
1.08600000000000	0.882291226434953	-0.385256621387894	0.161803398874990
1.08700000000000	0.888136448813544	-0.364484313710709	0.178201304837674
1.08800000000000	0.893841424151264	-0.342273552964341	0.190211303259032
1.08900000000000	0.899405251566371	-0.318711994874346	0.197537668119027
1.09000000000000	0.904827052466020	-0.293892626146236	0.200000000000000
1.09100000000000	0.910105970684995	-0.267913397489503	0.197537668119027
1.09200000000000	0.915241172620918	-0.240876837050854	0.190211303259029
1.09300000000000	0.920231847365870	-0.212889645782538	0.178201304837674
1.09400000000000	0.925077206834458	-0.184062276342339	0.161803398874988
1.09500000000000	0.929776485888251	-0.154508497187472	0.141421356237309
1.09600000000000	0.934328942456612	-0.124344943582425	0.117557050458495
1.09700000000000	0.938733857653874	-0.0936906572928649	0.0907980999479104
1.09800000000000	0.942990535892865	-0.0626666167821531	0.0618033988749864
1.09900000000000	0.947098304994744	-0.0313952597646561	0.0312868930080442
1.10000000000000	0.951056516295154	2.20560219973841e-15	-7.84516728218212e-16
1.10100000000000	0.954864544746643	0.0313952597646534	-0.0312868930080457
1.10200000000000	0.958521789017376	0.0626666167821504	-0.0618033988749933
1.10300000000000	0.962027671586086	0.0936906572928622	-0.0907980999479067
1.10400000000000	0.965381638833274	0.124344943582429	-0.117557050458496
1.10500000000000	0.968583161128631	0.154508497187470	-0.141421356237310
1.10600000000000	0.971631732914674	0.184062276342343	-0.161803398874992
1.10700000000000	0.974526872786577	0.212889645782536	-0.178201304837673
1.10800000000000	0.977268123568193	0.240876837050858	-0.190211303259031
1.10900000000000	0.979855052384247	0.267913397489494	-0.197537668119028
1.11000000000000	0.982287250728689	0.293892626146240	-0.200000000000000
1.11100000000000	0.984564334529205	0.318711994874344	-0.197537668119028
1.11200000000000	0.986685944207868	0.342273552964344	-0.190211303259030
1.11300000000000	0.988651744737914	0.364484313710707	-0.178201304837673
1.11400000000000	0.990461425696651	0.385256621387897	-0.161803398874986
1.11500000000000	0.992114701314478	0.404508497187472	-0.141421356237310
1.11600000000000	0.993611310520009	0.422163962751007	-0.117557050458492
1.11700000000000	0.994951016981300	0.438153340021932	-0.0907980999479073
1.11800000000000	0.996133609143173	0.452413526233011	-0.0618033988749884
1.11900000000000	0.997158900260614	0.464888242944125	-0.0312868930080463
1.12000000000000	0.998026728428272	0.475528258147576	4.31273747103577e-15
1.12100000000000	0.998736956606017	0.484291580564316	0.0312868930080436
1.12200000000000	0.999289472640589	0.491143625364345	0.0618033988749912
1.12300000000000	0.999684189283300	0.496057350657238	0.0907980999479099
1.12400000000000	0.999921044203816	0.499013364214136	0.117557050458499
1.12500000000000	1.00000000000000	0.500000000000000	0.141421356237308
1.12600000000000	0.999921044203816	0.499013364214136	0.161803398874991
1.12700000000000	0.999684189283300	0.496057350657239	0.178201304837674
1.12800000000000	0.999289472640589	0.491143625364344	0.190211303259032
1.12900000000000	0.998736956606017	0.484291580564316	0.197537668119027
1.13000000000000	0.998026728428272	0.475528258147577	0.200000000000000
1.13100000000000	0.997158900260614	0.464888242944125	0.197537668119027
1.13200000000000	0.996133609143172	0.452413526233008	0.190211303259029
1.13300000000000	0.994951016981300	0.438153340021933	0.178201304837674
1.13400000000000	0.993611310520008	0.422163962751008	0.161803398874987
1.13500000000000	0.992114701314478	0.404508497187473	0.141421356237308
1.13600000000000	0.990461425696651	0.385256621387893	0.117557050458493
1.13700000000000	0.988651744737914	0.364484313710708	0.0907980999479092
1.13800000000000	0.986685944207868	0.342273552964345	0.0618033988749851
1.13900000000000	0.984564334529206	0.318711994874344	0.0312868930080428
1.14000000000000	0.982287250728689	0.293892626146235	-2.15661632777252e-15
1.14100000000000	0.979855052384247	0.267913397489501	-0.0312868930080471
1.14200000000000	0.977268123568193	0.240876837050853	-0.0618033988749946
1.14300000000000	0.974526872786577	0.212889645782536	-0.0907980999479080
1.14400000000000	0.971631732914674	0.184062276342338	-0.117557050458497
1.14500000000000	0.968583161128631	0.154508497187478	-0.141421356237311
1.14600000000000	0.965381638833274	0.124344943582423	-0.161803398874993
1.14700000000000	0.962027671586086	0.0936906572928632	-0.178201304837673
1.14800000000000	0.958521789017376	0.0626666167821514	-0.190211303259032
1.14900000000000	0.954864544746643	0.0313952597646544	-0.197537668119028
1.15000000000000	0.951056516295153	-3.92072669918130e-15	-0.200000000000000
1.15100000000000	0.947098304994744	-0.0313952597646551	-0.197537668119028
1.15200000000000	0.942990535892864	-0.0626666167821521	-0.190211303259029
1.15300000000000	0.938733857653875	-0.0936906572928639	-0.178201304837672
1.15400000000000	0.934328942456613	-0.124344943582424	-0.161803398874992
1.15500000000000	0.929776485888252	-0.154508497187472	-0.141421356237309
1.15600000000000	0.925077206834459	-0.184062276342338	-0.117557050458495
1.15700000000000	0.920231847365871	-0.212889645782537	-0.0907980999479060
1.15800000000000	0.915241172620918	-0.240876837050854	-0.0618033988749925
1.15900000000000	0.910105970684996	-0.267913397489496	-0.0312868930080449
1.16000000000000	0.904827052466020	-0.293892626146235	4.95184509270686e-19
1.16100000000000	0.899405251566371	-0.318711994874345	0.0312868930080449
1.16200000000000	0.893841424151264	-0.342273552964340	0.0618033988749871
1.16300000000000	0.888136448813545	-0.364484313710703	0.0907980999479111
1.16400000000000	0.882291226434954	-0.385256621387893	0.117557050458491
1.16500000000000	0.876306680043864	-0.404508497187473	0.141421356237309
1.16600000000000	0.870183754669526	-0.422163962751004	0.161803398874988
1.16700000000000	0.863923417192835	-0.438153340021933	0.178201304837675
1.16800000000000	0.857526656193653	-0.452413526233009	0.190211303259029
1.16900000000000	0.850994481794692	-0.464888242944125	0.197537668119028
1.17000000000000	0.844327925502016	-0.475528258147575	0.200000000000000
1.17100000000000	0.837528040042141	-0.484291580564316	0.197537668119027
1.17200000000000	0.830595899195814	-0.491143625364344	0.190211303259032
1.17300000000000	0.823532597628428	-0.496057350657239	0.178201304837673
1.17400000000000	0.816339250717185	-0.499013364214136	0.161803398874990
1.17500000000000	0.809016994374948	-0.500000000000000	0.141421356237307
1.17600000000000	0.801566984870877	-0.499013364214136	0.117557050458497
1.17700000000000	0.793990398647835	-0.496057350657239	0.0907980999479080
1.17800000000000	0.786288432136620	-0.491143625364345	0.0618033988749892
1.17900000000000	0.778462301567024	-0.484291580564315	0.0312868930080471
1.18000000000000	0.770513242775790	-0.475528258147578	2.15562595875398e-15
1.18100000000000	0.762442511011448	-0.464888242944127	-0.0312868930080484
1.18200000000000	0.754251380736104	-0.452413526233011	-0.0618033988749905
1.18300000000000	0.745941145424182	-0.438153340021932	-0.0907980999479092
1.18400000000000	0.737513117358174	-0.422163962751011	-0.117557050458493
1.18500000000000	0.728968627421411	-0.404508497187472	-0.141421356237312
1.18600000000000	0.720309024887908	-0.385256621387896	-0.161803398874987
1.18700000000000	0.711535677209285	-0.364484313710706	-0.178201304837674
1.18800000000000	0.702649969798851	-0.342273552964349	-0.190211303259030
1.18900000000000	0.693653305812804	-0.318711994874343	-0.197537668119028
1.19000000000000	0.684547105928690	-0.293892626146239	-0.200000000000000
1.19100000000000	0.675332808121025	-0.267913397489500	-0.197537668119027
1.19200000000000	0.666011867434253	-0.240876837050858	-0.190211303259031
1.19300000000000	0.656585755752957	-0.212889645782535	-0.178201304837672
1.19400000000000	0.647055961569445	-0.184062276342343	-0.161803398874991
1.19500000000000	0.637423989748690	-0.154508497187476	-0.141421356237308
1.19600000000000	0.627691361290701	-0.124344943582428	-0.117557050458494
1.19700000000000	0.617859613090334	-0.0936906572928615	-0.0907980999479099
1.19800000000000	0.607930297694606	-0.0626666167821568	-0.0618033988749912
1.19900000000000	0.597904983057519	-0.0313952597646527	-0.0312868930080436
1.20000000000000	0.587785252292474	-1.46957615897682e-15	1.37259478406358e-15
1.20100000000000	0.577572703422267	0.0313952597646568	0.0312868930080463
1.20200000000000	0.567268949126757	0.0626666167821468	0.0618033988749884
1.20300000000000	0.556875616488188	0.0936906572928656	0.0907980999479123
1.20400000000000	0.546394346734271	0.124344943582425	0.117557050458492
1.20500000000000	0.535826794978996	0.154508497187473	0.141421356237310
1.20600000000000	0.525174629961297	0.184062276342333	0.161803398874989
1.20700000000000	0.514439533781506	0.212889645782539	0.178201304837675
1.20800000000000	0.503623201635762	0.240876837050855	0.190211303259030
1.20900000000000	0.492727341548292	0.267913397489497	0.197537668119028
1.21000000000000	0.481753674101716	0.293892626146237	0.200000000000000
1.21100000000000	0.470703932165333	0.318711994874346	0.197537668119027
1.21200000000000	0.459579860621489	0.342273552964342	0.190211303259031
1.21300000000000	0.448383216090032	0.364484313710704	0.178201304837673
1.21400000000000	0.437115766650934	0.385256621387894	0.161803398874989
1.21500000000000	0.425779291565073	0.404508497187474	0.141421356237306
1.21600000000000	0.414375580993285	0.422163962751005	0.117557050458496
1.21700000000000	0.402906435713662	0.438153340021934	0.0907980999479067
1.21800000000000	0.391373666837203	0.452413526233009	0.0618033988749879
1.21900000000000	0.379779095521801	0.464888242944126	0.0312868930080457
1.22000000000000	0.368124552684678	0.475528258147575	7.83526359199671e-16
1.22100000000000	0.356411878713250	0.484291580564316	-0.0312868930080498
1.22200000000000	0.344642923174517	0.491143625364344	-0.0618033988749864
1.22300000000000	0.332819544522986	0.496057350657239	-0.0907980999479104
1.22400000000000	0.320943609807211	0.499013364214135	-0.117557050458495
1.22500000000000	0.309016994374946	0.500000000000000	-0.141421356237313
1.22600000000000	0.297041581577036	0.499013364214136	-0.161803398874988
1.22700000000000	0.285019262469975	0.496057350657239	-0.178201304837674
1.22800000000000	0.272951935517326	0.491143625364344	-0.190211303259031
1.22900000000000	0.260841506289897	0.484291580564315	-0.197537668119028
1.23000000000000	0.248689887164856	0.475528258147578	-0.200000000000000
1.23100000000000	0.236498997023725	0.464888242944126	-0.197537668119027
1.23200000000000	0.224270760949382	0.452413526233010	-0.190211303259030
1.23300000000000	0.212007109922054	0.438153340021931	-0.178201304837671
1.23400000000000	0.199709980514408	0.422163962751010	-0.161803398874990
1.23500000000000	0.187381314585724	0.404508497187471	-0.141421356237307
1.23600000000000	0.175023058975276	0.385256621387895	-0.117557050458493
1.23700000000000	0.162637165194883	0.364484313710705	-0.0907980999479087
1.23800000000000	0.150225589120757	0.342273552964348	-0.0618033988749899
1.23900000000000	0.137790290684637	0.318711994874342	-0.0312868930080422
1.24000000000000	0.125333233564304	0.293892626146238	2.74469438361788e-15
1.24100000000000	0.112856384873481	0.267913397489498	0.0312868930080477
1.24200000000000	0.100361714851216	0.240876837050856	0.0618033988749897
1.24300000000000	0.0878511965507419	0.212889645782533	0.0907980999479135
1.24400000000000	0.0753268055279340	0.184062276342341	0.117557050458493
1.24500000000000	0.0627905195293119	0.154508497187474	0.141421356237311
1.24600000000000	0.0502443181797706	0.124344943582426	0.161803398874990
1.24700000000000	0.0376901826699346	0.0936906572928598	0.178201304837676
1.24800000000000	0.0251300954433383	0.0626666167821550	0.190211303259030
1.24900000000000	0.0125660398833524	0.0313952597646580	0.197537668119028
1.25000000000000	6.12323399573677e-16	-2.45548340466059e-16	0.200000000000000
1.25100000000000	-0.0125660398833530	-0.0313952597646585	0.197537668119027
1.25200000000000	-0.0251300954433371	-0.0626666167821485	0.190211303259031
1.25300000000000	-0.0376901826699351	-0.0936906572928673	0.178201304837672
1.25400000000000	-0.0502443181797694	-0.124344943582427	0.161803398874988
1.25500000000000	-0.0627905195293142	-0.154508497187475	0.141421356237309
1.25600000000000	-0.0753268055279327	-0.184062276342335	0.117557050458495
1.25700000000000	-0.0878511965507442	-0.212889645782540	0.0907980999479055
1.25800000000000	-0.100361714851215	-0.240876837050857	0.0618033988749866
1.25900000000000	-0.112856384873483	-0.267913397489499	0.0312868930080444
1.26000000000000	-0.125333233564303	-0.293892626146238	-5.88573240354636e-16
1.26100000000000	-0.137790290684639	-0.318711994874348	-0.0312868930080511
1.26200000000000	-0.150225589120756	-0.342273552964343	-0.0618033988749877
1.26300000000000	-0.162637165194885	-0.364484313710706	-0.0907980999479116
1.26400000000000	-0.175023058975275	-0.385256621387895	-0.117557050458496
1.26500000000000	-0.187381314585725	-0.404508497187475	-0.141421356237314
1.26600000000000	-0.199709980514406	-0.422163962751006	-0.161803398874989
1.26700000000000	-0.212007109922055	-0.438153340021931	-0.178201304837675
1.26800000000000	-0.224270760949381	-0.452413526233010	-0.190211303259031
1.26900000000000	-0.236498997023725	-0.464888242944127	-0.197537668119029
1.27000000000000	-0.248689887164855	-0.475528258147576	-0.200000000000000
1.27100000000000	-0.260841506289898	-0.484291580564317	-0.197537668119027
1.27200000000000	-0.272951935517325	-0.491143625364344	-0.190211303259030
1.27300000000000	-0.285019262469977	-0.496057350657239	-0.178201304837670
1.27400000000000	-0.297041581577033	-0.499013364214136	-0.161803398874989
1.27500000000000	-0.309016994374949	-0.500000000000000	-0.141421356237306
1.27600000000000	-0.320943609807210	-0.499013364214136	-0.117557050458492
1.27700000000000	-0.332819544522986	-0.496057350657239	-0.0907980999479074
1.27800000000000	-0.344642923174516	-0.491143625364344	-0.0618033988749886
1.27900000000000	-0.356411878713252	-0.484291580564315	-0.0312868930080409
1.28000000000000	-0.368124552684679	-0.475528258147577	-1.56754790290861e-15
1.28100000000000	-0.379779095521801	-0.464888242944128	0.0312868930080434
1.28200000000000	-0.391373666837202	-0.452413526233009	0.0618033988749910
1.28300000000000	-0.402906435713661	-0.438153340021934	0.0907980999479097
1.28400000000000	-0.414375580993285	-0.422163962751009	0.117557050458494
1.28500000000000	-0.425779291565070	-0.404508497187474	0.141421356237308
1.28600000000000	-0.437115766650933	-0.385256621387894	0.161803398874991
1.28700000000000	-0.448383216090031	-0.364484313710709	0.178201304837671
1.28800000000000	-0.459579860621486	-0.342273552964347	0.190211303259031
1.28900000000000	-0.470703932165330	-0.318711994874346	0.197537668119027
1.29000000000000	-0.481753674101715	-0.293892626146236	0.200000000000000
1.29100000000000	-0.492727341548291	-0.267913397489503	0.197537668119028
1.29200000000000	-0.503623201635760	-0.240876837050861	0.190211303259031
1.29300000000000	-0.514439533781505	-0.212889645782538	0.178201304837674
1.29400000000000	-0.525174629961296	-0.184062276342339	0.161803398874987
1.29500000000000	-0.535826794978996	-0.154508497187479	0.141421356237312
1.29600000000000	-0.546394346734268	-0.124344943582425	0.117557050458494
1.29700000000000	-0.556875616488187	-0.0936906572928651	0.0907980999479094
1.29800000000000	-0.567268949126757	-0.0626666167821534	0.0618033988749907
1.29900000000000	-0.577572703422268	-0.0313952597646634	0.0312868930080486
1.30000000000000	-0.587785252292473	1.96067283990894e-15	-1.96067283990894e-15
1.30100000000000	-0.597904983057518	0.0313952597646531	-0.0312868930080469
1.30200000000000	-0.607930297694606	0.0626666167821502	-0.0618033988749890
1.30300000000000	-0.617859613090332	0.0936906572928620	-0.0907980999479078
1.30400000000000	-0.627691361290700	0.124344943582429	-0.117557050458497
1.30500000000000	-0.637423989748689	0.154508497187470	-0.141421356237307
1.30600000000000	-0.647055961569443	0.184062276342336	-0.161803398874990
1.30700000000000	-0.656585755752955	0.212889645782535	-0.178201304837673
1.30800000000000	-0.666011867434252	0.240876837050858	-0.190211303259032
1.30900000000000	-0.675332808121024	0.267913397489494	-0.197537668119027
1.31000000000000	-0.684547105928688	0.293892626146234	-0.200000000000000
1.31100000000000	-0.693653305812803	0.318711994874343	-0.197537668119028
1.31200000000000	-0.702649969798850	0.342273552964344	-0.190211303259029
1.31300000000000	-0.711535677209285	0.364484313710702	-0.178201304837675
1.31400000000000	-0.720309024887906	0.385256621387897	-0.161803398874989
1.31500000000000	-0.728968627421410	0.404508497187472	-0.141421356237309
1.31600000000000	-0.737513117358175	0.422163962751007	-0.117557050458491
1.31700000000000	-0.745941145424182	0.438153340021929	-0.0907980999479113
1.31800000000000	-0.754251380736104	0.452413526233011	-0.0618033988749873
1.31900000000000	-0.762442511011447	0.464888242944125	-0.0312868930080451
1.32000000000000	-0.770513242775790	0.475528258147576	-1.95448303354306e-16
1.32100000000000	-0.778462301567022	0.484291580564316	0.0312868930080448
1.32200000000000	-0.786288432136619	0.491143625364345	0.0618033988749923
1.32300000000000	-0.793990398647835	0.496057350657238	0.0907980999479059
1.32400000000000	-0.801566984870878	0.499013364214136	0.117557050458495
1.32500000000000	-0.809016994374946	0.500000000000000	0.141421356237309
1.32600000000000	-0.816339250717184	0.499013364214136	0.161803398874992
1.32700000000000	-0.823532597628427	0.496057350657239	0.178201304837672
1.32800000000000	-0.830595899195812	0.491143625364344	0.190211303259031
1.32900000000000	-0.837528040042141	0.484291580564316	0.197537668119028
1.33000000000000	-0.844327925502016	0.475528258147577	0.200000000000000
1.33100000000000	-0.850994481794692	0.464888242944128	0.197537668119028
1.33200000000000	-0.857526656193652	0.452413526233008	0.190211303259030
1.33300000000000	-0.863923417192834	0.438153340021933	0.178201304837673
1.33400000000000	-0.870183754669526	0.422163962751008	0.161803398874986
1.33500000000000	-0.876306680043864	0.404508497187477	0.141421356237311
1.33600000000000	-0.882291226434953	0.385256621387893	0.117557050458493
1.33700000000000	-0.888136448813544	0.364484313710708	0.0907980999479081
1.33800000000000	-0.893841424151265	0.342273552964345	0.0618033988749894
1.33900000000000	-0.899405251566370	0.318711994874345	0.0312868930080473
1.34000000000000	-0.904827052466020	0.293892626146235	-3.33277243946325e-15
1.34100000000000	-0.910105970684995	0.267913397489501	-0.0312868930080482
1.34200000000000	-0.915241172620918	0.240876837050859	-0.0618033988749903
1.34300000000000	-0.920231847365869	0.212889645782537	-0.0907980999479090
1.34400000000000	-0.925077206834458	0.184062276342338	-0.117557050458498
1.34500000000000	-0.929776485888251	0.154508497187478	-0.141421356237307
1.34600000000000	-0.934328942456612	0.124344943582423	-0.161803398874990
1.34700000000000	-0.938733857653873	0.0936906572928634	-0.178201304837674
1.34800000000000	-0.942990535892865	0.0626666167821516	-0.190211303259032
1.34900000000000	-0.947098304994744	0.0313952597646617	-0.197537668119027
1.35000000000000	-0.951056516295153	-3.67579733935182e-15	-0.200000000000000
1.35100000000000	-0.954864544746643	-0.0313952597646549	-0.197537668119027
1.35200000000000	-0.958521789017376	-0.0626666167821519	-0.190211303259029
1.35300000000000	-0.962027671586086	-0.0936906572928567	-0.178201304837674
1.35400000000000	-0.965381638833274	-0.124344943582430	-0.161803398874988
1.35500000000000	-0.968583161128631	-0.154508497187471	-0.141421356237308
1.35600000000000	-0.971631732914674	-0.184062276342338	-0.117557050458494
1.35700000000000	-0.974526872786577	-0.212889645782537	-0.0907980999479100
1.35800000000000	-0.977268123568193	-0.240876837050860	-0.0618033988749860
1.35900000000000	-0.979855052384247	-0.267913397489496	-0.0312868930080438
1.36000000000000	-0.982287250728689	-0.293892626146235	1.17665129620000e-15
1.36100000000000	-0.984564334529205	-0.318711994874345	0.0312868930080461
1.36200000000000	-0.986685944207868	-0.342273552964345	0.0618033988749936
1.36300000000000	-0.988651744737914	-0.364484313710703	0.0907980999479071
1.36400000000000	-0.990461425696651	-0.385256621387898	0.117557050458496
1.36500000000000	-0.992114701314478	-0.404508497187473	0.141421356237310
1.36600000000000	-0.993611310520009	-0.422163962751008	0.161803398874992
1.36700000000000	-0.994951016981300	-0.438153340021930	0.178201304837673
1.36800000000000	-0.996133609143172	-0.452413526233011	0.190211303259032
1.36900000000000	-0.997158900260614	-0.464888242944125	0.197537668119028
1.37000000000000	-0.998026728428272	-0.475528258147577	0.200000000000000
1.37100000000000	-0.998736956606018	-0.484291580564316	0.197537668119028
1.37200000000000	-0.999289472640589	-0.491143625364345	0.190211303259030
1.37300000000000	-0.999684189283300	-0.496057350657239	0.178201304837673
1.37400000000000	-0.999921044203816	-0.499013364214136	0.161803398874986
1.37500000000000	-1.00000000000000	-0.500000000000000	0.141421356237310
1.37600000000000	-0.999921044203816	-0.499013364214136	0.117557050458491
1.37700000000000	-0.999684189283300	-0.496057350657239	0.0907980999479069
1.37800000000000	-0.999289472640589	-0.491143625364345	0.0618033988749880
1.37900000000000	-0.998736956606018	-0.484291580564315	0.0312868930080459
1.38000000000000	-0.998026728428272	-0.475528258147576	-4.70487203901755e-15
1.38100000000000	-0.997158900260614	-0.464888242944127	-0.0312868930080440
1.38200000000000	-0.996133609143173	-0.452413526233008	-0.0618033988749916
1.38300000000000	-0.994951016981300	-0.438153340021932	-0.0907980999479102
1.38400000000000	-0.993611310520008	-0.422163962751007	-0.117557050458499
1.38500000000000	-0.992114701314478	-0.404508497187476	-0.141421356237308
1.38600000000000	-0.990461425696651	-0.385256621387892	-0.161803398874991
1.38700000000000	-0.988651744737914	-0.364484313710707	-0.178201304837674
1.38800000000000	-0.986685944207868	-0.342273552964344	-0.190211303259033
1.38900000000000	-0.984564334529205	-0.318711994874343	-0.197537668119027
1.39000000000000	-0.982287250728689	-0.293892626146234	-0.200000000000000
1.39100000000000	-0.979855052384247	-0.267913397489500	-0.197537668119027
1.39200000000000	-0.977268123568193	-0.240876837050858	-0.190211303259029
1.39300000000000	-0.974526872786577	-0.212889645782535	-0.178201304837674
1.39400000000000	-0.971631732914674	-0.184062276342336	-0.161803398874987
1.39500000000000	-0.968583161128631	-0.154508497187476	-0.141421356237307
1.39600000000000	-0.965381638833273	-0.124344943582428	-0.117557050458493
1.39700000000000	-0.962027671586086	-0.0936906572928617	-0.0907980999479088
1.39800000000000	-0.958521789017376	-0.0626666167821500	-0.0618033988749847
1.39900000000000	-0.954864544746643	-0.0313952597646600	-0.0312868930080480
1.40000000000000	-0.951056516295154	5.39092183879471e-15	2.54875089575431e-15
1.40100000000000	-0.947098304994745	0.0313952597646566	0.0312868930080475
1.40200000000000	-0.942990535892864	0.0626666167821536	0.0618033988749950
1.40300000000000	-0.938733857653874	0.0936906572928584	0.0907980999479083
1.40400000000000	-0.934328942456612	0.124344943582432	0.117557050458497
1.40500000000000	-0.929776485888252	0.154508497187473	0.141421356237311
1.40600000000000	-0.925077206834457	0.184062276342340	0.161803398874993
1.40700000000000	-0.920231847365870	0.212889645782538	0.178201304837673
1.40800000000000	-0.915241172620919	0.240876837050855	0.190211303259030
1.40900000000000	-0.910105970684996	0.267913397489497	0.197537668119028
1.41000000000000	-0.904827052466020	0.293892626146231	0.200000000000000
1.41100000000000	-0.899405251566370	0.318711994874346	0.197537668119028
1.41200000000000	-0.893841424151265	0.342273552964342	0.190211303259031
1.41300000000000	-0.888136448813545	0.364484313710704	0.178201304837672
1.41400000000000	-0.882291226434954	0.385256621387894	0.161803398874992
1.41500000000000	-0.876306680043864	0.404508497187474	0.141421356237309
1.41600000000000	-0.870183754669527	0.422163962751005	0.117557050458495
1.41700000000000	-0.863923417192835	0.438153340021930	0.0907980999479057
1.41800000000000	-0.857526656193653	0.452413526233009	0.0618033988749922
1.41900000000000	-0.850994481794693	0.464888242944126	0.0312868930080446
1.42000000000000	-0.844327925502016	0.475528258147575	-3.92629752491059e-16
1.42100000000000	-0.837528040042141	0.484291580564315	-0.0312868930080453
1.42200000000000	-0.830595899195813	0.491143625364344	-0.0618033988749875
1.42300000000000	-0.823532597628428	0.496057350657239	-0.0907980999479115
1.42400000000000	-0.816339250717185	0.499013364214135	-0.117557050458491
1.42500000000000	-0.809016994374947	0.500000000000000	-0.141421356237309
1.42600000000000	-0.801566984870879	0.499013364214136	-0.161803398874989
1.42700000000000	-0.793990398647836	0.496057350657239	-0.178201304837675
1.42800000000000	-0.786288432136620	0.491143625364346	-0.190211303259030
1.42900000000000	-0.778462301567022	0.484291580564315	-0.197537668119028
1.43000000000000	-0.770513242775791	0.475528258147578	-0.200000000000000
1.43100000000000	-0.762442511011448	0.464888242944126	-0.197537668119027
1.43200000000000	-0.754251380736104	0.452413526233010	-0.190211303259032
1.43300000000000	-0.745941145424183	0.438153340021931	-0.178201304837673
1.43400000000000	-0.737513117358175	0.422163962751010	-0.161803398874989
1.43500000000000	-0.728968627421411	0.404508497187475	-0.141421356237306
1.43600000000000	-0.720309024887907	0.385256621387895	-0.117557050458497
1.43700000000000	-0.711535677209286	0.364484313710705	-0.0907980999479076
1.43800000000000	-0.702649969798851	0.342273552964348	-0.0618033988749888
1.43900000000000	-0.693653305812804	0.318711994874347	-0.0312868930080467
1.44000000000000	-0.684547105928689	0.293892626146238	-1.76349139077219e-15
1.44100000000000	-0.675332808121025	0.267913397489498	0.0312868930080488
1.44200000000000	-0.666011867434253	0.240876837050863	0.0618033988749908
1.44300000000000	-0.656585755752956	0.212889645782534	0.0907980999479095
1.44400000000000	-0.647055961569444	0.184062276342341	0.117557050458494
1.44500000000000	-0.637423989748690	0.154508497187475	0.141421356237312
1.44600000000000	-0.627691361290701	0.124344943582434	0.161803398874987
1.44700000000000	-0.617859613090333	0.0936906572928600	0.178201304837674
1.44800000000000	-0.607930297694607	0.0626666167821553	0.190211303259031
1.44900000000000	-0.597904983057519	0.0313952597646583	0.197537668119028
1.45000000000000	-0.587785252292474	-6.18980636588358e-19	0.200000000000000
1.45100000000000	-0.577572703422269	-0.0313952597646583	0.197537668119027
1.45200000000000	-0.567268949126758	-0.0626666167821482	0.190211303259031
1.45300000000000	-0.556875616488188	-0.0936906572928600	0.178201304837671
1.45400000000000	-0.546394346734269	-0.124344943582427	0.161803398874991
1.45500000000000	-0.535826794978998	-0.154508497187475	0.141421356237308
1.45600000000000	-0.525174629961297	-0.184062276342335	0.117557050458494
1.45700000000000	-0.514439533781506	-0.212889645782534	0.0907980999479095
1.45800000000000	-0.503623201635761	-0.240876837050856	0.0618033988749908
1.45900000000000	-0.492727341548292	-0.267913397489498	0.0312868930080432
1.46000000000000	-0.481753674101717	-0.293892626146232	-1.76472935204537e-15
1.46100000000000	-0.470703932165331	-0.318711994874347	-0.0312868930080467
1.46200000000000	-0.459579860621487	-0.342273552964343	-0.0618033988749888
1.46300000000000	-0.448383216090032	-0.364484313710705	-0.0907980999479127
1.46400000000000	-0.437115766650934	-0.385256621387891	-0.117557050458492
1.46500000000000	-0.425779291565071	-0.404508497187475	-0.141421356237310
1.46600000000000	-0.414375580993286	-0.422163962751006	-0.161803398874989
1.46700000000000	-0.402906435713662	-0.438153340021931	-0.178201304837676
1.46800000000000	-0.391373666837203	-0.452413526233010	-0.190211303259030
1.46900000000000	-0.379779095521802	-0.464888242944126	-0.197537668119028
1.47000000000000	-0.368124552684680	-0.475528258147576	-0.200000000000000
1.47100000000000	-0.356411878713250	-0.484291580564315	-0.197537668119027
1.47200000000000	-0.344642923174517	-0.491143625364344	-0.190211303259031
1.47300000000000	-0.332819544522988	-0.496057350657239	-0.178201304837672
1.47400000000000	-0.320943609807211	-0.499013364214136	-0.161803398874989
1.47500000000000	-0.309016994374946	-0.500000000000000	-0.141421356237305
1.47600000000000	-0.297041581577035	-0.499013364214136	-0.117557050458496
1.47700000000000	-0.285019262469977	-0.496057350657239	-0.0907980999479064
1.47800000000000	-0.272951935517326	-0.491143625364345	-0.0618033988749875
1.47900000000000	-0.260841506289895	-0.484291580564315	-0.0312868930080453
1.48000000000000	-0.248689887164854	-0.475528258147577	-3.91391791217882e-16
1.48100000000000	-0.236498997023725	-0.464888242944126	0.0312868930080502
1.48200000000000	-0.224270760949382	-0.452413526233012	0.0618033988749868
1.48300000000000	-0.212007109922053	-0.438153340021930	0.0907980999479108
1.48400000000000	-0.199709980514409	-0.422163962751009	0.117557050458495
1.48500000000000	-0.187381314585724	-0.404508497187474	0.141421356237313
1.48600000000000	-0.175023058975276	-0.385256621387894	0.161803398874988
1.48700000000000	-0.162637165194885	-0.364484313710704	0.178201304837675
1.48800000000000	-0.150225589120759	-0.342273552964347	0.190211303259031
1.48900000000000	-0.137790290684637	-0.318711994874346	0.197537668119028
1.49000000000000	-0.125333233564304	-0.293892626146237	0.200000000000000
1.49100000000000	-0.112856384873482	-0.267913397489497	0.197537668119027
1.49200000000000	-0.100361714851216	-0.240876837050861	0.190211303259030
1.49300000000000	-0.0878511965507420	-0.212889645782532	0.178201304837671
1.49400000000000	-0.0753268055279323	-0.184062276342340	0.161803398874990
1.49500000000000	-0.0627905195293137	-0.154508497187473	0.141421356237307
1.49600000000000	-0.0502443181797707	-0.124344943582432	0.117557050458493
1.49700000000000	-0.0376901826699329	-0.0936906572928584	0.0907980999479083
1.49800000000000	-0.0251300954433367	-0.0626666167821536	0.0618033988749895
1.49900000000000	-0.0125660398833526	-0.0313952597646566	0.0312868930080418
1.50000000000000	-7.34788079488412e-16	-5.38968387752153e-15	2.54751293448113e-15
1.50100000000000	0.0125660398833546	0.0313952597646600	-0.0312868930080480
1.50200000000000	0.0251300954433352	0.0626666167821500	-0.0618033988749901
1.50300000000000	0.0376901826699350	0.0936906572928617	-0.0907980999479139
1.50400000000000	0.0502443181797692	0.124344943582428	-0.117557050458493
1.50500000000000	0.0627905195293158	0.154508497187476	-0.141421356237311
1.50600000000000	0.0753268055279308	0.184062276342336	-0.161803398874990
1.50700000000000	0.0878511965507441	0.212889645782535	-0.178201304837676
1.50800000000000	0.100361714851215	0.240876837050858	-0.190211303259030
1.50900000000000	0.112856384873481	0.267913397489500	-0.197537668119028
1.51000000000000	0.125333233564303	0.293892626146234	-0.200000000000000
1.51100000000000	0.137790290684639	0.318711994874349	-0.197537668119027
1.51200000000000	0.150225589120758	0.342273552964344	-0.190211303259031
1.51300000000000	0.162637165194883	0.364484313710707	-0.178201304837672
1.51400000000000	0.175023058975275	0.385256621387892	-0.161803398874988
1.51500000000000	0.187381314585726	0.404508497187476	-0.141421356237308
1.51600000000000	0.199709980514408	0.422163962751007	-0.117557050458494
1.51700000000000	0.212007109922055	0.438153340021932	-0.0907980999479052
1.51800000000000	0.224270760949381	0.452413526233011	-0.0618033988749862
1.51900000000000	0.236498997023727	0.464888242944127	-0.0312868930080440
1.52000000000000	0.248689887164853	0.475528258147576	9.80707808336424e-16
1.52100000000000	0.260841506289897	0.484291580564315	0.0312868930080515
1.52200000000000	0.272951935517325	0.491143625364345	0.0618033988749880
1.52300000000000	0.285019262469979	0.496057350657239	0.0907980999479120
1.52400000000000	0.297041581577033	0.499013364214136	0.117557050458496
1.52500000000000	0.309016994374948	0.500000000000000	0.141421356237314
1.52600000000000	0.320943609807210	0.499013364214136	0.161803398874989
1.52700000000000	0.332819544522986	0.496057350657239	0.178201304837675
1.52800000000000	0.344642923174516	0.491143625364345	0.190211303259031
1.52900000000000	0.356411878713252	0.484291580564314	0.197537668119029
1.53000000000000	0.368124552684679	0.475528258147577	0.200000000000000
1.53100000000000	0.379779095521801	0.464888242944125	0.197537668119027
1.53200000000000	0.391373666837202	0.452413526233011	0.190211303259030
1.53300000000000	0.402906435713664	0.438153340021930	0.178201304837670
1.53400000000000	0.414375580993285	0.422163962751008	0.161803398874989
1.53500000000000	0.425779291565073	0.404508497187473	0.141421356237306
1.53600000000000	0.437115766650932	0.385256621387893	0.117557050458492
1.53700000000000	0.448383216090031	0.364484313710708	0.0907980999479122
1.53800000000000	0.459579860621486	0.342273552964345	0.0618033988749882
1.53900000000000	0.470703932165330	0.318711994874350	0.0312868930080461
1.54000000000000	0.481753674101715	0.293892626146235	1.17541333492682e-15
1.54100000000000	0.492727341548291	0.267913397489502	-0.0312868930080438
1.54200000000000	0.503623201635759	0.240876837050860	-0.0618033988749914
1.54300000000000	0.514439533781504	0.212889645782537	-0.0907980999479100
1.54400000000000	0.525174629961296	0.184062276342338	-0.117557050458494
1.54500000000000	0.535826794978996	0.154508497187478	-0.141421356237308
1.54600000000000	0.546394346734268	0.124344943582430	-0.161803398874991
1.54700000000000	0.556875616488186	0.0936906572928636	-0.178201304837672
1.54800000000000	0.567268949126757	0.0626666167821519	-0.190211303259031
1.54900000000000	0.577572703422268	0.0313952597646619	-0.197537668119027
1.55000000000000	0.587785252292472	3.67455937807865e-15	-0.200000000000000
1.55100000000000	0.597904983057518	-0.0313952597646546	-0.197537668119028
1.55200000000000	0.607930297694606	-0.0626666167821516	-0.190211303259030
1.55300000000000	0.617859613090332	-0.0936906572928564	-0.178201304837674
1.55400000000000	0.627691361290700	-0.124344943582430	-0.161803398874987
1.55500000000000	0.637423989748689	-0.154508497187471	-0.141421356237312
1.55600000000000	0.647055961569443	-0.184062276342338	-0.117557050458493
1.55700000000000	0.656585755752954	-0.212889645782530	-0.0907980999479090
1.55800000000000	0.666011867434252	-0.240876837050859	-0.0618033988749903
1.55900000000000	0.675332808121024	-0.267913397489495	-0.0312868930080482
1.56000000000000	0.684547105928688	-0.293892626146235	2.35280740789073e-15
1.56100000000000	0.693653305812803	-0.318711994874345	0.0312868930080473
1.56200000000000	0.702649969798850	-0.342273552964345	0.0618033988749894
1.56300000000000	0.711535677209285	-0.364484313710703	0.0907980999479081
1.56400000000000	0.720309024887906	-0.385256621387893	0.117557050458497
1.56500000000000	0.728968627421410	-0.404508497187473	0.141421356237307
1.56600000000000	0.737513117358174	-0.422163962751008	0.161803398874990
1.56700000000000	0.745941145424182	-0.438153340021929	0.178201304837673
1.56800000000000	0.754251380736103	-0.452413526233008	0.190211303259032
1.56900000000000	0.762442511011447	-0.464888242944125	0.197537668119027
1.57000000000000	0.770513242775790	-0.475528258147577	0.200000000000000
1.57100000000000	0.778462301567022	-0.484291580564314	0.197537668119028
1.57200000000000	0.786288432136619	-0.491143625364345	0.190211303259029
1.57300000000000	0.793990398647835	-0.496057350657239	0.178201304837675
1.57400000000000	0.801566984870878	-0.499013364214136	0.161803398874988
1.57500000000000	0.809016994374946	-0.500000000000000	0.141421356237309
1.57600000000000	0.816339250717184	-0.499013364214136	0.117557050458490
1.57700000000000	0.823532597628427	-0.496057350657239	0.0907980999479109
1.57800000000000	0.830595899195812	-0.491143625364345	0.0618033988749869
1.57900000000000	0.837528040042141	-0.484291580564316	0.0312868930080448
1.58000000000000	0.844327925502015	-0.475528258147576	-1.96686264627483e-16
1.58100000000000	0.850994481794692	-0.464888242944127	-0.0312868930080451
1.58200000000000	0.857526656193652	-0.452413526233011	-0.0618033988749927
1.58300000000000	0.863923417192834	-0.438153340021932	-0.0907980999479062
1.58400000000000	0.870183754669526	-0.422163962751007	-0.117557050458495
1.58500000000000	0.876306680043864	-0.404508497187476	-0.141421356237309
1.58600000000000	0.882291226434953	-0.385256621387897	-0.161803398874992
1.58700000000000	0.888136448813544	-0.364484313710707	-0.178201304837672
1.58800000000000	0.893841424151264	-0.342273552964344	-0.190211303259031
1.58900000000000	0.899405251566370	-0.318711994874349	-0.197537668119028
1.59000000000000	0.904827052466019	-0.293892626146234	-0.200000000000000
1.59100000000000	0.910105970684995	-0.267913397489500	-0.197537668119028
1.59200000000000	0.915241172620918	-0.240876837050858	-0.190211303259030
1.59300000000000	0.920231847365869	-0.212889645782542	-0.178201304837673
1.59400000000000	0.925077206834458	-0.184062276342336	-0.161803398874986
1.59500000000000	0.929776485888251	-0.154508497187476	-0.141421356237311
1.59600000000000	0.934328942456612	-0.124344943582429	-0.117557050458492
1.59700000000000	0.938733857653873	-0.0936906572928620	-0.0907980999479078
1.59800000000000	0.942990535892865	-0.0626666167821502	-0.0618033988749890
1.59900000000000	0.947098304994744	-0.0313952597646602	-0.0312868930080469
1.60000000000000	0.951056516295153	-1.95943487863577e-15	3.72490700744504e-15
1.60100000000000	0.954864544746643	0.0313952597646563	0.0312868930080486
1.60200000000000	0.958521789017376	0.0626666167821534	0.0618033988749907
1.60300000000000	0.962027671586086	0.0936906572928581	0.0907980999479094
1.60400000000000	0.965381638833274	0.124344943582432	0.117557050458498
1.60500000000000	0.968583161128631	0.154508497187473	0.141421356237308
1.60600000000000	0.971631732914674	0.184062276342339	0.161803398874991
1.60700000000000	0.974526872786577	0.212889645782532	0.178201304837674
1.60800000000000	0.977268123568193	0.240876837050861	0.190211303259032
1.60900000000000	0.979855052384247	0.267913397489497	0.197537668119027
1.61000000000000	0.982287250728689	0.293892626146236	0.200000000000000
1.61100000000000	0.984564334529205	0.318711994874340	0.197537668119027
1.61200000000000	0.986685944207868	0.342273552964347	0.190211303259029
1.61300000000000	0.988651744737914	0.364484313710704	0.178201304837674
1.61400000000000	0.990461425696651	0.385256621387894	0.161803398874988
1.61500000000000	0.992114701314478	0.404508497187474	0.141421356237308
1.61600000000000	0.993611310520009	0.422163962751009	0.117557050458494
1.61700000000000	0.994951016981300	0.438153340021930	0.0907980999479097
1.61800000000000	0.996133609143172	0.452413526233009	0.0618033988749856
1.61900000000000	0.997158900260614	0.464888242944126	0.0312868930080434
1.62000000000000	0.998026728428272	0.475528258147577	-1.56878586418179e-15
1.62100000000000	0.998736956606018	0.484291580564315	-0.0312868930080465
1.62200000000000	0.999289472640589	0.491143625364345	-0.0618033988749940
1.62300000000000	0.999684189283300	0.496057350657239	-0.0907980999479074
1.62400000000000	0.999921044203816	0.499013364214136	-0.117557050458496
1.62500000000000	1.00000000000000	0.500000000000000	-0.141421356237310
1.62600000000000	0.999921044203816	0.499013364214136	-0.161803398874993
1.62700000000000	0.999684189283300	0.496057350657239	-0.178201304837673
1.62800000000000	0.999289472640589	0.491143625364344	-0.190211303259032
1.62900000000000	0.998736956606018	0.484291580564317	-0.197537668119028
1.63000000000000	0.998026728428272	0.475528258147576	-0.200000000000000
1.63100000000000	0.997158900260614	0.464888242944127	-0.197537668119027
1.63200000000000	0.996133609143173	0.452413526233010	-0.190211303259030
1.63300000000000	0.994951016981300	0.438153340021931	-0.178201304837672
1.63400000000000	0.993611310520008	0.422163962751006	-0.161803398874989
1.63500000000000	0.992114701314478	0.404508497187475	-0.141421356237310
1.63600000000000	0.990461425696651	0.385256621387895	-0.117557050458496
1.63700000000000	0.988651744737914	0.364484313710706	-0.0907980999479116
1.63800000000000	0.986685944207868	0.342273552964343	-0.0618033988749823
1.63900000000000	0.984564334529205	0.318711994874348	-0.0312868930080399
1.64000000000000	0.982287250728689	0.293892626146232	5.09700660699934e-15
1.64100000000000	0.979855052384247	0.267913397489499	0.0312868930080500
1.64200000000000	0.977268123568193	0.240876837050857	0.0618033988749920
1.64300000000000	0.974526872786577	0.212889645782540	0.0907980999479106
1.64400000000000	0.971631732914674	0.184062276342335	0.117557050458495
1.64500000000000	0.968583161128631	0.154508497187475	0.141421356237309
1.64600000000000	0.965381638833273	0.124344943582427	0.161803398874995
1.64700000000000	0.962027671586086	0.0936906572928603	0.178201304837672
1.64800000000000	0.958521789017376	0.0626666167821485	0.190211303259033
1.64900000000000	0.954864544746643	0.0313952597646585	0.197537668119028
1.65000000000000	0.951056516295154	2.44310379192882e-16	0.200000000000000
1.65100000000000	0.947098304994745	-0.0313952597646580	0.197537668119027
1.65200000000000	0.942990535892864	-0.0626666167821550	0.190211303259030
1.65300000000000	0.938733857653874	-0.0936906572928598	0.178201304837673
1.65400000000000	0.934328942456612	-0.124344943582426	0.161803398874990
1.65500000000000	0.929776485888252	-0.154508497187474	0.141421356237311
1.65600000000000	0.925077206834457	-0.184062276342341	0.117557050458488
1.65700000000000	0.920231847365870	-0.212889645782533	0.0907980999479034
1.65800000000000	0.915241172620918	-0.240876837050862	0.0618033988749843
1.65900000000000	0.910105970684996	-0.267913397489498	0.0312868930080420
1.66000000000000	0.904827052466019	-0.293892626146238	-2.94088546373610e-15
1.66100000000000	0.899405251566371	-0.318711994874342	-0.0312868930080479
1.66200000000000	0.893841424151264	-0.342273552964348	-0.0618033988749899
1.66300000000000	0.888136448813545	-0.364484313710705	-0.0907980999479087
1.66400000000000	0.882291226434952	-0.385256621387895	-0.117557050458502
1.66500000000000	0.876306680043864	-0.404508497187475	-0.141421356237307
1.66600000000000	0.870183754669527	-0.422163962751006	-0.161803398874987
1.66700000000000	0.863923417192835	-0.438153340021931	-0.178201304837676
1.66800000000000	0.857526656193653	-0.452413526233007	-0.190211303259029
1.66900000000000	0.850994481794693	-0.464888242944126	-0.197537668119028
1.67000000000000	0.844327925502016	-0.475528258147576	-0.200000000000000
1.67100000000000	0.837528040042141	-0.484291580564315	-0.197537668119027
1.67200000000000	0.830595899195813	-0.491143625364343	-0.190211303259031
1.67300000000000	0.823532597628428	-0.496057350657239	-0.178201304837674
1.67400000000000	0.816339250717185	-0.499013364214136	-0.161803398874991
1.67500000000000	0.809016994374947	-0.500000000000000	-0.141421356237305
1.67600000000000	0.801566984870879	-0.499013364214136	-0.117557050458499
1.67700000000000	0.793990398647836	-0.496057350657239	-0.0907980999479053
1.67800000000000	0.786288432136620	-0.491143625364345	-0.0618033988749864
1.67900000000000	0.778462301567023	-0.484291580564316	-0.0312868930080442
1.68000000000000	0.770513242775791	-0.475528258147577	7.84764320472847e-16
1.68100000000000	0.762442511011448	-0.464888242944126	0.0312868930080457
1.68200000000000	0.754251380736104	-0.452413526233012	0.0618033988749879
1.68300000000000	0.745941145424183	-0.438153340021930	0.0907980999479067
1.68400000000000	0.737513117358176	-0.422163962751009	0.117557050458491
1.68500000000000	0.728968627421411	-0.404508497187474	0.141421356237314
1.68600000000000	0.720309024887907	-0.385256621387899	0.161803398874986
1.68700000000000	0.711535677209286	-0.364484313710704	0.178201304837675
1.68800000000000	0.702649969798851	-0.342273552964347	0.190211303259031
1.68900000000000	0.693653305812804	-0.318711994874346	0.197537668119028
1.69000000000000	0.684547105928689	-0.293892626146237	0.200000000000000
1.69100000000000	0.675332808121025	-0.267913397489497	0.197537668119028
1.69200000000000	0.666011867434253	-0.240876837050861	0.190211303259032
1.69300000000000	0.656585755752956	-0.212889645782539	0.178201304837670
1.69400000000000	0.647055961569444	-0.184062276342340	0.161803398874993
1.69500000000000	0.637423989748690	-0.154508497187473	0.141421356237306
1.69600000000000	0.627691361290701	-0.124344943582432	0.117557050458492
1.69700000000000	0.617859613090333	-0.0936906572928656	0.0907980999479073
1.69800000000000	0.607930297694608	-0.0626666167821538	0.0618033988749884
1.69900000000000	0.597904983057519	-0.0313952597646568	0.0312868930080463
1.70000000000000	0.587785252292474	-5.63461323735100e-15	1.37135682279040e-15
1.70100000000000	0.577572703422269	0.0313952597646597	-0.0312868930080436
1.70200000000000	0.567268949126759	0.0626666167821497	-0.0618033988749858
1.70300000000000	0.556875616488188	0.0936906572928615	-0.0907980999479149
1.70400000000000	0.546394346734269	0.124344943582421	-0.117557050458489
1.70500000000000	0.535826794978998	0.154508497187476	-0.141421356237312
1.70600000000000	0.525174629961297	0.184062276342336	-0.161803398874991
1.70700000000000	0.514439533781506	0.212889645782535	-0.178201304837674
1.70800000000000	0.503623201635761	0.240876837050858	-0.190211303259031
1.70900000000000	0.492727341548292	0.267913397489500	-0.197537668119027
1.71000000000000	0.481753674101717	0.293892626146233	-0.200000000000000
1.71100000000000	0.470703932165331	0.318711994874343	-0.197537668119026
1.71200000000000	0.459579860621487	0.342273552964344	-0.190211303259032
1.71300000000000	0.448383216090033	0.364484313710706	-0.178201304837671
1.71400000000000	0.437115766650934	0.385256621387892	-0.161803398874987
1.71500000000000	0.425779291565071	0.404508497187472	-0.141421356237308
1.71600000000000	0.414375580993287	0.422163962751007	-0.117557050458493
1.71700000000000	0.402906435713663	0.438153340021932	-0.0907980999479092
1.71800000000000	0.391373666837203	0.452413526233008	-0.0618033988749905
1.71900000000000	0.379779095521803	0.464888242944127	-0.0312868930080484
1.72000000000000	0.368124552684680	0.475528258147576	-3.52747796605365e-15
1.72100000000000	0.356411878713250	0.484291580564315	0.0312868930080527
1.72200000000000	0.344642923174517	0.491143625364343	0.0618033988749838
1.72300000000000	0.332819544522988	0.496057350657239	0.0907980999479130
1.72400000000000	0.320943609807211	0.499013364214136	0.117557050458497
1.72500000000000	0.309016994374947	0.500000000000000	0.141421356237311
1.72600000000000	0.297041581577035	0.499013364214136	0.161803398874990
1.72700000000000	0.285019262469977	0.496057350657239	0.178201304837673
1.72800000000000	0.272951935517327	0.491143625364345	0.190211303259030
1.72900000000000	0.260841506289896	0.484291580564316	0.197537668119029
1.73000000000000	0.248689887164854	0.475528258147577	0.200000000000000
1.73100000000000	0.236498997023725	0.464888242944125	0.197537668119027
1.73200000000000	0.224270760949382	0.452413526233012	0.190211303259029
1.73300000000000	0.212007109922053	0.438153340021933	0.178201304837672
1.73400000000000	0.199709980514410	0.422163962751008	0.161803398874988
1.73500000000000	0.187381314585724	0.404508497187473	0.141421356237309
1.73600000000000	0.175023058975277	0.385256621387898	0.117557050458495
1.73700000000000	0.162637165194885	0.364484313710703	0.0907980999479111
1.73800000000000	0.150225589120759	0.342273552964346	0.0618033988749925
1.73900000000000	0.137790290684637	0.318711994874345	0.0312868930080393
1.74000000000000	0.125333233564304	0.293892626146241	-5.68508466284471e-15
1.74100000000000	0.112856384873483	0.267913397489496	-0.0312868930080506
1.74200000000000	0.100361714851217	0.240876837050860	-0.0618033988749925
1.74300000000000	0.0878511965507421	0.212889645782537	-0.0907980999479111
1.74400000000000	0.0753268055279324	0.184062276342338	-0.117557050458495
1.74500000000000	0.0627905195293139	0.154508497187472	-0.141421356237309
1.74600000000000	0.0502443181797708	0.124344943582430	-0.161803398874988
1.74700000000000	0.0376901826699330	0.0936906572928639	-0.178201304837677
1.74800000000000	0.0251300954433368	0.0626666167821521	-0.190211303259029
1.74900000000000	0.0125660398833527	0.0313952597646551	-0.197537668119028
1.75000000000000	8.57252759403147e-16	3.91948873790812e-15	-0.200000000000000
1.75100000000000	-0.0125660398833545	-0.0313952597646615	-0.197537668119027
1.75200000000000	-0.0251300954433351	-0.0626666167821514	-0.190211303259030
1.75300000000000	-0.0376901826699349	-0.0936906572928632	-0.178201304837673
1.75400000000000	-0.0502443181797691	-0.124344943582423	-0.161803398874990
1.75500000000000	-0.0627905195293157	-0.154508497187478	-0.141421356237311
1.75600000000000	-0.0753268055279307	-0.184062276342338	-0.117557050458497
1.75700000000000	-0.0878511965507439	-0.212889645782536	-0.0907980999479029
1.75800000000000	-0.100361714851215	-0.240876837050853	-0.0618033988749838
1.75900000000000	-0.112856384873481	-0.267913397489501	-0.0312868930080415
1.76000000000000	-0.125333233564303	-0.293892626146235	3.52896351958146e-15
1.76100000000000	-0.137790290684639	-0.318711994874344	0.0312868930080484
1.76200000000000	-0.150225589120757	-0.342273552964345	0.0618033988749905
1.76300000000000	-0.162637165194883	-0.364484313710708	0.0907980999479092
1.76400000000000	-0.175023058975275	-0.385256621387893	0.117557050458493
1.76500000000000	-0.187381314585726	-0.404508497187473	0.141421356237316
1.76600000000000	-0.199709980514408	-0.422163962751008	0.161803398874987
1.76700000000000	-0.212007109922055	-0.438153340021933	0.178201304837676
1.76800000000000	-0.224270760949380	-0.452413526233008	0.190211303259032
1.76900000000000	-0.236498997023727	-0.464888242944128	0.197537668119028
1.77000000000000	-0.248689887164853	-0.475528258147577	0.200000000000000
1.77100000000000	-0.260841506289897	-0.484291580564316	0.197537668119027
1.77200000000000	-0.272951935517325	-0.491143625364344	0.190211303259031
1.77300000000000	-0.285019262469978	-0.496057350657239	0.178201304837669
1.77400000000000	-0.297041581577033	-0.499013364214136	0.161803398874991
1.77500000000000	-0.309016994374948	-0.500000000000000	0.141421356237304
1.77600000000000	-0.320943609807210	-0.499013364214136	0.117557050458489
1.77700000000000	-0.332819544522986	-0.496057350657238	0.0907980999479048
1.77800000000000	-0.344642923174516	-0.491143625364345	0.0618033988749858
1.77900000000000	-0.356411878713252	-0.484291580564316	0.0312868930080436
1.78000000000000	-0.368124552684678	-0.475528258147576	-1.37284237631821e-15
1.78100000000000	-0.379779095521801	-0.464888242944125	-0.0312868930080463
1.78200000000000	-0.391373666837201	-0.452413526233011	-0.0618033988749884
1.78300000000000	-0.402906435713664	-0.438153340021932	-0.0907980999479174
1.78400000000000	-0.414375580993285	-0.422163962751007	-0.117557050458492
1.78500000000000	-0.425779291565073	-0.404508497187472	-0.141421356237314
1.78600000000000	-0.437115766650932	-0.385256621387897	-0.161803398874993
1.78700000000000	-0.448383216090034	-0.364484313710702	-0.178201304837675
1.78800000000000	-0.459579860621486	-0.342273552964344	-0.190211303259032
1.78900000000000	-0.470703932165333	-0.318711994874344	-0.197537668119028
1.79000000000000	-0.481753674101715	-0.293892626146240	-0.200000000000000
1.79100000000000	-0.492727341548294	-0.267913397489494	-0.197537668119026
1.79200000000000	-0.503623201635759	-0.240876837050858	-0.190211303259031
1.79300000000000	-0.514439533781504	-0.212889645782542	-0.178201304837675
1.79400000000000	-0.525174629961296	-0.184062276342337	-0.161803398874986
1.79500000000000	-0.535826794978996	-0.154508497187477	-0.141421356237314
1.79600000000000	-0.546394346734268	-0.124344943582429	-0.117557050458491
1.79700000000000	-0.556875616488186	-0.0936906572928692	-0.0907980999479067
1.79800000000000	-0.567268949126757	-0.0626666167821504	-0.0618033988749879
1.79900000000000	-0.577572703422268	-0.0313952597646605	-0.0312868930080457
1.80000000000000	-0.587785252292472	-2.20436423846524e-15	-7.83278766945035e-16
1.80100000000000	-0.597904983057517	0.0313952597646490	0.0312868930080442
1.80200000000000	-0.607930297694606	0.0626666167821531	0.0618033988749864
1.80300000000000	-0.617859613090332	0.0936906572928579	0.0907980999479053
1.80400000000000	-0.627691361290700	0.124344943582425	0.117557050458499
1.80500000000000	-0.637423989748689	0.154508497187472	0.141421356237305
1.80600000000000	-0.647055961569443	0.184062276342339	0.161803398874991
1.80700000000000	-0.656585755752954	0.212889645782532	0.178201304837674
1.80800000000000	-0.666011867434252	0.240876837050854	0.190211303259031
1.80900000000000	-0.675332808121024	0.267913397489497	0.197537668119027
1.81000000000000	-0.684547105928688	0.293892626146236	0.200000000000000
1.81100000000000	-0.693653305812803	0.318711994874340	0.197537668119028
1.81200000000000	-0.702649969798850	0.342273552964346	0.190211303259029
1.81300000000000	-0.711535677209285	0.364484313710704	0.178201304837676
1.81400000000000	-0.720309024887906	0.385256621387894	0.161803398874987
1.81500000000000	-0.728968627421410	0.404508497187470	0.141421356237307
1.81600000000000	-0.737513117358174	0.422163962751009	0.117557050458493
1.81700000000000	-0.745941145424182	0.438153340021930	0.0907980999479087
1.81800000000000	-0.754251380736103	0.452413526233009	0.0618033988749899
1.81900000000000	-0.762442511011447	0.464888242944126	0.0312868930080479
1.82000000000000	-0.770513242775790	0.475528258147577	2.93939991020828e-15
1.82100000000000	-0.778462301567021	0.484291580564315	-0.0312868930080420
1.82200000000000	-0.786288432136619	0.491143625364344	-0.0618033988749951
1.82300000000000	-0.793990398647835	0.496057350657239	-0.0907980999479034
1.82400000000000	-0.801566984870878	0.499013364214136	-0.117557050458497
1.82500000000000	-0.809016994374946	0.500000000000000	-0.141421356237311
1.82600000000000	-0.816339250717184	0.499013364214136	-0.161803398874990
1.82700000000000	-0.823532597628427	0.496057350657239	-0.178201304837673
1.82800000000000	-0.830595899195812	0.491143625364344	-0.190211303259030
1.82900000000000	-0.837528040042140	0.484291580564317	-0.197537668119027
1.83000000000000	-0.844327925502015	0.475528258147576	-0.200000000000000
1.83100000000000	-0.850994481794692	0.464888242944127	-0.197537668119028
1.83200000000000	-0.857526656193652	0.452413526233010	-0.190211303259029
1.83300000000000	-0.863923417192834	0.438153340021935	-0.178201304837672
1.83400000000000	-0.870183754669526	0.422163962751006	-0.161803398874988
1.83500000000000	-0.876306680043864	0.404508497187476	-0.141421356237309
1.83600000000000	-0.882291226434953	0.385256621387896	-0.117557050458495
1.83700000000000	-0.888136448813544	0.364484313710706	-0.0907980999479106
1.83800000000000	-0.893841424151264	0.342273552964343	-0.0618033988749920
1.83900000000000	-0.899405251566370	0.318711994874348	-0.0312868930080500
1.84000000000000	-0.904827052466019	0.293892626146238	6.27316271869007e-15
1.84100000000000	-0.910105970684995	0.267913397489499	0.0312868930080511
1.84200000000000	-0.915241172620918	0.240876837050857	0.0618033988749931
1.84300000000000	-0.920231847365869	0.212889645782540	0.0907980999479116
1.84400000000000	-0.925077206834458	0.184062276342342	0.117557050458496
1.84500000000000	-0.929776485888251	0.154508497187475	0.141421356237310
1.84600000000000	-0.934328942456612	0.124344943582427	0.161803398874989
1.84700000000000	-0.938733857653873	0.0936906572928675	0.178201304837672
1.84800000000000	-0.942990535892865	0.0626666167821487	0.190211303259033
1.84900000000000	-0.947098304994744	0.0313952597646588	0.197537668119027
1.85000000000000	-0.951056516295153	4.89239739022353e-16	0.200000000000000
1.85100000000000	-0.954864544746643	-0.0313952597646507	0.197537668119027
1.85200000000000	-0.958521789017376	-0.0626666167821548	0.190211303259030
1.85300000000000	-0.962027671586086	-0.0936906572928596	0.178201304837673
1.85400000000000	-0.965381638833274	-0.124344943582426	0.161803398874989
1.85500000000000	-0.968583161128631	-0.154508497187474	0.141421356237310
1.85600000000000	-0.971631732914674	-0.184062276342341	0.117557050458496
1.85700000000000	-0.974526872786577	-0.212889645782533	0.0907980999479125
1.85800000000000	-0.977268123568193	-0.240876837050856	0.0618033988749832
1.85900000000000	-0.979855052384247	-0.267913397489498	0.0312868930080409
1.86000000000000	-0.982287250728689	-0.293892626146238	-4.11704157542683e-15
1.86100000000000	-0.984564334529205	-0.318711994874342	-0.0312868930080490
1.86200000000000	-0.986685944207868	-0.342273552964342	-0.0618033988749910
1.86300000000000	-0.988651744737914	-0.364484313710705	-0.0907980999479097
1.86400000000000	-0.990461425696651	-0.385256621387895	-0.117557050458494
1.86500000000000	-0.992114701314478	-0.404508497187471	-0.141421356237308
1.86600000000000	-0.993611310520009	-0.422163962751010	-0.161803398874994
1.86700000000000	-0.994951016981300	-0.438153340021931	-0.178201304837671
1.86800000000000	-0.996133609143172	-0.452413526233010	-0.190211303259032
1.86900000000000	-0.997158900260614	-0.464888242944124	-0.197537668119028
1.87000000000000	-0.998026728428272	-0.475528258147578	-0.200000000000000
1.87100000000000	-0.998736956606017	-0.484291580564315	-0.197537668119027
1.87200000000000	-0.999289472640589	-0.491143625364344	-0.190211303259031
1.87300000000000	-0.999684189283300	-0.496057350657239	-0.178201304837674
1.87400000000000	-0.999921044203816	-0.499013364214136	-0.161803398874984
1.87500000000000	-1.00000000000000	-0.500000000000000	-0.141421356237312
1.87600000000000	-0.999921044203816	-0.499013364214136	-0.117557050458489
1.87700000000000	-0.999684189283300	-0.496057350657239	-0.0907980999479043
1.87800000000000	-0.999289472640589	-0.491143625364344	-0.0618033988749853
1.87900000000000	-0.998736956606018	-0.484291580564317	-0.0312868930080430
1.88000000000000	-0.998026728428272	-0.475528258147575	1.96092043216358e-15
1.88100000000000	-0.997158900260614	-0.464888242944126	0.0312868930080469
1.88200000000000	-0.996133609143173	-0.452413526233009	0.0618033988749890
1.88300000000000	-0.994951016981300	-0.438153340021934	0.0907980999479078
1.88400000000000	-0.993611310520008	-0.422163962751005	0.117557050458501
1.88500000000000	-0.992114701314478	-0.404508497187475	0.141421356237307
1.88600000000000	-0.990461425696651	-0.385256621387895	0.161803398874993
1.88700000000000	-0.988651744737914	-0.364484313710709	0.178201304837676
1.88800000000000	-0.986685944207868	-0.342273552964342	0.190211303259032
1.88900000000000	-0.984564334529205	-0.318711994874346	0.197537668119028
1.89000000000000	-0.982287250728689	-0.293892626146237	0.200000000000000
1.89100000000000	-0.979855052384247	-0.267913397489497	0.197537668119028
1.89200000000000	-0.977268123568193	-0.240876837050855	0.190211303259028
1.89300000000000	-0.974526872786577	-0.212889645782539	0.178201304837675
1.89400000000000	-0.971631732914674	-0.184062276342340	0.161803398874985
1.89500000000000	-0.968583161128631	-0.154508497187473	0.141421356237305
1.89600000000000	-0.965381638833273	-0.124344943582426	0.117557050458491
1.89700000000000	-0.962027671586086	-0.0936906572928658	0.0907980999479062
1.89800000000000	-0.958521789017376	-0.0626666167821470	0.0618033988749873
1.89900000000000	-0.954864544746643	-0.0313952597646571	0.0312868930080451
1.90000000000000	-0.951056516295154	1.22588476042053e-15	1.95200711099670e-16
1.90100000000000	-0.947098304994745	0.0313952597646524	-0.0312868930080448
1.90200000000000	-0.942990535892864	0.0626666167821565	-0.0618033988749977
1.90300000000000	-0.938733857653874	0.0936906572928612	-0.0907980999479059
1.90400000000000	-0.934328942456612	0.124344943582428	-0.117557050458500
1.90500000000000	-0.929776485888252	0.154508497187469	-0.141421356237313
1.90600000000000	-0.925077206834457	0.184062276342342	-0.161803398874992
1.90700000000000	-0.920231847365870	0.212889645782535	-0.178201304837675
1.90800000000000	-0.915241172620918	0.240876837050857	-0.190211303259031
1.90900000000000	-0.910105970684996	0.267913397489499	-0.197537668119028
1.91000000000000	-0.904827052466019	0.293892626146239	-0.200000000000000
1.91100000000000	-0.899405251566371	0.318711994874343	-0.197537668119028
1.91200000000000	-0.893841424151264	0.342273552964344	-0.190211303259028
1.91300000000000	-0.888136448813545	0.364484313710706	-0.178201304837671
1.91400000000000	-0.882291226434952	0.385256621387896	-0.161803398874986
1.91500000000000	-0.876306680043865	0.404508497187472	-0.141421356237307
1.91600000000000	-0.870183754669525	0.422163962751010	-0.117557050458493
1.91700000000000	-0.863923417192835	0.438153340021932	-0.0907980999479081
1.91800000000000	-0.857526656193653	0.452413526233010	-0.0618033988749894
1.91900000000000	-0.850994481794693	0.464888242944124	-0.0312868930080473
1.92000000000000	-0.844327925502016	0.475528258147576	-2.35132185436292e-15
1.92100000000000	-0.837528040042142	0.484291580564315	0.0312868930080426
1.92200000000000	-0.830595899195813	0.491143625364343	0.0618033988749849
1.92300000000000	-0.823532597628428	0.496057350657239	0.0907980999479141
1.92400000000000	-0.816339250717185	0.499013364214136	0.117557050458489
1.92500000000000	-0.809016994374947	0.500000000000000	0.141421356237312
1.92600000000000	-0.801566984870879	0.499013364214136	0.161803398874990
1.92700000000000	-0.793990398647836	0.496057350657239	0.178201304837674
1.92800000000000	-0.786288432136620	0.491143625364345	0.190211303259030
1.92900000000000	-0.778462301567023	0.484291580564316	0.197537668119027
1.93000000000000	-0.770513242775791	0.475528258147579	0.200000000000000
1.93100000000000	-0.762442511011448	0.464888242944125	0.197537668119027
1.93200000000000	-0.754251380736105	0.452413526233012	0.190211303259033
1.93300000000000	-0.745941145424183	0.438153340021933	0.178201304837672
1.93400000000000	-0.737513117358176	0.422163962751008	0.161803398874988
1.93500000000000	-0.728968627421411	0.404508497187474	0.141421356237308
1.93600000000000	-0.720309024887907	0.385256621387898	0.117557050458494
1.93700000000000	-0.711535677209286	0.364484313710708	0.0907980999479100
1.93800000000000	-0.702649969798851	0.342273552964346	0.0618033988749914
1.93900000000000	-0.693653305812805	0.318711994874345	0.0312868930080494
1.94000000000000	-0.684547105928689	0.293892626146241	4.50744299762617e-15
1.94100000000000	-0.675332808121025	0.267913397489496	-0.0312868930080517
1.94200000000000	-0.666011867434253	0.240876837050860	-0.0618033988749936
1.94300000000000	-0.656585755752956	0.212889645782537	-0.0907980999479122
1.94400000000000	-0.647055961569444	0.184062276342345	-0.117557050458496
1.94500000000000	-0.637423989748690	0.154508497187472	-0.141421356237310
1.94600000000000	-0.627691361290702	0.124344943582431	-0.161803398874989
1.94700000000000	-0.617859613090333	0.0936906572928641	-0.178201304837673
1.94800000000000	-0.607930297694608	0.0626666167821594	-0.190211303259030
1.94900000000000	-0.597904983057519	0.0313952597646553	-0.197537668119029
1.95000000000000	-0.587785252292474	4.16441809773759e-15	-0.200000000000000
1.95100000000000	-0.577572703422269	-0.0313952597646541	-0.197537668119027
1.95200000000000	-0.567268949126759	-0.0626666167821512	-0.190211303259030
1.95300000000000	-0.556875616488188	-0.0936906572928629	-0.178201304837673
1.95400000000000	-0.546394346734270	-0.124344943582423	-0.161803398874989
1.95500000000000	-0.535826794978998	-0.154508497187471	-0.141421356237310
1.95600000000000	-0.525174629961297	-0.184062276342337	-0.117557050458496
1.95700000000000	-0.514439533781506	-0.212889645782536	-0.0907980999479120
1.95800000000000	-0.503623201635761	-0.240876837050853	-0.0618033988749935
1.95900000000000	-0.492727341548292	-0.267913397489501	-0.0312868930080403
1.96000000000000	-0.481753674101717	-0.293892626146235	4.70511963127219e-15
1.96100000000000	-0.470703932165332	-0.318711994874344	0.0312868930080496
1.96200000000000	-0.459579860621488	-0.342273552964340	0.0618033988749916
1.96300000000000	-0.448383216090033	-0.364484313710707	0.0907980999479102
1.96400000000000	-0.437115766650934	-0.385256621387893	0.117557050458494
1.96500000000000	-0.425779291565071	-0.404508497187473	0.141421356237308
1.96600000000000	-0.414375580993287	-0.422163962751008	0.161803398874988
1.96700000000000	-0.402906435713663	-0.438153340021933	0.178201304837677
1.96800000000000	-0.391373666837203	-0.452413526233008	0.190211303259029
1.96900000000000	-0.379779095521803	-0.464888242944125	0.197537668119028
1.97000000000000	-0.368124552684680	-0.475528258147577	0.200000000000000
1.97100000000000	-0.356411878713250	-0.484291580564316	0.197537668119027
1.97200000000000	-0.344642923174517	-0.491143625364343	0.190211303259030
1.97300000000000	-0.332819544522988	-0.496057350657239	0.178201304837674
1.97400000000000	-0.320943609807211	-0.499013364214136	0.161803398874990
1.97500000000000	-0.309016994374947	-0.500000000000000	0.141421356237303
1.97600000000000	-0.297041581577035	-0.499013364214136	0.117557050458498
1.97700000000000	-0.285019262469977	-0.496057350657238	0.0907980999479038
1.97800000000000	-0.272951935517327	-0.491143625364345	0.0618033988749847
1.97900000000000	-0.260841506289896	-0.484291580564316	0.0312868930080424
1.98000000000000	-0.248689887164854	-0.475528258147579	-2.54899848800894e-15
1.98100000000000	-0.236498997023725	-0.464888242944125	-0.0312868930080475
1.98200000000000	-0.224270760949382	-0.452413526233011	-0.0618033988749895
1.98300000000000	-0.212007109922053	-0.438153340021932	-0.0907980999479083
1.98400000000000	-0.199709980514410	-0.422163962751007	-0.117557050458493
1.98500000000000	-0.187381314585725	-0.404508497187473	-0.141421356237315
1.98600000000000	-0.175023058975277	-0.385256621387897	-0.161803398874987
1.98700000000000	-0.162637165194885	-0.364484313710707	-0.178201304837676
1.98800000000000	-0.150225589120759	-0.342273552964345	-0.190211303259032
1.98900000000000	-0.137790290684638	-0.318711994874344	-0.197537668119028
1.99000000000000	-0.125333233564305	-0.293892626146240	-0.200000000000000
1.99100000000000	-0.112856384873483	-0.267913397489500	-0.197537668119028
1.99200000000000	-0.100361714851217	-0.240876837050859	-0.190211303259031
1.99300000000000	-0.0878511965507422	-0.212889645782536	-0.178201304837669
1.99400000000000	-0.0753268055279326	-0.184062276342344	-0.161803398874992
1.99500000000000	-0.0627905195293140	-0.154508497187470	-0.141421356237305
1.99600000000000	-0.0502443181797710	-0.124344943582429	-0.117557050458490
1.99700000000000	-0.0376901826699332	-0.0936906572928625	-0.0907980999479057
1.99800000000000	-0.0251300954433369	-0.0626666167821577	-0.0618033988749868
1.99900000000000	-0.0125660398833528	-0.0313952597646536	-0.0312868930080446
2.00000000000000	-9.79717439317883e-16	-2.44929359829471e-15	3.92877344745694e-16
2.00100000000000	0.0125660398833508	0.0313952597646487	0.0312868930080453
2.00200000000000	0.0251300954433385	0.0626666167821599	0.0618033988749983
2.00300000000000	0.0376901826699348	0.0936906572928646	0.0907980999479165
2.00400000000000	0.0502443181797690	0.124344943582424	0.117557050458491
2.00500000000000	0.0627905195293120	0.154508497187465	0.141421356237305
2.00600000000000	0.0753268055279342	0.184062276342346	0.161803398874992
2.00700000000000	0.0878511965507438	0.212889645782538	0.178201304837675
2.00800000000000	0.100361714851215	0.240876837050854	0.190211303259031
2.00900000000000	0.112856384873481	0.267913397489496	0.197537668119028
2.01000000000000	0.125333233564306	0.293892626146242	0.200000000000000
2.01100000000000	0.137790290684639	0.318711994874346	0.197537668119026
2.01200000000000	0.150225589120757	0.342273552964341	0.190211303259032
2.01300000000000	0.162637165194883	0.364484313710704	0.178201304837676
2.01400000000000	0.175023058975278	0.385256621387898	0.161803398874986
2.01500000000000	0.187381314585726	0.404508497187474	0.141421356237306
2.01600000000000	0.199709980514408	0.422163962751005	0.117557050458492
2.01700000000000	0.212007109922051	0.438153340021930	0.0907980999479076
2.01800000000000	0.224270760949384	0.452413526233012	0.0618033988749780
2.01900000000000	0.236498997023727	0.464888242944126	0.0312868930080467
2.02000000000000	0.248689887164852	0.475528258147577	1.76324379851755e-15
2.02100000000000	0.260841506289894	0.484291580564314	-0.0312868930080432
2.02200000000000	0.272951935517328	0.491143625364345	-0.0618033988749963
2.02300000000000	0.285019262469978	0.496057350657239	-0.0907980999479146
2.02400000000000	0.297041581577033	0.499013364214136	-0.117557050458498
2.02500000000000	0.309016994374945	0.500000000000000	-0.141421356237304
2.02600000000000	0.320943609807213	0.499013364214136	-0.161803398874997
2.02700000000000	0.332819544522986	0.496057350657238	-0.178201304837674
2.02800000000000	0.344642923174516	0.491143625364344	-0.190211303259031
2.02900000000000	0.356411878713249	0.484291580564317	-0.197537668119027
2.03000000000000	0.368124552684678	0.475528258147576	-0.200000000000000
2.03100000000000	0.379779095521801	0.464888242944124	-0.197537668119026
2.03200000000000	0.391373666837201	0.452413526233010	-0.190211303259029
2.03300000000000	0.402906435713661	0.438153340021935	-0.178201304837677
2.03400000000000	0.414375580993285	0.422163962751006	-0.161803398874987
2.03500000000000	0.425779291565073	0.404508497187472	-0.141421356237308
2.03600000000000	0.437115766650932	0.385256621387896	-0.117557050458494
2.03700000000000	0.448383216090031	0.364484313710711	-0.0907980999479095
2.03800000000000	0.459579860621489	0.342273552964343	-0.0618033988749800
2.03900000000000	0.470703932165333	0.318711994874343	-0.0312868930080376
2.04000000000000	0.481753674101715	0.293892626146233	-3.91936494178080e-15
2.04100000000000	0.492727341548291	0.267913397489505	0.0312868930080411
2.04200000000000	0.503623201635762	0.240876837050851	0.0618033988749942
2.04300000000000	0.514439533781507	0.212889645782541	0.0907980999479127
2.04400000000000	0.525174629961296	0.184062276342342	0.117557050458497
2.04500000000000	0.535826794978996	0.154508497187475	0.141421356237310
2.04600000000000	0.546394346734271	0.124344943582427	0.161803398874996
2.04700000000000	0.556875616488189	0.0936906572928608	0.178201304837678
2.04800000000000	0.567268949126757	0.0626666167821490	0.190211303259030
2.04900000000000	0.577572703422267	0.0313952597646661	0.197537668119027
2.05000000000000	0.587785252292469	7.83959645645283e-15	0.200000000000000
2.05100000000000	0.597904983057520	-0.0313952597646646	0.197537668119027
2.05200000000000	0.607930297694606	-0.0626666167821475	0.190211303259030
2.05300000000000	0.617859613090332	-0.0936906572928593	0.178201304837672
2.05400000000000	0.627691361290697	-0.124344943582426	0.161803398874995
2.05500000000000	0.637423989748691	-0.154508497187474	0.141421356237309
2.05600000000000	0.647055961569443	-0.184062276342341	0.117557050458496
2.05700000000000	0.656585755752954	-0.212889645782527	0.0907980999479115
2.05800000000000	0.666011867434249	-0.240876837050850	0.0618033988749929
2.05900000000000	0.675332808121026	-0.267913397489504	0.0312868930080397
2.06000000000000	0.684547105928687	-0.293892626146232	-5.29319768711755e-15
2.06100000000000	0.693653305812803	-0.318711994874341	-0.0312868930080502
2.06200000000000	0.702649969798847	-0.342273552964342	-0.0618033988749813
2.06300000000000	0.711535677209285	-0.364484313710705	-0.0907980999479108
2.06400000000000	0.720309024887906	-0.385256621387895	-0.117557050458495
2.06500000000000	0.728968627421410	-0.404508497187475	-0.141421356237309
2.06600000000000	0.737513117358172	-0.422163962751002	-0.161803398874988
2.06700000000000	0.745941145424182	-0.438153340021934	-0.178201304837677
2.06800000000000	0.754251380736103	-0.452413526233007	-0.190211303259033
2.06900000000000	0.762442511011447	-0.464888242944124	-0.197537668119027
2.07000000000000	0.770513242775788	-0.475528258147575	-0.200000000000000
2.07100000000000	0.778462301567024	-0.484291580564315	-0.197537668119027
2.07200000000000	0.786288432136619	-0.491143625364344	-0.190211303259030
2.07300000000000	0.793990398647835	-0.496057350657239	-0.178201304837673
2.07400000000000	0.801566984870875	-0.499013364214135	-0.161803398874990
2.07500000000000	0.809016994374948	-0.500000000000000	-0.141421356237303
2.07600000000000	0.816339250717184	-0.499013364214135	-0.117557050458488
2.07700000000000	0.823532597628427	-0.496057350657240	-0.0907980999479134
2.07800000000000	0.830595899195812	-0.491143625364345	-0.0618033988749949
2.07900000000000	0.837528040042142	-0.484291580564313	-0.0312868930080418
2.08000000000000	0.844327925502015	-0.475528258147578	3.13707654385431e-15
2.08100000000000	0.850994481794692	-0.464888242944126	0.0312868930080480
2.08200000000000	0.857526656193652	-0.452413526233016	0.0618033988749901
2.08300000000000	0.863923417192836	-0.438153340021931	0.0907980999479190
2.08400000000000	0.870183754669526	-0.422163962751005	0.117557050458493
2.08500000000000	0.876306680043864	-0.404508497187479	0.141421356237307
2.08600000000000	0.882291226434951	-0.385256621387899	0.161803398874987
2.08700000000000	0.888136448813545	-0.364484313710700	0.178201304837676
2.08800000000000	0.893841424151264	-0.342273552964347	0.190211303259032
2.08900000000000	0.899405251566370	-0.318711994874347	0.197537668119028
2.09000000000000	0.904827052466018	-0.293892626146237	0.200000000000000
2.09100000000000	0.910105970684997	-0.267913397489498	0.197537668119027
2.09200000000000	0.915241172620918	-0.240876837050856	0.190211303259031
2.09300000000000	0.920231847365869	-0.212889645782546	0.178201304837674
2.09400000000000	0.925077206834457	-0.184062276342347	0.161803398874991
2.09500000000000	0.929776485888252	-0.154508497187467	0.141421356237304
2.09600000000000	0.934328942456612	-0.124344943582433	0.117557050458490
2.09700000000000	0.938733857653873	-0.0936906572928661	0.0907980999479052
2.09800000000000	0.942990535892863	-0.0626666167821543	0.0618033988749970
2.09900000000000	0.947098304994744	-0.0313952597646573	0.0312868930080440
2.10000000000000	0.951056516295153	9.80955400591059e-16	-9.80955400591059e-16
2.10100000000000	0.954864544746642	0.0313952597646593	-0.0312868930080459
2.10200000000000	0.958521789017375	0.0626666167821422	-0.0618033988749880
2.10300000000000	0.962027671586086	0.0936906572928680	-0.0907980999479170
2.10400000000000	0.965381638833274	0.124344943582435	-0.117557050458501
2.10500000000000	0.968583161128631	0.154508497187469	-0.141421356237306
2.10600000000000	0.971631732914673	0.184062276342336	-0.161803398874986
2.10700000000000	0.974526872786577	0.212889645782534	-0.178201304837675
2.10800000000000	0.977268123568193	0.240876837050857	-0.190211303259031
2.10900000000000	0.979855052384247	0.267913397489499	-0.197537668119028
2.11000000000000	0.982287250728688	0.293892626146227	-0.200000000000000
2.11100000000000	0.984564334529206	0.318711994874348	-0.197537668119026
2.11200000000000	0.986685944207868	0.342273552964349	-0.190211303259028
2.11300000000000	0.988651744737914	0.364484313710701	-0.178201304837675
2.11400000000000	0.990461425696651	0.385256621387891	-0.161803398874992
2.11500000000000	0.992114701314478	0.404508497187480	-0.141421356237306
2.11600000000000	0.993611310520009	0.422163962751007	-0.117557050458492
2.11700000000000	0.994951016981300	0.438153340021932	-0.0907980999479071
2.11800000000000	0.996133609143172	0.452413526233004	-0.0618033988749882
2.11900000000000	0.997158900260614	0.464888242944127	-0.0312868930080349
2.12000000000000	0.998026728428272	0.475528258147578	-1.17516574267219e-15
2.12100000000000	0.998736956606017	0.484291580564314	0.0312868930080438
2.12200000000000	0.999289472640589	0.491143625364343	0.0618033988749860
2.12300000000000	0.999684189283300	0.496057350657240	0.0907980999479151
2.12400000000000	0.999921044203816	0.499013364214136	0.117557050458499
2.12500000000000	1.00000000000000	0.500000000000000	0.141421356237312
2.12600000000000	0.999921044203816	0.499013364214136	0.161803398874984
2.12700000000000	0.999684189283300	0.496057350657239	0.178201304837679
2.12800000000000	0.999289472640589	0.491143625364344	0.190211303259031
2.12900000000000	0.998736956606018	0.484291580564318	0.197537668119027
2.13000000000000	0.998026728428272	0.475528258147579	0.200000000000000
2.13100000000000	0.997158900260614	0.464888242944123	0.197537668119026
2.13200000000000	0.996133609143173	0.452413526233012	0.190211303259029
2.13300000000000	0.994951016981300	0.438153340021933	0.178201304837671
2.13400000000000	0.993611310520009	0.422163962751008	0.161803398874994
2.13500000000000	0.992114701314477	0.404508497187474	0.141421356237307
2.13600000000000	0.990461425696651	0.385256621387894	0.117557050458493
2.13700000000000	0.988651744737914	0.364484313710704	0.0907980999479090
2.13800000000000	0.986685944207868	0.342273552964351	0.0618033988749903
2.13900000000000	0.984564334529205	0.318711994874340	0.0312868930080370
2.14000000000000	0.982287250728689	0.293892626146230	-8.03739688622617e-15
2.14100000000000	0.979855052384247	0.267913397489502	-0.0312868930080417
2.14200000000000	0.977268123568194	0.240876837050860	-0.0618033988749840
2.14300000000000	0.974526872786577	0.212889645782538	-0.0907980999479132
2.14400000000000	0.971631732914674	0.184062276342339	-0.117557050458497
2.14500000000000	0.968583161128631	0.154508497187472	-0.141421356237311
2.14600000000000	0.965381638833274	0.124344943582438	-0.161803398874990
2.14700000000000	0.962027671586085	0.0936906572928574	-0.178201304837678
2.14800000000000	0.958521789017376	0.0626666167821456	-0.190211303259034
2.14900000000000	0.954864544746643	0.0313952597646627	-0.197537668119027
2.15000000000000	0.951056516295154	4.40934745756706e-15	-0.200000000000000
2.15100000000000	0.947098304994744	-0.0313952597646681	-0.197537668119027
2.15200000000000	0.942990535892864	-0.0626666167821509	-0.190211303259029
2.15300000000000	0.938733857653874	-0.0936906572928627	-0.178201304837672
2.15400000000000	0.934328942456612	-0.124344943582416	-0.161803398874988
2.15500000000000	0.929776485888251	-0.154508497187477	-0.141421356237301
2.15600000000000	0.925077206834457	-0.184062276342344	-0.117557050458495
2.15700000000000	0.920231847365870	-0.212889645782530	-0.0907980999479109
2.15800000000000	0.915241172620919	-0.240876837050853	-0.0618033988749923
2.15900000000000	0.910105970684995	-0.267913397489507	-0.0312868930080391
2.16000000000000	0.904827052466019	-0.293892626146234	5.88127574296292e-15
2.16100000000000	0.899405251566371	-0.318711994874344	0.0312868930080508
2.16200000000000	0.893841424151265	-0.342273552964345	0.0618033988749927
2.16300000000000	0.888136448813543	-0.364484313710707	0.0907980999479214
2.16400000000000	0.882291226434952	-0.385256621387897	0.117557050458495
2.16500000000000	0.876306680043865	-0.404508497187477	0.141421356237309
2.16600000000000	0.870183754669527	-0.422163962751004	0.161803398874989
2.16700000000000	0.863923417192834	-0.438153340021936	0.178201304837677
2.16800000000000	0.857526656193653	-0.452413526233008	0.190211303259033
2.16900000000000	0.850994481794693	-0.464888242944125	0.197537668119029
2.17000000000000	0.844327925502016	-0.475528258147576	0.200000000000000
2.17100000000000	0.837528040042140	-0.484291580564316	0.197537668119027
2.17200000000000	0.830595899195813	-0.491143625364345	0.190211303259030
2.17300000000000	0.823532597628428	-0.496057350657239	0.178201304837673
2.17400000000000	0.816339250717185	-0.499013364214135	0.161803398874990
2.17500000000000	0.809016994374947	-0.500000000000000	0.141421356237302
2.17600000000000	0.801566984870877	-0.499013364214135	0.117557050458488
2.17700000000000	0.793990398647836	-0.496057350657239	0.0907980999479027
2.17800000000000	0.786288432136620	-0.491143625364345	0.0618033988749944
2.17900000000000	0.778462301567025	-0.484291580564319	0.0312868930080525
2.18000000000000	0.770513242775789	-0.475528258147576	-3.72515459969967e-15
2.18100000000000	0.762442511011448	-0.464888242944125	-0.0312868930080486
2.18200000000000	0.754251380736105	-0.452413526233014	-0.0618033988749907
2.18300000000000	0.745941145424184	-0.438153340021936	-0.0907980999479094
2.18400000000000	0.737513117358173	-0.422163962751004	-0.117557050458503
2.18500000000000	0.728968627421412	-0.404508497187477	-0.141421356237308
2.18600000000000	0.720309024887907	-0.385256621387897	-0.161803398874987
2.18700000000000	0.711535677209286	-0.364484313710707	-0.178201304837671
2.18800000000000	0.702649969798848	-0.342273552964345	-0.190211303259032
2.18900000000000	0.693653305812805	-0.318711994874344	-0.197537668119028
2.19000000000000	0.684547105928689	-0.293892626146234	-0.200000000000000
2.19100000000000	0.675332808121028	-0.267913397489507	-0.197537668119029
2.19200000000000	0.666011867434250	-0.240876837050853	-0.190211303259031
2.19300000000000	0.656585755752956	-0.212889645782542	-0.178201304837674
2.19400000000000	0.647055961569444	-0.184062276342344	-0.161803398874991
2.19500000000000	0.637423989748693	-0.154508497187477	-0.141421356237312
2.19600000000000	0.627691361290699	-0.124344943582429	-0.117557050458489
2.19700000000000	0.617859613090333	-0.0936906572928627	-0.0907980999479046
2.19800000000000	0.607930297694608	-0.0626666167821509	-0.0618033988749856
2.19900000000000	0.597904983057522	-0.0313952597646681	-0.0312868930080546
2.20000000000000	0.587785252292471	4.41120439947682e-15	1.56903345643642e-15
2.20100000000000	0.577572703422269	0.0313952597646627	0.0312868930080465
2.20200000000000	0.567268949126759	0.0626666167821456	0.0618033988749886
2.20300000000000	0.556875616488191	0.0936906572928574	0.0907980999479074
2.20400000000000	0.546394346734267	0.124344943582424	0.117557050458501
2.20500000000000	0.535826794978998	0.154508497187472	0.141421356237314
2.20600000000000	0.525174629961298	0.184062276342339	0.161803398874986
2.20700000000000	0.514439533781509	0.212889645782525	0.178201304837670
2.20800000000000	0.503623201635761	0.240876837050860	0.190211303259032
2.20900000000000	0.492727341548292	0.267913397489502	0.197537668119028
2.21000000000000	0.481753674101717	0.293892626146230	0.200000000000000
2.21100000000000	0.470703932165335	0.318711994874340	0.197537668119028
2.21200000000000	0.459579860621488	0.342273552964351	0.190211303259028
2.21300000000000	0.448383216090033	0.364484313710704	0.178201304837670
2.21400000000000	0.437115766650934	0.385256621387894	0.161803398874992
2.21500000000000	0.425779291565075	0.404508497187465	0.141421356237314
2.21600000000000	0.414375580993284	0.422163962751008	0.117557050458491
2.21700000000000	0.402906435713663	0.438153340021933	0.0907980999479066
2.21800000000000	0.391373666837203	0.452413526233006	0.0618033988749877
2.21900000000000	0.379779095521803	0.464888242944123	0.0312868930080455
2.22000000000000	0.368124552684677	0.475528258147579	-1.07815960853348e-14
2.22100000000000	0.356411878713250	0.484291580564314	-0.0312868930080444
2.22200000000000	0.344642923174518	0.491143625364344	-0.0618033988749866
2.22300000000000	0.332819544522988	0.496057350657239	-0.0907980999479055
2.22400000000000	0.320943609807208	0.499013364214136	-0.117557050458499
2.22500000000000	0.309016994374947	0.500000000000000	-0.141421356237313
2.22600000000000	0.297041581577035	0.499013364214136	-0.161803398874991
2.22700000000000	0.285019262469980	0.496057350657240	-0.178201304837669
2.22800000000000	0.272951935517323	0.491143625364343	-0.190211303259034
2.22900000000000	0.260841506289896	0.484291580564317	-0.197537668119028
2.23000000000000	0.248689887164854	0.475528258147578	-0.200000000000000
2.23100000000000	0.236498997023729	0.464888242944127	-0.197537668119028
2.23200000000000	0.224270760949379	0.452413526233010	-0.190211303259028
2.23300000000000	0.212007109922053	0.438153340021932	-0.178201304837671
2.23400000000000	0.199709980514410	0.422163962751007	-0.161803398874987
2.23500000000000	0.187381314585728	0.404508497187480	-0.141421356237315
2.23600000000000	0.175023058975273	0.385256621387891	-0.117557050458493
2.23700000000000	0.162637165194885	0.364484313710701	-0.0907980999479085
2.23800000000000	0.150225589120759	0.342273552964349	-0.0618033988749897
2.23900000000000	0.137790290684641	0.318711994874348	-0.0312868930080477
2.24000000000000	0.125333233564301	0.293892626146239	8.62547494207153e-15
2.24100000000000	0.112856384873483	0.267913397489499	0.0312868930080535
2.24200000000000	0.100361714851217	0.240876837050857	0.0618033988749845
2.24300000000000	0.0878511965507459	0.212889645782547	0.0907980999479036
2.24400000000000	0.0753268055279327	0.184062276342336	0.117557050458498
2.24500000000000	0.0627905195293141	0.154508497187469	0.141421356237311
2.24600000000000	0.0502443181797711	0.124344943582435	0.161803398874990
2.24700000000000	0.0376901826699368	0.0936906572928680	0.178201304837674
2.24800000000000	0.0251300954433370	0.0626666167821422	0.190211303259034
2.24900000000000	0.0125660398833529	0.0313952597646593	0.197537668119029
2.25000000000000	1.10218211923262e-15	9.79098458681294e-16	0.200000000000000
2.25100000000000	-0.0125660398833507	-0.0313952597646573	0.197537668119028
2.25200000000000	-0.0251300954433384	-0.0626666167821543	0.190211303259029
2.25300000000000	-0.0376901826699346	-0.0936906572928661	0.178201304837672
2.25400000000000	-0.0502443181797689	-0.124344943582419	0.161803398874988
2.25500000000000	-0.0627905195293119	-0.154508497187467	0.141421356237309
2.25600000000000	-0.0753268055279340	-0.184062276342347	0.117557050458485
2.25700000000000	-0.0878511965507437	-0.212889645782533	0.0907980999479104
2.25800000000000	-0.100361714851215	-0.240876837050856	0.0618033988749918
2.25900000000000	-0.112856384873481	-0.267913397489498	0.0312868930080498
2.26000000000000	-0.125333233564306	-0.293892626146237	-6.46935379880828e-15
2.26100000000000	-0.137790290684639	-0.318711994874347	-0.0312868930080513
2.26200000000000	-0.150225589120757	-0.342273552964347	-0.0618033988749933
2.26300000000000	-0.162637165194883	-0.364484313710700	-0.0907980999479118
2.26400000000000	-0.175023058975278	-0.385256621387899	-0.117557050458505
2.26500000000000	-0.187381314585726	-0.404508497187471	-0.141421356237310
2.26600000000000	-0.199709980514408	-0.422163962751005	-0.161803398874989
2.26700000000000	-0.212007109922051	-0.438153340021931	-0.178201304837673
2.26800000000000	-0.224270760949384	-0.452413526233010	-0.190211303259033
2.26900000000000	-0.236498997023726	-0.464888242944126	-0.197537668119029
2.27000000000000	-0.248689887164852	-0.475528258147578	-0.200000000000000
2.27100000000000	-0.260841506289894	-0.484291580564313	-0.197537668119029
2.27200000000000	-0.272951935517328	-0.491143625364345	-0.190211303259030
2.27300000000000	-0.285019262469978	-0.496057350657240	-0.178201304837673
2.27400000000000	-0.297041581577033	-0.499013364214135	-0.161803398874989
2.27500000000000	-0.309016994374945	-0.500000000000000	-0.141421356237310
2.27600000000000	-0.320943609807213	-0.499013364214136	-0.117557050458487
2.27700000000000	-0.332819544522986	-0.496057350657239	-0.0907980999479022
2.27800000000000	-0.344642923174516	-0.491143625364344	-0.0618033988749830
2.27900000000000	-0.356411878713248	-0.484291580564318	-0.0312868930080519
2.28000000000000	-0.368124552684678	-0.475528258147575	4.31323265554504e-15
2.28100000000000	-0.379779095521801	-0.464888242944124	0.0312868930080492
2.28200000000000	-0.391373666837201	-0.452413526233013	0.0618033988749912
2.28300000000000	-0.402906435713661	-0.438153340021934	0.0907980999479099
2.28400000000000	-0.414375580993285	-0.422163962751002	0.117557050458503
2.28500000000000	-0.425779291565073	-0.404508497187475	0.141421356237316
2.28600000000000	-0.437115766650932	-0.385256621387895	0.161803398874988
2.28700000000000	-0.448383216090031	-0.364484313710705	0.178201304837672
2.28800000000000	-0.459579860621489	-0.342273552964342	0.190211303259032
2.28900000000000	-0.470703932165333	-0.318711994874341	0.197537668119028
2.29000000000000	-0.481753674101715	-0.293892626146243	0.200000000000000
2.29100000000000	-0.492727341548291	-0.267913397489504	0.197537668119027
2.29200000000000	-0.503623201635762	-0.240876837050850	0.190211303259027
2.29300000000000	-0.514439533781507	-0.212889645782539	0.178201304837674
2.29400000000000	-0.525174629961296	-0.184062276342341	0.161803398874991
2.29500000000000	-0.535826794978996	-0.154508497187474	0.141421356237312
2.29600000000000	-0.546394346734271	-0.124344943582426	0.117557050458489
2.29700000000000	-0.556875616488189	-0.0936906572928593	0.0907980999479041
2.29800000000000	-0.567268949126757	-0.0626666167821475	0.0618033988749851
2.29900000000000	-0.577572703422267	-0.0313952597646646	0.0312868930080428
2.30000000000000	-0.587785252292475	7.84145339836259e-15	-1.35257952844434e-14
2.30100000000000	-0.597904983057520	0.0313952597646519	-0.0312868930080471
2.30200000000000	-0.607930297694606	0.0626666167821490	-0.0618033988749892
2.30300000000000	-0.617859613090332	0.0936906572928608	-0.0907980999479080
2.30400000000000	-0.627691361290703	0.124344943582427	-0.117557050458502
2.30500000000000	-0.637423989748691	0.154508497187475	-0.141421356237315
2.30600000000000	-0.647055961569443	0.184062276342342	-0.161803398874993
2.30700000000000	-0.656585755752954	0.212889645782528	-0.178201304837671
2.30800000000000	-0.666011867434249	0.240876837050851	-0.190211303259028
2.30900000000000	-0.675332808121026	0.267913397489505	-0.197537668119028
2.31000000000000	-0.684547105928687	0.293892626146233	-0.200000000000000
2.31100000000000	-0.693653305812803	0.318711994874343	-0.197537668119028
2.31200000000000	-0.702649969798847	0.342273552964343	-0.190211303259031
2.31300000000000	-0.711535677209285	0.364484313710706	-0.178201304837670
2.31400000000000	-0.720309024887906	0.385256621387896	-0.161803398874985
2.31500000000000	-0.728968627421410	0.404508497187467	-0.141421356237313
2.31600000000000	-0.737513117358172	0.422163962751003	-0.117557050458500
2.31700000000000	-0.745941145424182	0.438153340021935	-0.0907980999479060
2.31800000000000	-0.754251380736103	0.452413526233007	-0.0618033988749871
2.31900000000000	-0.762442511011447	0.464888242944124	-0.0312868930080449
2.32000000000000	-0.770513242775788	0.475528258147576	9.90369018541372e-19
2.32100000000000	-0.778462301567024	0.484291580564315	0.0312868930080562
2.32200000000000	-0.786288432136619	0.491143625364344	0.0618033988749871
2.32300000000000	-0.793990398647834	0.496057350657239	0.0907980999479060
2.32400000000000	-0.801566984870875	0.499013364214135	0.117557050458491
2.32500000000000	-0.809016994374948	0.500000000000000	0.141421356237313
2.32600000000000	-0.816339250717184	0.499013364214136	0.161803398874992
2.32700000000000	-0.823532597628427	0.496057350657240	0.178201304837675
2.32800000000000	-0.830595899195812	0.491143625364345	0.190211303259028
2.32900000000000	-0.837528040042142	0.484291580564316	0.197537668119029
2.33000000000000	-0.844327925502015	0.475528258147577	0.200000000000000
2.33100000000000	-0.850994481794692	0.464888242944126	0.197537668119028
2.33200000000000	-0.857526656193652	0.452413526233015	0.190211303259032
2.33300000000000	-0.863923417192836	0.438153340021930	0.178201304837671
2.33400000000000	-0.870183754669526	0.422163962751005	0.161803398874986
2.33500000000000	-0.876306680043864	0.404508497187478	0.141421356237307
2.33600000000000	-0.882291226434951	0.385256621387898	0.117557050458502
2.33700000000000	-0.888136448813545	0.364484313710699	0.0907980999479080
2.33800000000000	-0.893841424151264	0.342273552964346	0.0618033988749892
2.33900000000000	-0.899405251566370	0.318711994874346	0.0312868930080471
2.34000000000000	-0.904827052466018	0.293892626146248	2.15513077424471e-15
2.34100000000000	-0.910105970684997	0.267913397489496	-0.0312868930080540
2.34200000000000	-0.915241172620918	0.240876837050854	-0.0618033988749959
2.34300000000000	-0.920231847365869	0.212889645782544	-0.0907980999479041
2.34400000000000	-0.925077206834457	0.184062276342346	-0.117557050458489
2.34500000000000	-0.929776485888252	0.154508497187465	-0.141421356237312
2.34600000000000	-0.934328942456611	0.124344943582431	-0.161803398874991
2.34700000000000	-0.938733857653873	0.0936906572928646	-0.178201304837674
2.34800000000000	-0.942990535892863	0.0626666167821529	-0.190211303259030
2.34900000000000	-0.947098304994744	0.0313952597646558	-0.197537668119029
2.35000000000000	-0.951056516295153	-2.45115054020447e-15	-0.200000000000000
2.35100000000000	-0.954864544746642	-0.0313952597646465	-0.197537668119028
2.35200000000000	-0.958521789017375	-0.0626666167821436	-0.190211303259032
2.35300000000000	-0.962027671586086	-0.0936906572928694	-0.178201304837672
2.35400000000000	-0.965381638833274	-0.124344943582422	-0.161803398874988
2.35500000000000	-0.968583161128631	-0.154508497187470	-0.141421356237308
2.35600000000000	-0.971631732914673	-0.184062276342337	-0.117557050458494
2.35700000000000	-0.974526872786577	-0.212889645782536	-0.0907980999478998
2.35800000000000	-0.977268123568193	-0.240876837050859	-0.0618033988749912
2.35900000000000	-0.979855052384247	-0.267913397489500	-0.0312868930080492
2.36000000000000	-0.982287250728688	-0.293892626146228	-4.31125191750795e-15
2.36100000000000	-0.984564334529206	-0.318711994874349	0.0312868930080519
2.36200000000000	-0.986685944207868	-0.342273552964339	0.0618033988749938
2.36300000000000	-0.988651744737914	-0.364484313710702	0.0907980999479123
2.36400000000000	-0.990461425696651	-0.385256621387892	0.117557050458496
2.36500000000000	-0.992114701314478	-0.404508497187473	0.141421356237318
2.36600000000000	-0.993611310520009	-0.422163962751007	0.161803398874989
2.36700000000000	-0.994951016981300	-0.438153340021932	0.178201304837673
2.36800000000000	-0.996133609143172	-0.452413526233005	0.190211303259030
2.36900000000000	-0.997158900260614	-0.464888242944127	0.197537668119029
2.37000000000000	-0.998026728428272	-0.475528258147579	0.200000000000000
2.37100000000000	-0.998736956606017	-0.484291580564314	0.197537668119027
2.37200000000000	-0.999289472640589	-0.491143625364343	0.190211303259033
2.37300000000000	-0.999684189283300	-0.496057350657240	0.178201304837673
2.37400000000000	-0.999921044203816	-0.499013364214136	0.161803398874989
2.37500000000000	-1.00000000000000	-0.500000000000000	0.141421356237310
2.37600000000000	-0.999921044203816	-0.499013364214137	0.117557050458496
2.37700000000000	-0.999684189283300	-0.496057350657239	0.0907980999479017
2.37800000000000	-0.999289472640589	-0.491143625364343	0.0618033988749825
2.37900000000000	-0.998736956606018	-0.484291580564318	0.0312868930080401
2.38000000000000	-0.998026728428272	-0.475528258147579	6.46737306077120e-15
2.38100000000000	-0.997158900260614	-0.464888242944122	-0.0312868930080498
2.38200000000000	-0.996133609143173	-0.452413526233011	-0.0618033988749918
2.38300000000000	-0.994951016981300	-0.438153340021933	-0.0907980999479104
2.38400000000000	-0.993611310520009	-0.422163962751008	-0.117557050458495
2.38500000000000	-0.992114701314477	-0.404508497187473	-0.141421356237317
2.38600000000000	-0.990461425696651	-0.385256621387893	-0.161803398874995
2.38700000000000	-0.988651744737914	-0.364484313710712	-0.178201304837672
2.38800000000000	-0.986685944207868	-0.342273552964350	-0.190211303259029
2.38900000000000	-0.984564334529205	-0.318711994874339	-0.197537668119028
2.39000000000000	-0.982287250728689	-0.293892626146240	-0.200000000000000
2.39100000000000	-0.979855052384247	-0.267913397489501	-0.197537668119027
2.39200000000000	-0.977268123568194	-0.240876837050859	-0.190211303259030
2.39300000000000	-0.974526872786577	-0.212889645782536	-0.178201304837668
2.39400000000000	-0.971631732914674	-0.184062276342337	-0.161803398874990
2.39500000000000	-0.968583161128631	-0.154508497187471	-0.141421356237311
2.39600000000000	-0.965381638833274	-0.124344943582436	-0.117557050458498
2.39700000000000	-0.962027671586086	-0.0936906572928559	-0.0907980999479036
2.39800000000000	-0.958521789017376	-0.0626666167821441	-0.0618033988749845
2.39900000000000	-0.954864544746643	-0.0313952597646612	-0.0312868930080422
2.40000000000000	-0.951056516295154	-2.93915231795365e-15	2.74518956812715e-15
2.40100000000000	-0.947098304994744	0.0313952597646553	0.0312868930080589
2.40200000000000	-0.942990535892864	0.0626666167821524	0.0618033988749897
2.40300000000000	-0.938733857653874	0.0936906572928641	0.0907980999479085
2.40400000000000	-0.934328942456612	0.124344943582417	0.117557050458493
2.40500000000000	-0.929776485888251	0.154508497187478	0.141421356237315
2.40600000000000	-0.925077206834458	0.184062276342345	0.161803398874993
2.40700000000000	-0.920231847365870	0.212889645782531	0.178201304837676
2.40800000000000	-0.915241172620919	0.240876837050854	0.190211303259028
2.40900000000000	-0.910105970684995	0.267913397489508	0.197537668119028
2.41000000000000	-0.904827052466019	0.293892626146236	0.200000000000000
2.41100000000000	-0.899405251566371	0.318711994874345	0.197537668119028
2.41200000000000	-0.893841424151265	0.342273552964335	0.190211303259031
2.41300000000000	-0.888136448813543	0.364484313710708	0.178201304837669
2.41400000000000	-0.882291226434952	0.385256621387898	0.161803398874985
2.41500000000000	-0.876306680043865	0.404508497187469	0.141421356237305
2.41600000000000	-0.870183754669527	0.422163962751004	0.117557050458499
2.41700000000000	-0.863923417192834	0.438153340021937	0.0907980999479055
2.41800000000000	-0.857526656193653	0.452413526233009	0.0618033988749866
2.41900000000000	-0.850994481794693	0.464888242944125	0.0312868930080444
2.42000000000000	-0.844327925502017	0.475528258147577	-5.89068424863906e-16
2.42100000000000	-0.837528040042140	0.484291580564316	-0.0312868930080568
2.42200000000000	-0.830595899195813	0.491143625364345	-0.0618033988749985
2.42300000000000	-0.823532597628428	0.496057350657240	-0.0907980999479066
2.42400000000000	-0.816339250717185	0.499013364214135	-0.117557050458491
2.42500000000000	-0.809016994374947	0.500000000000000	-0.141421356237314
2.42600000000000	-0.801566984870877	0.499013364214136	-0.161803398874992
2.42700000000000	-0.793990398647836	0.496057350657239	-0.178201304837675
2.42800000000000	-0.786288432136620	0.491143625364345	-0.190211303259031
2.42900000000000	-0.778462301567023	0.484291580564315	-0.197537668119029
2.43000000000000	-0.770513242775789	0.475528258147576	-0.200000000000000
2.43100000000000	-0.762442511011448	0.464888242944124	-0.197537668119028
2.43200000000000	-0.754251380736105	0.452413526233013	-0.190211303259032
2.43300000000000	-0.745941145424184	0.438153340021935	-0.178201304837675
2.43400000000000	-0.737513117358173	0.422163962751003	-0.161803398874986
2.43500000000000	-0.728968627421412	0.404508497187476	-0.141421356237306
2.43600000000000	-0.720309024887907	0.385256621387896	-0.117557050458492
2.43700000000000	-0.711535677209287	0.364484313710716	-0.0907980999479176
2.43800000000000	-0.702649969798848	0.342273552964344	-0.0618033988749886
2.43900000000000	-0.693653305812805	0.318711994874343	-0.0312868930080465
2.44000000000000	-0.684547105928689	0.293892626146245	-1.56705271839934e-15
2.44100000000000	-0.675332808121028	0.267913397489505	0.0312868930080434
2.44200000000000	-0.666011867434251	0.240876837050851	0.0618033988749964
2.44300000000000	-0.656585755752956	0.212889645782541	0.0907980999479148
2.44400000000000	-0.647055961569444	0.184062276342342	0.117557050458489
2.44500000000000	-0.637423989748693	0.154508497187476	0.141421356237304
2.44600000000000	-0.627691361290699	0.124344943582428	0.161803398874991
2.44700000000000	-0.617859613090333	0.0936906572928612	0.178201304837674
2.44800000000000	-0.607930297694608	0.0626666167821636	0.190211303259031
2.44900000000000	-0.597904983057522	0.0313952597646666	0.197537668119027
2.45000000000000	-0.587785252292471	-5.88139953909024e-15	0.200000000000000
2.45100000000000	-0.577572703422269	-0.0313952597646500	0.197537668119026
2.45200000000000	-0.567268949126759	-0.0626666167821470	0.190211303259032
2.45300000000000	-0.556875616488191	-0.0936906572928588	0.178201304837676
2.45400000000000	-0.546394346734267	-0.124344943582426	0.161803398874987
2.45500000000000	-0.535826794978998	-0.154508497187473	0.141421356237308
2.45600000000000	-0.525174629961298	-0.184062276342340	0.117557050458494
2.45700000000000	-0.514439533781509	-0.212889645782526	0.0907980999479094
2.45800000000000	-0.503623201635761	-0.240876837050862	0.0618033988749798
2.45900000000000	-0.492727341548293	-0.267913397489503	0.0312868930080486
2.46000000000000	-0.481753674101717	-0.293892626146231	3.72317386166259e-15
2.46100000000000	-0.470703932165335	-0.318711994874341	-0.0312868930080413
2.46200000000000	-0.459579860621488	-0.342273552964342	-0.0618033988749944
2.46300000000000	-0.448383216090033	-0.364484313710705	-0.0907980999479129
2.46400000000000	-0.437115766650934	-0.385256621387895	-0.117557050458497
2.46500000000000	-0.425779291565075	-0.404508497187466	-0.141421356237311
2.46600000000000	-0.414375580993284	-0.422163962751009	-0.161803398874996
2.46700000000000	-0.402906435713663	-0.438153340021934	-0.178201304837673
2.46800000000000	-0.391373666837203	-0.452413526233006	-0.190211303259030
2.46900000000000	-0.379779095521803	-0.464888242944123	-0.197537668119027
2.47000000000000	-0.368124552684677	-0.475528258147580	-0.200000000000000
2.47100000000000	-0.356411878713251	-0.484291580564315	-0.197537668119027
2.47200000000000	-0.344642923174518	-0.491143625364344	-0.190211303259029
2.47300000000000	-0.332819544522988	-0.496057350657237	-0.178201304837677
2.47400000000000	-0.320943609807208	-0.499013364214136	-0.161803398874989
2.47500000000000	-0.309016994374947	-0.500000000000000	-0.141421356237309
2.47600000000000	-0.297041581577035	-0.499013364214136	-0.117557050458495
2.47700000000000	-0.285019262469980	-0.496057350657240	-0.0907980999479113
2.47800000000000	-0.272951935517324	-0.491143625364343	-0.0618033988749819
2.47900000000000	-0.260841506289896	-0.484291580564317	-0.0312868930080395
2.48000000000000	-0.248689887164855	-0.475528258147578	5.48938876723577e-15
2.48100000000000	-0.236498997023729	-0.464888242944126	0.0312868930080391
2.48200000000000	-0.224270760949379	-0.452413526233010	0.0618033988749923
2.48300000000000	-0.212007109922053	-0.438153340021931	0.0907980999479109
2.48400000000000	-0.199709980514410	-0.422163962751006	0.117557050458495
2.48500000000000	-0.187381314585728	-0.404508497187479	0.141421356237309
2.48600000000000	-0.175023058975273	-0.385256621387890	0.161803398874995
2.48700000000000	-0.162637165194885	-0.364484313710710	0.178201304837677
2.48800000000000	-0.150225589120760	-0.342273552964348	0.190211303259029
2.48900000000000	-0.137790290684641	-0.318711994874347	0.197537668119027
2.49000000000000	-0.125333233564301	-0.293892626146238	0.200000000000000
2.49100000000000	-0.112856384873483	-0.267913397489498	0.197537668119027
2.49200000000000	-0.100361714851217	-0.240876837050856	0.190211303259030
2.49300000000000	-0.0878511965507460	-0.212889645782546	0.178201304837673
2.49400000000000	-0.0753268055279328	-0.184062276342334	0.161803398874983
2.49500000000000	-0.0627905195293142	-0.154508497187467	0.141421356237311
2.49600000000000	-0.0502443181797712	-0.124344943582433	0.117557050458497
2.49700000000000	-0.0376901826699370	-0.0936906572928665	0.0907980999479132
2.49800000000000	-0.0251300954433371	-0.0626666167821548	0.0618033988749840
2.49900000000000	-0.0125660398833530	-0.0313952597646578	0.0312868930080417
2.50000000000000	-1.22464679914735e-15	4.91096680932118e-16	-3.33326762397252e-15
2.50100000000000	0.0125660398833506	0.0313952597646446	-0.0312868930080482
2.50200000000000	0.0251300954433382	0.0626666167821558	-0.0618033988750011
2.50300000000000	0.0376901826699345	0.0936906572928675	-0.0907980999479090
2.50400000000000	0.0502443181797688	0.124344943582420	-0.117557050458493
2.50500000000000	0.0627905195293118	0.154508497187468	-0.141421356237307
2.50600000000000	0.0753268055279339	0.184062276342348	-0.161803398874994
2.50700000000000	0.0878511965507436	0.212889645782534	-0.178201304837676
2.50800000000000	0.100361714851215	0.240876837050857	-0.190211303259032
2.50900000000000	0.112856384873481	0.267913397489499	-0.197537668119026
2.51000000000000	0.125333233564306	0.293892626146238	-0.200000000000000
2.51100000000000	0.137790290684639	0.318711994874348	-0.197537668119027
2.51200000000000	0.150225589120757	0.342273552964338	-0.190211303259031
2.51300000000000	0.162637165194883	0.364484313710701	-0.178201304837674
2.51400000000000	0.175023058975278	0.385256621387900	-0.161803398874984
2.51500000000000	0.187381314585726	0.404508497187471	-0.141421356237304
2.51600000000000	0.199709980514407	0.422163962751006	-0.117557050458490
2.51700000000000	0.212007109922051	0.438153340021931	-0.0907980999479151
2.51800000000000	0.224270760949384	0.452413526233010	-0.0618033988749860
2.51900000000000	0.236498997023726	0.464888242944127	-0.0312868930080438
2.52000000000000	0.248689887164852	0.475528258147578	1.17714648070927e-15
2.52100000000000	0.260841506289894	0.484291580564313	0.0312868930080461
2.52200000000000	0.272951935517328	0.491143625364346	0.0618033988749991
2.52300000000000	0.285019262469978	0.496057350657238	0.0907980999479172
2.52400000000000	0.297041581577033	0.499013364214136	0.117557050458492
2.52500000000000	0.309016994374945	0.500000000000000	0.141421356237306
2.52600000000000	0.320943609807213	0.499013364214136	0.161803398874992
2.52700000000000	0.332819544522986	0.496057350657239	0.178201304837675
2.52800000000000	0.344642923174515	0.491143625364344	0.190211303259032
2.52900000000000	0.356411878713248	0.484291580564318	0.197537668119028
2.53000000000000	0.368124552684678	0.475528258147575	0.200000000000000
2.53100000000000	0.379779095521801	0.464888242944123	0.197537668119026
2.53200000000000	0.391373666837201	0.452413526233012	0.190211303259031
2.53300000000000	0.402906435713661	0.438153340021934	0.178201304837675
2.53400000000000	0.414375580993285	0.422163962751009	0.161803398874986
2.53500000000000	0.425779291565072	0.404508497187474	0.141421356237306
2.53600000000000	0.437115766650932	0.385256621387894	0.117557050458491
2.53700000000000	0.448383216090031	0.364484313710714	0.0907980999479069
2.53800000000000	0.459579860621489	0.342273552964341	0.0618033988749772
2.53900000000000	0.470703932165333	0.318711994874340	0.0312868930080459
2.54000000000000	0.481753674101715	0.293892626146242	9.78974662553977e-16
2.54100000000000	0.492727341548290	0.267913397489503	-0.0312868930080440
2.54200000000000	0.503623201635762	0.240876837050848	-0.0618033988749970
2.54300000000000	0.514439533781507	0.212889645782538	-0.0907980999479153
2.54400000000000	0.525174629961296	0.184062276342339	-0.117557050458499
2.54500000000000	0.535826794978996	0.154508497187472	-0.141421356237304
2.54600000000000	0.546394346734271	0.124344943582425	-0.161803398874998
2.54700000000000	0.556875616488186	0.0936906572928579	-0.178201304837674
2.54800000000000	0.567268949126754	0.0626666167821602	-0.190211303259031
2.54900000000000	0.577572703422264	0.0313952597646632	-0.197537668119027
2.55000000000000	0.587785252292475	-9.31164853797600e-15	-0.200000000000000
2.55100000000000	0.597904983057520	-0.0313952597646534	-0.197537668119026
2.55200000000000	0.607930297694606	-0.0626666167821504	-0.190211303259029
2.55300000000000	0.617859613090334	-0.0936906572928622	-0.178201304837676
2.55400000000000	0.627691361290700	-0.124344943582429	-0.161803398874987
2.55500000000000	0.637423989748689	-0.154508497187477	-0.141421356237307
2.55600000000000	0.647055961569442	-0.184062276342343	-0.117557050458493
2.55700000000000	0.656585755752954	-0.212889645782529	-0.0907980999479088
2.55800000000000	0.666011867434254	-0.240876837050865	-0.0618033988749793
2.55900000000000	0.675332808121026	-0.267913397489494	-0.0312868930080368
2.56000000000000	0.684547105928690	-0.293892626146234	-3.13509580581722e-15
2.56100000000000	0.693653305812806	-0.318711994874344	0.0312868930080418
2.56200000000000	0.702649969798849	-0.342273552964334	0.0618033988749841
2.56300000000000	0.711535677209285	-0.364484313710707	0.0907980999479134
2.56400000000000	0.720309024887906	-0.385256621387897	0.117557050458497
2.56500000000000	0.728968627421410	-0.404508497187468	0.141421356237311
2.56600000000000	0.737513117358172	-0.422163962751003	0.161803398874990
2.56700000000000	0.745941145424184	-0.438153340021936	0.178201304837679
2.56800000000000	0.754251380736105	-0.452413526233008	0.190211303259030
2.56900000000000	0.762442511011449	-0.464888242944125	0.197537668119027
2.57000000000000	0.770513242775785	-0.475528258147576	0.200000000000000
2.57100000000000	0.778462301567023	-0.484291580564316	0.197537668119027
2.57200000000000	0.786288432136618	-0.491143625364345	0.190211303259029
2.57300000000000	0.793990398647834	-0.496057350657238	0.178201304837672
2.57400000000000	0.801566984870875	-0.499013364214135	0.161803398874995
2.57500000000000	0.809016994374950	-0.500000000000000	0.141421356237309
2.57600000000000	0.816339250717182	-0.499013364214136	0.117557050458495
2.57700000000000	0.823532597628425	-0.496057350657239	0.0907980999479108
2.57800000000000	0.830595899195810	-0.491143625364345	0.0618033988749922
2.57900000000000	0.837528040042142	-0.484291580564316	0.0312868930080389
2.58000000000000	0.844327925502015	-0.475528258147577	-6.07746682308113e-15
2.58100000000000	0.850994481794692	-0.464888242944125	-0.0312868930080510
2.58200000000000	0.857526656193652	-0.452413526233014	-0.0618033988749821
2.58300000000000	0.863923417192834	-0.438153340021929	-0.0907980999479115
2.58400000000000	0.870183754669524	-0.422163962751012	-0.117557050458496
2.58500000000000	0.876306680043862	-0.404508497187477	-0.141421356237309
2.58600000000000	0.882291226434951	-0.385256621387897	-0.161803398874989
2.58700000000000	0.888136448813545	-0.364484313710708	-0.178201304837678
2.58800000000000	0.893841424151264	-0.342273552964345	-0.190211303259033
2.58900000000000	0.899405251566371	-0.318711994874344	-0.197537668119027
2.59000000000000	0.904827052466019	-0.293892626146246	-0.200000000000000
2.59100000000000	0.910105970684995	-0.267913397489495	-0.197537668119027
2.59200000000000	0.915241172620917	-0.240876837050853	-0.190211303259030
2.59300000000000	0.920231847365869	-0.212889645782543	-0.178201304837673
2.59400000000000	0.925077206834457	-0.184062276342344	-0.161803398874989
2.59500000000000	0.929776485888252	-0.154508497187478	-0.141421356237302
2.59600000000000	0.934328942456613	-0.124344943582430	-0.117557050458497
2.59700000000000	0.938733857653874	-0.0936906572928632	-0.0907980999479127
2.59800000000000	0.942990535892865	-0.0626666167821655	-0.0618033988749942
2.59900000000000	0.947098304994744	-0.0313952597646544	-0.0312868930080411
2.60000000000000	0.951056516295153	3.92134567981788e-15	3.92134567981788e-15
2.60100000000000	0.954864544746642	0.0313952597646480	0.0312868930080488
2.60200000000000	0.958521789017375	0.0626666167821451	0.0618033988749908
2.60300000000000	0.962027671586087	0.0936906572928709	0.0907980999479197
2.60400000000000	0.965381638833275	0.124344943582424	0.117557050458494
2.60500000000000	0.968583161128632	0.154508497187472	0.141421356237308
2.60600000000000	0.971631732914673	0.184062276342338	0.161803398874987
2.60700000000000	0.974526872786577	0.212889645782537	0.178201304837677
2.60800000000000	0.977268123568193	0.240876837050860	0.190211303259032
2.60900000000000	0.979855052384247	0.267913397489490	0.197537668119028
2.61000000000000	0.982287250728688	0.293892626146230	0.200000000000000
2.61100000000000	0.984564334529206	0.318711994874350	0.197537668119027
2.61200000000000	0.986685944207867	0.342273552964340	0.190211303259031
2.61300000000000	0.988651744737913	0.364484313710703	0.178201304837674
2.61400000000000	0.990461425696651	0.385256621387893	0.161803398874991
2.61500000000000	0.992114701314478	0.404508497187473	0.141421356237304
2.61600000000000	0.993611310520009	0.422163962751008	0.117557050458489
2.61700000000000	0.994951016981300	0.438153340021933	0.0907980999479045
2.61800000000000	0.996133609143172	0.452413526233006	0.0618033988749963
2.61900000000000	0.997158900260614	0.464888242944128	0.0312868930080432
2.62000000000000	0.998026728428271	0.475528258147575	-1.76522453655464e-15
2.62100000000000	0.998736956606017	0.484291580564314	-0.0312868930080467
2.62200000000000	0.999289472640589	0.491143625364344	-0.0618033988749888
2.62300000000000	0.999684189283300	0.496057350657239	-0.0907980999479177
2.62400000000000	0.999921044203816	0.499013364214136	-0.117557050458501
2.62500000000000	1.00000000000000	0.500000000000000	-0.141421356237306
2.62600000000000	0.999921044203816	0.499013364214137	-0.161803398874986
2.62700000000000	0.999684189283300	0.496057350657238	-0.178201304837676
2.62800000000000	0.999289472640589	0.491143625364343	-0.190211303259032
2.62900000000000	0.998736956606018	0.484291580564317	-0.197537668119028
2.63000000000000	0.998026728428272	0.475528258147578	-0.200000000000000
2.63100000000000	0.997158900260614	0.464888242944122	-0.197537668119026
2.63200000000000	0.996133609143172	0.452413526233011	-0.190211303259028
2.63300000000000	0.994951016981300	0.438153340021932	-0.178201304837675
2.63400000000000	0.993611310520008	0.422163962751014	-0.161803398874992
2.63500000000000	0.992114701314478	0.404508497187472	-0.141421356237305
2.63600000000000	0.990461425696651	0.385256621387892	-0.117557050458491
2.63700000000000	0.988651744737914	0.364484313710711	-0.0907980999479064
2.63800000000000	0.986685944207868	0.342273552964349	-0.0618033988749875
2.63900000000000	0.984564334529205	0.318711994874338	-0.0312868930080341
2.64000000000000	0.982287250728688	0.293892626146239	-3.90896606708612e-16
2.64100000000000	0.979855052384246	0.267913397489500	0.0312868930080446
2.64200000000000	0.977268123568195	0.240876837050858	0.0618033988749868
2.64300000000000	0.974526872786577	0.212889645782535	0.0907980999479158
2.64400000000000	0.971631732914674	0.184062276342336	0.117557050458499
2.64500000000000	0.968583161128631	0.154508497187483	0.141421356237313
2.64600000000000	0.965381638833274	0.124344943582435	0.161803398874985
2.64700000000000	0.962027671586085	0.0936906572928545	0.178201304837680
2.64800000000000	0.958521789017375	0.0626666167821568	0.190211303259031
2.64900000000000	0.954864544746644	0.0313952597646597	0.197537668119028
2.65000000000000	0.951056516295155	1.46895717834024e-15	0.200000000000000
2.65100000000000	0.947098304994744	-0.0313952597646568	0.197537668119026
2.65200000000000	0.942990535892864	-0.0626666167821538	0.190211303259028
2.65300000000000	0.938733857653874	-0.0936906572928656	0.178201304837671
2.65400000000000	0.934328942456612	-0.124344943582418	0.161803398874993
2.65500000000000	0.929776485888252	-0.154508497187480	0.141421356237307
2.65600000000000	0.925077206834459	-0.184062276342347	0.117557050458493
2.65700000000000	0.920231847365872	-0.212889645782532	0.0907980999479083
2.65800000000000	0.915241172620919	-0.240876837050855	0.0618033988749895
2.65900000000000	0.910105970684995	-0.267913397489497	0.0312868930080362
2.66000000000000	0.904827052466019	-0.293892626146237	-8.82166602218974e-15
2.66100000000000	0.899405251566371	-0.318711994874346	-0.0312868930080424
2.66200000000000	0.893841424151264	-0.342273552964337	-0.0618033988749847
2.66300000000000	0.888136448813545	-0.364484313710709	-0.0907980999479139
2.66400000000000	0.882291226434954	-0.385256621387899	-0.117557050458498
2.66500000000000	0.876306680043865	-0.404508497187470	-0.141421356237311
2.66600000000000	0.870183754669527	-0.422163962751005	-0.161803398874990
2.66700000000000	0.863923417192834	-0.438153340021937	-0.178201304837679
2.66800000000000	0.857526656193651	-0.452413526233009	-0.190211303259034
2.66900000000000	0.850994481794691	-0.464888242944126	-0.197537668119027
2.67000000000000	0.844327925502015	-0.475528258147573	-0.200000000000000
2.67100000000000	0.837528040042142	-0.484291580564316	-0.197537668119027
2.67200000000000	0.830595899195813	-0.491143625364345	-0.190211303259029
2.67300000000000	0.823532597628428	-0.496057350657238	-0.178201304837672
2.67400000000000	0.816339250717185	-0.499013364214135	-0.161803398874988
2.67500000000000	0.809016994374945	-0.500000000000000	-0.141421356237300
2.67600000000000	0.801566984870875	-0.499013364214136	-0.117557050458494
2.67700000000000	0.793990398647834	-0.496057350657239	-0.0907980999479102
2.67800000000000	0.786288432136622	-0.491143625364344	-0.0618033988749916
2.67900000000000	0.778462301567023	-0.484291580564315	-0.0312868930080384
2.68000000000000	0.770513242775789	-0.475528258147576	6.66554487892650e-15
2.68100000000000	0.762442511011448	-0.464888242944129	0.0312868930080515
2.68200000000000	0.754251380736105	-0.452413526233013	0.0618033988749935
2.68300000000000	0.745941145424179	-0.438153340021928	0.0907980999479221
2.68400000000000	0.737513117358171	-0.422163962751010	0.117557050458496
2.68500000000000	0.728968627421414	-0.404508497187475	0.141421356237310
2.68600000000000	0.720309024887910	-0.385256621387895	0.161803398874989
2.68700000000000	0.711535677209284	-0.364484313710705	0.178201304837678
2.68800000000000	0.702649969798849	-0.342273552964343	0.190211303259033
2.68900000000000	0.693653305812805	-0.318711994874342	0.197537668119029
2.69000000000000	0.684547105928689	-0.293892626146244	0.200000000000000
2.69100000000000	0.675332808121025	-0.267913397489504	0.197537668119029
2.69200000000000	0.666011867434253	-0.240876837050850	0.190211303259030
2.69300000000000	0.656585755752959	-0.212889645782540	0.178201304837673
2.69400000000000	0.647055961569447	-0.184062276342341	0.161803398874989
2.69500000000000	0.637423989748693	-0.154508497187488	0.141421356237310
2.69600000000000	0.627691361290699	-0.124344943582426	0.117557050458487
2.69700000000000	0.617859613090334	-0.0936906572928598	0.0907980999479122
2.69800000000000	0.607930297694605	-0.0626666167821621	0.0618033988749936
2.69900000000000	0.597904983057519	-0.0313952597646651	0.0312868930080517
2.70000000000000	0.587785252292474	7.35159467870365e-15	-4.50942373566325e-15
2.70100000000000	0.577572703422269	0.0313952597646514	-0.0312868930080494
2.70200000000000	0.567268949126759	0.0626666167821485	-0.0618033988749914
2.70300000000000	0.556875616488191	0.0936906572928603	-0.0907980999479100
2.70400000000000	0.546394346734267	0.124344943582427	-0.117557050458503
2.70500000000000	0.535826794978995	0.154508497187475	-0.141421356237308
2.70600000000000	0.525174629961295	0.184062276342328	-0.161803398874988
2.70700000000000	0.514439533781506	0.212889645782527	-0.178201304837672
2.70800000000000	0.503623201635761	0.240876837050863	-0.190211303259033
2.70900000000000	0.492727341548293	0.267913397489493	-0.197537668119028
2.71000000000000	0.481753674101717	0.293892626146232	-0.200000000000000
2.71100000000000	0.470703932165335	0.318711994874342	-0.197537668119029
2.71200000000000	0.459579860621485	0.342273552964343	-0.190211303259030
2.71300000000000	0.448383216090030	0.364484313710706	-0.178201304837674
2.71400000000000	0.437115766650938	0.385256621387895	-0.161803398874990
2.71500000000000	0.425779291565078	0.404508497187467	-0.141421356237312
2.71600000000000	0.414375580993284	0.422163962751010	-0.117557050458489
2.71700000000000	0.402906435713663	0.438153340021935	-0.0907980999479039
2.71800000000000	0.391373666837204	0.452413526233007	-0.0618033988749849
2.71900000000000	0.379779095521803	0.464888242944124	-0.0312868930080539
2.72000000000000	0.368124552684674	0.475528258147576	2.35330259240000e-15
2.72100000000000	0.356411878713254	0.484291580564315	0.0312868930080473
2.72200000000000	0.344642923174521	0.491143625364344	0.0618033988749894
2.72300000000000	0.332819544522991	0.496057350657237	0.0907980999479081
2.72400000000000	0.320943609807208	0.499013364214136	0.117557050458502
2.72500000000000	0.309016994374947	0.500000000000000	0.141421356237315
2.72600000000000	0.297041581577035	0.499013364214136	0.161803398874986
2.72700000000000	0.285019262469977	0.496057350657240	0.178201304837671
2.72800000000000	0.272951935517327	0.491143625364343	0.190211303259032
2.72900000000000	0.260841506289900	0.484291580564316	0.197537668119028
2.73000000000000	0.248689887164858	0.475528258147577	0.200000000000000
2.73100000000000	0.236498997023729	0.464888242944131	0.197537668119028
2.73200000000000	0.224270760949379	0.452413526233009	0.190211303259028
2.73300000000000	0.212007109922053	0.438153340021930	0.178201304837670
2.73400000000000	0.199709980514407	0.422163962751013	0.161803398874992
2.73500000000000	0.187381314585725	0.404508497187478	0.141421356237313
2.73600000000000	0.175023058975277	0.385256621387890	0.117557050458490
2.73700000000000	0.162637165194885	0.364484313710709	0.0907980999479059
2.73800000000000	0.150225589120760	0.342273552964347	0.0618033988749869
2.73900000000000	0.137790290684641	0.318711994874346	0.0312868930080447
2.74000000000000	0.125333233564301	0.293892626146236	-1.15658652212984e-14
2.74100000000000	0.112856384873480	0.267913397489497	-0.0312868930080451
2.74200000000000	0.100361714851214	0.240876837050855	-0.0618033988749873
2.74300000000000	0.0878511965507426	0.212889645782545	-0.0907980999479062
2.74400000000000	0.0753268055279329	0.184062276342333	-0.117557050458500
2.74500000000000	0.0627905195293144	0.154508497187479	-0.141421356237313
2.74600000000000	0.0502443181797713	0.124344943582432	-0.161803398874992
2.74700000000000	0.0376901826699371	0.0936906572928651	-0.178201304837670
2.74800000000000	0.0251300954433337	0.0626666167821534	-0.190211303259035
2.74900000000000	0.0125660398833496	0.0313952597646563	-0.197537668119028
2.75000000000000	4.89982515786259e-15	-1.96129182054553e-15	-0.200000000000000
2.75100000000000	-0.0125660398833469	-0.0313952597646461	-0.197537668119028
2.75200000000000	-0.0251300954433381	-0.0626666167821572	-0.190211303259028
2.75300000000000	-0.0376901826699344	-0.0936906572928689	-0.178201304837671
2.75400000000000	-0.0502443181797686	-0.124344943582422	-0.161803398874986
2.75500000000000	-0.0627905195293117	-0.154508497187470	-0.141421356237315
2.75600000000000	-0.0753268055279373	-0.184062276342336	-0.117557050458492
2.75700000000000	-0.0878511965507399	-0.212889645782535	-0.0907980999479078
2.75800000000000	-0.100361714851211	-0.240876837050858	-0.0618033988749890
2.75900000000000	-0.112856384873477	-0.267913397489488	-0.0312868930080469
2.76000000000000	-0.125333233564306	-0.293892626146240	9.40974407803511e-15
2.76100000000000	-0.137790290684639	-0.318711994874349	0.0312868930080542
2.76200000000000	-0.150225589120757	-0.342273552964339	0.0618033988749853
2.76300000000000	-0.162637165194883	-0.364484313710702	0.0907980999479043
2.76400000000000	-0.175023058975274	-0.385256621387901	0.117557050458498
2.76500000000000	-0.187381314585722	-0.404508497187472	0.141421356237312
2.76600000000000	-0.199709980514404	-0.422163962751007	0.161803398874991
2.76700000000000	-0.212007109922051	-0.438153340021932	0.178201304837674
2.76800000000000	-0.224270760949383	-0.452413526233011	0.190211303259034
2.76900000000000	-0.236498997023726	-0.464888242944127	0.197537668119029
2.77000000000000	-0.248689887164856	-0.475528258147574	0.200000000000000
2.77100000000000	-0.260841506289897	-0.484291580564314	0.197537668119028
2.77200000000000	-0.272951935517324	-0.491143625364346	0.190211303259029
2.77300000000000	-0.285019262469975	-0.496057350657238	0.178201304837671
2.77400000000000	-0.297041581577033	-0.499013364214136	0.161803398874988
2.77500000000000	-0.309016994374944	-0.500000000000000	0.141421356237308
2.77600000000000	-0.320943609807212	-0.499013364214136	0.117557050458485
2.77700000000000	-0.332819544522989	-0.496057350657239	0.0907980999479097
2.77800000000000	-0.344642923174519	-0.491143625364344	0.0618033988749910
2.77900000000000	-0.356411878713251	-0.484291580564318	0.0312868930080490
2.78000000000000	-0.368124552684678	-0.475528258147575	-7.25362293477186e-15
2.78100000000000	-0.379779095521800	-0.464888242944128	-0.0312868930080521
2.78200000000000	-0.391373666837201	-0.452413526233011	-0.0618033988749940
2.78300000000000	-0.402906435713661	-0.438153340021933	-0.0907980999479125
2.78400000000000	-0.414375580993288	-0.422163962751008	-0.117557050458506
2.78500000000000	-0.425779291565076	-0.404508497187473	-0.141421356237310
2.78600000000000	-0.437115766650935	-0.385256621387893	-0.161803398874989
2.78700000000000	-0.448383216090027	-0.364484313710713	-0.178201304837673
2.78800000000000	-0.459579860621489	-0.342273552964340	-0.190211303259033
2.78900000000000	-0.470703932165333	-0.318711994874339	-0.197537668119029
2.79000000000000	-0.481753674101715	-0.293892626146241	-0.200000000000000
2.79100000000000	-0.492727341548290	-0.267913397489501	-0.197537668119029
2.79200000000000	-0.503623201635765	-0.240876837050859	-0.190211303259030
2.79300000000000	-0.514439533781504	-0.212889645782537	-0.178201304837672
2.79400000000000	-0.525174629961292	-0.184062276342338	-0.161803398874989
2.79500000000000	-0.535826794978993	-0.154508497187485	-0.141421356237310
2.79600000000000	-0.546394346734271	-0.124344943582423	-0.117557050458486
2.79700000000000	-0.556875616488189	-0.0936906572928564	-0.0907980999479015
2.79800000000000	-0.567268949126757	-0.0626666167821587	-0.0618033988749931
2.79900000000000	-0.577572703422267	-0.0313952597646617	-0.0312868930080511
2.80000000000000	-0.587785252292472	1.07818436775894e-14	5.09750179150861e-15
2.80100000000000	-0.597904983057517	0.0313952597646549	0.0312868930080500
2.80200000000000	-0.607930297694603	0.0626666167821519	0.0618033988749920
2.80300000000000	-0.617859613090331	0.0936906572928637	0.0907980999479106
2.80400000000000	-0.627691361290702	0.124344943582430	0.117557050458504
2.80500000000000	-0.637423989748691	0.154508497187478	0.141421356237317
2.80600000000000	-0.647055961569445	0.184062276342331	0.161803398874988
2.80700000000000	-0.656585755752957	0.212889645782530	0.178201304837672
2.80800000000000	-0.666011867434251	0.240876837050866	0.190211303259033
2.80900000000000	-0.675332808121023	0.267913397489496	0.197537668119028
2.81000000000000	-0.684547105928687	0.293892626146235	0.200000000000000
2.81100000000000	-0.693653305812803	0.318711994874345	0.197537668119027
2.81200000000000	-0.702649969798852	0.342273552964345	0.190211303259027
2.81300000000000	-0.711535677209287	0.364484313710708	0.178201304837673
2.81400000000000	-0.720309024887908	0.385256621387898	0.161803398874990
2.81500000000000	-0.728968627421412	0.404508497187469	0.141421356237311
2.81600000000000	-0.737513117358169	0.422163962751004	0.117557050458497
2.81700000000000	-0.745941145424182	0.438153340021930	0.0907980999479034
2.81800000000000	-0.754251380736103	0.452413526233008	0.0618033988749843
2.81900000000000	-0.762442511011447	0.464888242944125	0.0312868930080420
2.82000000000000	-0.770513242775787	0.475528258147572	8.42730312391624e-15
2.82100000000000	-0.778462301567026	0.484291580564316	-0.0312868930080479
2.82200000000000	-0.786288432136621	0.491143625364345	-0.0618033988749899
2.82300000000000	-0.793990398647832	0.496057350657238	-0.0907980999479087
2.82400000000000	-0.801566984870873	0.499013364214135	-0.117557050458493
2.82500000000000	-0.809016994374948	0.500000000000000	-0.141421356237315
2.82600000000000	-0.816339250717184	0.499013364214136	-0.161803398874994
2.82700000000000	-0.823532597628427	0.496057350657239	-0.178201304837671
2.82800000000000	-0.830595899195812	0.491143625364345	-0.190211303259029
2.82900000000000	-0.837528040042144	0.484291580564315	-0.197537668119028
2.83000000000000	-0.844327925502013	0.475528258147576	-0.200000000000000
2.83100000000000	-0.850994481794690	0.464888242944130	-0.197537668119027
2.83200000000000	-0.857526656193650	0.452413526233014	-0.190211303259031
2.83300000000000	-0.863923417192836	0.438153340021929	-0.178201304837669
2.83400000000000	-0.870183754669526	0.422163962751011	-0.161803398874985
2.83500000000000	-0.876306680043863	0.404508497187476	-0.141421356237313
2.83600000000000	-0.882291226434953	0.385256621387896	-0.117557050458499
2.83700000000000	-0.888136448813544	0.364484313710707	-0.0907980999479053
2.83800000000000	-0.893841424151263	0.342273552964344	-0.0618033988749864
2.83900000000000	-0.899405251566370	0.318711994874343	-0.0312868930080442
2.84000000000000	-0.904827052466018	0.293892626146245	7.85259504982118e-16
2.84100000000000	-0.910105970684997	0.267913397489494	0.0312868930080569
2.84200000000000	-0.915241172620918	0.240876837050864	0.0618033988749879
2.84300000000000	-0.920231847365870	0.212889645782542	0.0907980999479067
2.84400000000000	-0.925077206834458	0.184062276342343	0.117557050458491
2.84500000000000	-0.929776485888251	0.154508497187476	0.141421356237314
2.84600000000000	-0.934328942456611	0.124344943582428	0.161803398874992
2.84700000000000	-0.938733857653873	0.0936906572928617	0.178201304837675
2.84800000000000	-0.942990535892863	0.0626666167821640	0.190211303259028
2.84900000000000	-0.947098304994745	0.0313952597646529	0.197537668119029
2.85000000000000	-0.951056516295154	-5.39154081943130e-15	0.200000000000000
2.85100000000000	-0.954864544746643	-0.0313952597646495	0.197537668119028
2.85200000000000	-0.958521789017374	-0.0626666167821465	0.190211303259032
2.85300000000000	-0.962027671586086	-0.0936906572928584	0.178201304837670
2.85400000000000	-0.965381638833274	-0.124344943582425	0.161803398874986
2.85500000000000	-0.968583161128631	-0.154508497187473	0.141421356237306
2.85600000000000	-0.971631732914673	-0.184062276342326	0.117557050458501
2.85700000000000	-0.974526872786578	-0.212889645782538	0.0907980999479073
2.85800000000000	-0.977268123568194	-0.240876837050861	0.0618033988749884
2.85900000000000	-0.979855052384246	-0.267913397489491	0.0312868930080463
2.86000000000000	-0.982287250728688	-0.293892626146231	1.37086163828113e-15
2.86100000000000	-0.984564334529205	-0.318711994874352	-0.0312868930080548
2.86200000000000	-0.986685944207868	-0.342273552964342	-0.0618033988749966
2.86300000000000	-0.988651744737914	-0.364484313710704	-0.0907980999479048
2.86400000000000	-0.990461425696651	-0.385256621387894	-0.117557050458489
2.86500000000000	-0.992114701314478	-0.404508497187474	-0.141421356237312
2.86600000000000	-0.993611310520008	-0.422163962751009	-0.161803398874991
2.86700000000000	-0.994951016981300	-0.438153340021927	-0.178201304837674
2.86800000000000	-0.996133609143172	-0.452413526233006	-0.190211303259031
2.86900000000000	-0.997158900260614	-0.464888242944128	-0.197537668119029
2.87000000000000	-0.998026728428272	-0.475528258147575	-0.200000000000000
2.87100000000000	-0.998736956606017	-0.484291580564315	-0.197537668119028
2.87200000000000	-0.999289472640589	-0.491143625364344	-0.190211303259032
2.87300000000000	-0.999684189283300	-0.496057350657239	-0.178201304837671
2.87400000000000	-0.999921044203816	-0.499013364214136	-0.161803398874987
2.87500000000000	-1.00000000000000	-0.500000000000000	-0.141421356237308
2.87600000000000	-0.999921044203816	-0.499013364214136	-0.117557050458493
2.87700000000000	-0.999684189283300	-0.496057350657238	-0.0907980999478991
2.87800000000000	-0.999289472640589	-0.491143625364346	-0.0618033988749905
2.87900000000000	-0.998736956606017	-0.484291580564317	-0.0312868930080484
2.88000000000000	-0.998026728428272	-0.475528258147578	-3.52698278154438e-15
2.88100000000000	-0.997158900260614	-0.464888242944126	0.0312868930080527
2.88200000000000	-0.996133609143173	-0.452413526233010	0.0618033988749946
2.88300000000000	-0.994951016981300	-0.438153340021931	0.0907980999479130
2.88400000000000	-0.993611310520009	-0.422163962751014	0.117557050458497
2.88500000000000	-0.992114701314477	-0.404508497187471	0.141421356237319
2.88600000000000	-0.990461425696651	-0.385256621387891	0.161803398874990
2.88700000000000	-0.988651744737914	-0.364484313710710	0.178201304837673
2.88800000000000	-0.986685944207868	-0.342273552964348	0.190211303259030
2.88900000000000	-0.984564334529205	-0.318711994874336	0.197537668119029
2.89000000000000	-0.982287250728689	-0.293892626146238	0.200000000000000
2.89100000000000	-0.979855052384247	-0.267913397489498	0.197537668119027
2.89200000000000	-0.977268123568194	-0.240876837050869	0.190211303259033
2.89300000000000	-0.974526872786576	-0.212889645782534	0.178201304837672
2.89400000000000	-0.971631732914673	-0.184062276342335	0.161803398874988
2.89500000000000	-0.968583161128632	-0.154508497187481	0.141421356237309
2.89600000000000	-0.965381638833275	-0.124344943582434	0.117557050458495
2.89700000000000	-0.962027671586086	-0.0936906572928531	0.0907980999479010
2.89800000000000	-0.958521789017376	-0.0626666167821553	0.0618033988749817
2.89900000000000	-0.954864544746643	-0.0313952597646583	0.0312868930080506
2.90000000000000	-0.951056516295154	1.23796127317672e-18	5.68310392480762e-15
2.90100000000000	-0.947098304994743	0.0313952597646583	-0.0312868930080506
2.90200000000000	-0.942990535892865	0.0626666167821553	-0.0618033988749925
2.90300000000000	-0.938733857653875	0.0936906572928531	-0.0907980999479111
2.90400000000000	-0.934328942456614	0.124344943582420	-0.117557050458495
2.90500000000000	-0.929776485888251	0.154508497187481	-0.141421356237317
2.90600000000000	-0.925077206834458	0.184062276342335	-0.161803398874995
2.90700000000000	-0.920231847365870	0.212889645782534	-0.178201304837672
2.90800000000000	-0.915241172620918	0.240876837050856	-0.190211303259029
2.90900000000000	-0.910105970684996	0.267913397489498	-0.197537668119028
2.91000000000000	-0.904827052466020	0.293892626146238	-0.200000000000000
2.91100000000000	-0.899405251566372	0.318711994874347	-0.197537668119027
2.91200000000000	-0.893841424151265	0.342273552964338	-0.190211303259030
2.91300000000000	-0.888136448813543	0.364484313710710	-0.178201304837668
2.91400000000000	-0.882291226434952	0.385256621387891	-0.161803398874990
2.91500000000000	-0.876306680043863	0.404508497187471	-0.141421356237311
2.91600000000000	-0.870183754669526	0.422163962751006	-0.117557050458497
2.91700000000000	-0.863923417192836	0.438153340021931	-0.0907980999479029
2.91800000000000	-0.857526656193653	0.452413526233010	-0.0618033988749838
2.91900000000000	-0.850994481794693	0.464888242944126	-0.0312868930080415
2.92000000000000	-0.844327925502017	0.475528258147573	3.52945870409073e-15
2.92100000000000	-0.837528040042140	0.484291580564317	0.0312868930080597
2.92200000000000	-0.830595899195811	0.491143625364346	0.0618033988749905
2.92300000000000	-0.823532597628426	0.496057350657238	0.0907980999479092
2.92400000000000	-0.816339250717183	0.499013364214136	0.117557050458493
2.92500000000000	-0.809016994374947	0.500000000000000	0.141421356237316
2.92600000000000	-0.801566984870877	0.499013364214136	0.161803398874994
2.92700000000000	-0.793990398647836	0.496057350657239	0.178201304837676
2.92800000000000	-0.786288432136620	0.491143625364347	0.190211303259029
2.92900000000000	-0.778462301567021	0.484291580564315	0.197537668119028
2.93000000000000	-0.770513242775787	0.475528258147575	0.200000000000000
2.93100000000000	-0.762442511011451	0.464888242944128	0.197537668119027
2.93200000000000	-0.754251380736107	0.452413526233012	0.190211303259031
2.93300000000000	-0.745941145424181	0.438153340021927	0.178201304837669
2.93400000000000	-0.737513117358174	0.422163962751009	0.161803398874984
2.93500000000000	-0.728968627421412	0.404508497187474	0.141421356237304
2.93600000000000	-0.720309024887908	0.385256621387894	0.117557050458499
2.93700000000000	-0.711535677209282	0.364484313710704	0.0907980999479048
2.93800000000000	-0.702649969798851	0.342273552964342	0.0618033988749858
2.93900000000000	-0.693653305812807	0.318711994874352	0.0312868930080436
2.94000000000000	-0.684547105928692	0.293892626146242	-1.37333756082748e-15
2.94100000000000	-0.675332808121023	0.267913397489491	-0.0312868930080575
2.94200000000000	-0.666011867434251	0.240876837050861	-0.0618033988749992
2.94300000000000	-0.656585755752956	0.212889645782538	-0.0907980999479073
2.94400000000000	-0.647055961569445	0.184062276342340	-0.117557050458492
2.94500000000000	-0.637423989748691	0.154508497187486	-0.141421356237306
2.94600000000000	-0.627691361290702	0.124344943582425	-0.161803398874993
2.94700000000000	-0.617859613090336	0.0936906572928584	-0.178201304837675
2.94800000000000	-0.607930297694608	0.0626666167821606	-0.190211303259032
2.94900000000000	-0.597904983057522	0.0313952597646637	-0.197537668119026
2.95000000000000	-0.587785252292471	-8.82178981831706e-15	-0.200000000000000
2.95100000000000	-0.577572703422267	-0.0313952597646529	-0.197537668119028
2.95200000000000	-0.567268949126756	-0.0626666167821500	-0.190211303259031
2.95300000000000	-0.556875616488188	-0.0936906572928478	-0.178201304837675
2.95400000000000	-0.546394346734270	-0.124344943582428	-0.161803398874986
2.95500000000000	-0.535826794978998	-0.154508497187476	-0.141421356237306
2.95600000000000	-0.525174629961298	-0.184062276342330	-0.117557050458491
2.95700000000000	-0.514439533781509	-0.212889645782529	-0.0907980999479169
2.95800000000000	-0.503623201635758	-0.240876837050864	-0.0618033988749879
2.95900000000000	-0.492727341548290	-0.267913397489494	-0.0312868930080457
2.96000000000000	-0.481753674101714	-0.293892626146234	-7.82783582435765e-16
2.96100000000000	-0.470703932165338	-0.318711994874343	0.0312868930080442
2.96200000000000	-0.459579860621488	-0.342273552964344	0.0618033988749972
2.96300000000000	-0.448383216090033	-0.364484313710707	0.0907980999479155
2.96400000000000	-0.437115766650934	-0.385256621387887	0.117557050458490
2.96500000000000	-0.425779291565075	-0.404508497187468	0.141421356237305
2.96600000000000	-0.414375580993281	-0.422163962751011	0.161803398874991
2.96700000000000	-0.402906435713660	-0.438153340021929	0.178201304837674
2.96800000000000	-0.391373666837207	-0.452413526233008	0.190211303259031
2.96900000000000	-0.379779095521806	-0.464888242944124	0.197537668119027
2.97000000000000	-0.368124552684677	-0.475528258147576	0.200000000000000
2.97100000000000	-0.356411878713251	-0.484291580564315	0.197537668119026
2.97200000000000	-0.344642923174518	-0.491143625364345	0.190211303259032
2.97300000000000	-0.332819544522988	-0.496057350657237	0.178201304837676
2.97400000000000	-0.320943609807212	-0.499013364214136	0.161803398874987
2.97500000000000	-0.309016994374951	-0.500000000000000	0.141421356237307
2.97600000000000	-0.297041581577039	-0.499013364214136	0.117557050458493
2.97700000000000	-0.285019262469981	-0.496057350657240	0.0907980999479087
2.97800000000000	-0.272951935517324	-0.491143625364345	0.0618033988749791
2.97900000000000	-0.260841506289896	-0.484291580564316	0.0312868930080478
2.98000000000000	-0.248689887164855	-0.475528258147577	2.93890472569901e-15
2.98100000000000	-0.236498997023725	-0.464888242944130	-0.0312868930080420
2.98200000000000	-0.224270760949383	-0.452413526233008	-0.0618033988749951
2.98300000000000	-0.212007109922057	-0.438153340021930	-0.0907980999479135
2.98400000000000	-0.199709980514410	-0.422163962751012	-0.117557050458497
2.98500000000000	-0.187381314585729	-0.404508497187477	-0.141421356237311
2.98600000000000	-0.175023058975274	-0.385256621387889	-0.161803398874997
2.98700000000000	-0.162637165194882	-0.364484313710708	-0.178201304837673
2.98800000000000	-0.150225589120756	-0.342273552964345	-0.190211303259030
2.98900000000000	-0.137790290684638	-0.318711994874356	-0.197537668119027
2.99000000000000	-0.125333233564305	-0.293892626146235	-0.200000000000000
2.99100000000000	-0.112856384873483	-0.267913397489496	-0.197537668119027
2.99200000000000	-0.100361714851217	-0.240876837050866	-0.190211303259029
2.99300000000000	-0.0878511965507463	-0.212889645782543	-0.178201304837677
2.99400000000000	-0.0753268055279295	-0.184062276342331	-0.161803398874988
2.99500000000000	-0.0627905195293109	-0.154508497187478	-0.141421356237309
2.99600000000000	-0.0502443181797679	-0.124344943582430	-0.117557050458495
2.99700000000000	-0.0376901826699408	-0.0936906572928636	-0.0907980999479106
2.99800000000000	-0.0251300954433374	-0.0626666167821519	-0.0618033988749812
2.99900000000000	-0.0125660398833533	-0.0313952597646549	-0.0312868930080387
3.00000000000000	-1.46957615897682e-15	-1.07793677550431e-14	-5.09502586896226e-15
3.00100000000000	0.0125660398833504	0.0313952597646475	0.0312868930080399
3.00200000000000	0.0251300954433415	0.0626666167821587	0.0618033988749931
3.00300000000000	0.0376901826699378	0.0936906572928564	0.0907980999479116
3.00400000000000	0.0502443181797650	0.124344943582423	0.117557050458496
3.00500000000000	0.0627905195293080	0.154508497187471	0.141421356237310
3.00600000000000	0.0753268055279337	0.184062276342338	0.161803398874995
3.00700000000000	0.0878511965507433	0.212889645782537	0.178201304837678
3.00800000000000	0.100361714851214	0.240876837050859	0.190211303259030
3.00900000000000	0.112856384873480	0.267913397489489	0.197537668119027
3.01000000000000	0.125333233564309	0.293892626146241	0.200000000000000
3.01100000000000	0.137790290684635	0.318711994874350	0.197537668119027
3.01200000000000	0.150225589120753	0.342273552964340	0.190211303259030
3.01300000000000	0.162637165194879	0.364484313710703	0.178201304837673
3.01400000000000	0.175023058975278	0.385256621387893	0.161803398874983
3.01500000000000	0.187381314585726	0.404508497187473	0.141421356237310
3.01600000000000	0.199709980514407	0.422163962751008	0.117557050458496
3.01700000000000	0.212007109922054	0.438153340021926	0.0907980999479125
3.01800000000000	0.224270760949380	0.452413526233011	0.0618033988749832
3.01900000000000	0.236498997023723	0.464888242944128	0.0312868930080409
3.02000000000000	0.248689887164852	0.475528258147575	-4.11753675993610e-15
3.02100000000000	0.260841506289893	0.484291580564314	-0.0312868930080490
3.02200000000000	0.272951935517328	0.491143625364346	-0.0618033988750019
3.02300000000000	0.285019262469978	0.496057350657239	-0.0907980999479097
3.02400000000000	0.297041581577036	0.499013364214136	-0.117557050458494
3.02500000000000	0.309016994374948	0.500000000000000	-0.141421356237308
3.02600000000000	0.320943609807209	0.499013364214136	-0.161803398874994
3.02700000000000	0.332819544522985	0.496057350657238	-0.178201304837677
3.02800000000000	0.344642923174515	0.491143625364346	-0.190211303259032
3.02900000000000	0.356411878713248	0.484291580564317	-0.197537668119026
3.03000000000000	0.368124552684681	0.475528258147574	-0.200000000000000
3.03100000000000	0.379779095521804	0.464888242944127	-0.197537668119027
3.03200000000000	0.391373666837204	0.452413526233011	-0.190211303259031
3.03300000000000	0.402906435713657	0.438153340021932	-0.178201304837674
3.03400000000000	0.414375580993284	0.422163962751007	-0.161803398874984
3.03500000000000	0.425779291565072	0.404508497187472	-0.141421356237304
3.03600000000000	0.437115766650932	0.385256621387892	-0.117557050458489
3.03700000000000	0.448383216090031	0.364484313710712	-0.0907980999479144
3.03800000000000	0.459579860621492	0.342273552964339	-0.0618033988749853
3.03900000000000	0.470703932165336	0.318711994874349	-0.0312868930080430
3.04000000000000	0.481753674101711	0.293892626146240	1.96141561667285e-15
3.04100000000000	0.492727341548287	0.267913397489500	0.0312868930080469
3.04200000000000	0.503623201635762	0.240876837050858	0.0618033988749998
3.04300000000000	0.514439533781507	0.212889645782535	0.0907980999479179
3.04400000000000	0.525174629961295	0.184062276342336	0.117557050458492
3.04500000000000	0.535826794978996	0.154508497187483	0.141421356237307
3.04600000000000	0.546394346734273	0.124344943582422	0.161803398874993
3.04700000000000	0.556875616488186	0.0936906572928550	0.178201304837676
3.04800000000000	0.567268949126754	0.0626666167821572	0.190211303259032
3.04900000000000	0.577572703422264	0.0313952597646602	0.197537668119028
3.05000000000000	0.587785252292475	1.95881589799918e-15	0.200000000000000
3.05100000000000	0.597904983057520	-0.0313952597646563	0.197537668119026
3.05200000000000	0.607930297694606	-0.0626666167821534	0.190211303259031
3.05300000000000	0.617859613090334	-0.0936906572928511	0.178201304837675
3.05400000000000	0.627691361290700	-0.124344943582432	0.161803398874985
3.05500000000000	0.637423989748688	-0.154508497187479	0.141421356237305
3.05600000000000	0.647055961569442	-0.184062276342333	0.117557050458491
3.05700000000000	0.656585755752954	-0.212889645782532	0.0907980999479062
3.05800000000000	0.666011867434254	-0.240876837050867	0.0618033988749765
3.05900000000000	0.675332808121026	-0.267913397489497	0.0312868930080451
3.06000000000000	0.684547105928690	-0.293892626146236	1.94705526590400e-16
3.06100000000000	0.693653305812805	-0.318711994874346	-0.0312868930080448
3.06200000000000	0.702649969798849	-0.342273552964347	-0.0618033988749977
3.06300000000000	0.711535677209285	-0.364484313710709	-0.0907980999479160
3.06400000000000	0.720309024887906	-0.385256621387890	-0.117557050458500
3.06500000000000	0.728968627421410	-0.404508497187470	-0.141421356237305
3.06600000000000	0.737513117358176	-0.422163962751013	-0.161803398874998
3.06700000000000	0.745941145424184	-0.438153340021930	-0.178201304837675
3.06800000000000	0.754251380736105	-0.452413526233009	-0.190211303259031
3.06900000000000	0.762442511011449	-0.464888242944126	-0.197537668119028
3.07000000000000	0.770513242775790	-0.475528258147577	-0.200000000000000
3.07100000000000	0.778462301567023	-0.484291580564316	-0.197537668119026
3.07200000000000	0.786288432136618	-0.491143625364345	-0.190211303259028
3.07300000000000	0.793990398647834	-0.496057350657238	-0.178201304837676
3.07400000000000	0.801566984870875	-0.499013364214135	-0.161803398874993
3.07500000000000	0.809016994374950	-0.500000000000000	-0.141421356237307
3.07600000000000	0.816339250717182	-0.499013364214136	-0.117557050458493
3.07700000000000	0.823532597628425	-0.496057350657239	-0.0907980999479081
3.07800000000000	0.830595899195809	-0.491143625364347	-0.0618033988749894
3.07900000000000	0.837528040042142	-0.484291580564315	-0.0312868930080360
3.08000000000000	0.844327925502015	-0.475528258147576	-2.35082666985365e-15
3.08100000000000	0.850994481794691	-0.464888242944129	0.0312868930080426
3.08200000000000	0.857526656193651	-0.452413526233013	0.0618033988749849
3.08300000000000	0.863923417192834	-0.438153340021928	0.0907980999479141
3.08400000000000	0.870183754669524	-0.422163962751010	0.117557050458498
3.08500000000000	0.876306680043862	-0.404508497187475	0.141421356237312
3.08600000000000	0.882291226434951	-0.385256621387895	0.161803398874990
3.08700000000000	0.888136448813545	-0.364484313710706	0.178201304837679
3.08800000000000	0.893841424151264	-0.342273552964343	0.190211303259030
3.08900000000000	0.899405251566371	-0.318711994874353	0.197537668119027
3.09000000000000	0.904827052466019	-0.293892626146244	0.200000000000000
3.09100000000000	0.910105970684995	-0.267913397489493	0.197537668119027
3.09200000000000	0.915241172620917	-0.240876837050863	0.190211303259029
3.09300000000000	0.920231847365869	-0.212889645782540	0.178201304837672
3.09400000000000	0.925077206834457	-0.184062276342342	0.161803398874994
3.09500000000000	0.929776485888252	-0.154508497187475	0.141421356237308
3.09600000000000	0.934328942456613	-0.124344943582427	0.117557050458494
3.09700000000000	0.938733857653874	-0.0936906572928603	0.0907980999479100
3.09800000000000	0.942990535892865	-0.0626666167821626	0.0618033988749914
3.09900000000000	0.947098304994744	-0.0313952597646514	0.0312868930080382
3.10000000000000	0.951056516295153	-7.34911875615730e-15	-6.86173595904471e-15
3.10100000000000	0.954864544746642	0.0313952597646509	-0.0312868930080517
3.10200000000000	0.958521789017375	0.0626666167821480	-0.0618033988749828
3.10300000000000	0.962027671586087	0.0936906572928598	-0.0907980999479122
3.10400000000000	0.965381638833275	0.124344943582426	-0.117557050458496
3.10500000000000	0.968583161128632	0.154508497187474	-0.141421356237310
3.10600000000000	0.971631732914672	0.184062276342328	-0.161803398874989
3.10700000000000	0.974526872786577	0.212889645782540	-0.178201304837678
3.10800000000000	0.977268123568193	0.240876837050862	-0.190211303259033
3.10900000000000	0.979855052384247	0.267913397489492	-0.197537668119027
3.11000000000000	0.982287250728688	0.293892626146232	-0.200000000000000
3.11100000000000	0.984564334529206	0.318711994874342	-0.197537668119027
3.11200000000000	0.986685944207867	0.342273552964343	-0.190211303259030
3.11300000000000	0.988651744737913	0.364484313710705	-0.178201304837673
3.11400000000000	0.990461425696651	0.385256621387886	-0.161803398874989
3.11500000000000	0.992114701314478	0.404508497187475	-0.141421356237302
3.11600000000000	0.993611310520008	0.422163962751010	-0.117557050458496
3.11700000000000	0.994951016981300	0.438153340021928	-0.0907980999479120
3.11800000000000	0.996133609143172	0.452413526233007	-0.0618033988749935
3.11900000000000	0.997158900260614	0.464888242944129	-0.0312868930080403
3.12000000000000	0.998026728428271	0.475528258147576	4.70561481578146e-15
3.12100000000000	0.998736956606017	0.484291580564315	0.0312868930080496
3.12200000000000	0.999289472640589	0.491143625364344	0.0618033988749916
3.12300000000000	0.999684189283300	0.496057350657239	0.0907980999479204
3.12400000000000	0.999921044203816	0.499013364214136	0.117557050458494
3.12500000000000	1.00000000000000	0.500000000000000	0.141421356237308
3.12600000000000	0.999921044203816	0.499013364214136	0.161803398874988
3.12700000000000	0.999684189283300	0.496057350657238	0.178201304837677
3.12800000000000	0.999289472640589	0.491143625364345	0.190211303259033
3.12900000000000	0.998736956606018	0.484291580564316	0.197537668119028
3.13000000000000	0.998026728428272	0.475528258147577	0.200000000000000
3.13100000000000	0.997158900260614	0.464888242944126	0.197537668119027
3.13200000000000	0.996133609143172	0.452413526233009	0.190211303259030
3.13300000000000	0.994951016981300	0.438153340021930	0.178201304837674
3.13400000000000	0.993611310520008	0.422163962751013	0.161803398874990
3.13500000000000	0.992114701314478	0.404508497187470	0.141421356237303
3.13600000000000	0.990461425696651	0.385256621387899	0.117557050458489
3.13700000000000	0.988651744737914	0.364484313710709	0.0907980999479038
3.13800000000000	0.986685944207868	0.342273552964347	0.0618033988749955
3.13900000000000	0.984564334529205	0.318711994874346	0.0312868930080424
3.14000000000000	0.982287250728688	0.293892626146237	-2.54949367251821e-15
3.14100000000000	0.979855052384247	0.267913397489497	-0.0312868930080475
3.14200000000000	0.977268123568195	0.240876837050868	-0.0618033988749895
3.14300000000000	0.974526872786577	0.212889645782532	-0.0907980999479184
3.14400000000000	0.971631732914674	0.184062276342333	-0.117557050458502
3.14500000000000	0.968583161128631	0.154508497187480	-0.141421356237307
3.14600000000000	0.965381638833274	0.124344943582432	-0.161803398874987
3.14700000000000	0.962027671586085	0.0936906572928656	-0.178201304837676
3.14800000000000	0.958521789017375	0.0626666167821538	-0.190211303259032
3.14900000000000	0.954864544746644	0.0313952597646568	-0.197537668119028
3.15000000000000	0.951056516295155	1.27394216143154e-14	-0.200000000000000
3.15100000000000	0.947098304994744	-0.0313952597646598	-0.197537668119026
3.15200000000000	0.942990535892864	-0.0626666167821568	-0.190211303259028
3.15300000000000	0.938733857653874	-0.0936906572928545	-0.178201304837675
3.15400000000000	0.934328942456612	-0.124344943582421	-0.161803398874992
3.15500000000000	0.929776485888252	-0.154508497187483	-0.141421356237305
3.15600000000000	0.925077206834459	-0.184062276342336	-0.117557050458490
3.15700000000000	0.920231847365872	-0.212889645782535	-0.0907980999479057
3.15800000000000	0.915241172620919	-0.240876837050858	-0.0618033988749868
3.15900000000000	0.910105970684995	-0.267913397489500	-0.0312868930080333
3.16000000000000	0.904827052466019	-0.293892626146239	3.93372529254965e-16
3.16100000000000	0.899405251566371	-0.318711994874338	0.0312868930080453
3.16200000000000	0.893841424151264	-0.342273552964339	0.0618033988749875
3.16300000000000	0.888136448813545	-0.364484313710711	0.0907980999479165
3.16400000000000	0.882291226434954	-0.385256621387892	0.117557050458500
3.16500000000000	0.876306680043865	-0.404508497187472	0.141421356237313
3.16600000000000	0.870183754669527	-0.422163962751007	0.161803398874985
3.16700000000000	0.863923417192834	-0.438153340021932	0.178201304837680
3.16800000000000	0.857526656193651	-0.452413526233011	0.190211303259031
3.16900000000000	0.850994481794691	-0.464888242944127	0.197537668119028
3.17000000000000	0.844327925502015	-0.475528258147574	0.200000000000000
3.17100000000000	0.837528040042142	-0.484291580564317	0.197537668119026
3.17200000000000	0.830595899195813	-0.491143625364343	0.190211303259028
3.17300000000000	0.823532597628428	-0.496057350657238	0.178201304837670
3.17400000000000	0.816339250717185	-0.499013364214136	0.161803398874993
3.17500000000000	0.809016994374945	-0.500000000000000	0.141421356237306
3.17600000000000	0.801566984870875	-0.499013364214136	0.117557050458492
3.17700000000000	0.793990398647834	-0.496057350657239	0.0907980999479076
3.17800000000000	0.786288432136622	-0.491143625364346	0.0618033988749888
3.17900000000000	0.778462301567023	-0.484291580564314	0.0312868930080355
3.18000000000000	0.770513242775789	-0.475528258147575	-9.60593515815332e-15
3.18100000000000	0.762442511011448	-0.464888242944128	-0.0312868930080432
3.18200000000000	0.754251380736105	-0.452413526233012	-0.0618033988749854
3.18300000000000	0.745941145424179	-0.438153340021926	-0.0907980999479146
3.18400000000000	0.737513117358171	-0.422163962751008	-0.117557050458498
3.18500000000000	0.728968627421414	-0.404508497187473	-0.141421356237312
3.18600000000000	0.720309024887910	-0.385256621387902	-0.161803398874991
3.18700000000000	0.711535677209284	-0.364484313710703	-0.178201304837679
3.18800000000000	0.702649969798849	-0.342273552964340	-0.190211303259034
3.18900000000000	0.693653305812805	-0.318711994874350	-0.197537668119027
3.19000000000000	0.684547105928689	-0.293892626146241	-0.200000000000000
3.19100000000000	0.675332808121020	-0.267913397489490	-0.197537668119026
3.19200000000000	0.666011867434253	-0.240876837050860	-0.190211303259029
3.19300000000000	0.656585755752959	-0.212889645782537	-0.178201304837671
3.19400000000000	0.647055961569447	-0.184062276342338	-0.161803398874987
3.19500000000000	0.637423989748688	-0.154508497187472	-0.141421356237300
3.19600000000000	0.627691361290699	-0.124344943582424	-0.117557050458494
3.19700000000000	0.617859613090334	-0.0936906572928709	-0.0907980999479095
3.19800000000000	0.607930297694605	-0.0626666167821592	-0.0618033988749908
3.19900000000000	0.597904983057519	-0.0313952597646480	-0.0312868930080376
3.20000000000000	0.587785252292474	-3.91886975727153e-15	7.44981401489007e-15
3.20100000000000	0.577572703422270	0.0313952597646544	0.0312868930080523
3.20200000000000	0.567268949126759	0.0626666167821514	0.0618033988749942
3.20300000000000	0.556875616488191	0.0936906572928492	0.0907980999479026
3.20400000000000	0.546394346734267	0.124344943582430	0.117557050458497
3.20500000000000	0.535826794978995	0.154508497187478	0.141421356237310
3.20600000000000	0.525174629961295	0.184062276342331	0.161803398874989
3.20700000000000	0.514439533781506	0.212889645782530	0.178201304837673
3.20800000000000	0.503623201635761	0.240876837050865	0.190211303259033
3.20900000000000	0.492727341548293	0.267913397489495	0.197537668119029
3.21000000000000	0.481753674101717	0.293892626146235	0.200000000000000
3.21100000000000	0.470703932165335	0.318711994874333	0.197537668119029
3.21200000000000	0.459579860621485	0.342273552964345	0.190211303259030
3.21300000000000	0.448383216090030	0.364484313710708	0.178201304837672
3.21400000000000	0.437115766650938	0.385256621387888	0.161803398874989
3.21500000000000	0.425779291565078	0.404508497187469	0.141421356237309
3.21600000000000	0.414375580993284	0.422163962751012	0.117557050458486
3.21700000000000	0.402906435713663	0.438153340021929	0.0907980999479115
3.21800000000000	0.391373666837204	0.452413526233008	0.0618033988749929
3.21900000000000	0.379779095521803	0.464888242944125	0.0312868930080509
3.22000000000000	0.368124552684674	0.475528258147577	-5.29369287162682e-15
3.22100000000000	0.356411878713254	0.484291580564316	-0.0312868930080502
3.22200000000000	0.344642923174521	0.491143625364342	-0.0618033988749922
3.22300000000000	0.332819544522992	0.496057350657238	-0.0907980999479108
3.22400000000000	0.320943609807209	0.499013364214136	-0.117557050458504
3.22500000000000	0.309016994374947	0.500000000000000	-0.141421356237309
3.22600000000000	0.297041581577035	0.499013364214136	-0.161803398874988
3.22700000000000	0.285019262469977	0.496057350657239	-0.178201304837672
3.22800000000000	0.272951935517327	0.491143625364345	-0.190211303259033
3.22900000000000	0.260841506289900	0.484291580564316	-0.197537668119028
3.23000000000000	0.248689887164858	0.475528258147576	-0.200000000000000
3.23100000000000	0.236498997023729	0.464888242944130	-0.197537668119029
3.23200000000000	0.224270760949379	0.452413526233008	-0.190211303259030
3.23300000000000	0.212007109922054	0.438153340021936	-0.178201304837673
3.23400000000000	0.199709980514407	0.422163962751011	-0.161803398874990
3.23500000000000	0.187381314585725	0.404508497187477	-0.141421356237311
3.23600000000000	0.175023058975277	0.385256621387897	-0.117557050458488
3.23700000000000	0.162637165194886	0.364484313710707	-0.0907980999479032
3.23800000000000	0.150225589120760	0.342273552964344	-0.0618033988749841
3.23900000000000	0.137790290684642	0.318711994874355	-0.0312868930080531
3.24000000000000	0.125333233564302	0.293892626146234	3.13757172836358e-15
3.24100000000000	0.112856384873480	0.267913397489494	0.0312868930080480
3.24200000000000	0.100361714851214	0.240876837050865	0.0618033988749901
3.24300000000000	0.0878511965507428	0.212889645782542	0.0907980999479088
3.24400000000000	0.0753268055279332	0.184062276342330	0.117557050458502
3.24500000000000	0.0627905195293146	0.154508497187477	0.141421356237315
3.24600000000000	0.0502443181797716	0.124344943582429	0.161803398874987
3.24700000000000	0.0376901826699373	0.0936906572928762	0.178201304837671
3.24800000000000	0.0251300954433340	0.0626666167821504	0.190211303259032
3.24900000000000	0.0125660398833499	0.0313952597646534	0.197537668119028
3.25000000000000	-1.96067283990894e-15	9.30917261542965e-15	0.200000000000000
3.25100000000000	-0.0125660398833467	-0.0313952597646490	0.197537668119027
3.25200000000000	-0.0251300954433379	-0.0626666167821602	0.190211303259027
3.25300000000000	-0.0376901826699342	-0.0936906572928579	0.178201304837669
3.25400000000000	-0.0502443181797684	-0.124344943582425	0.161803398874991
3.25500000000000	-0.0627905195293114	-0.154508497187472	0.141421356237312
3.25600000000000	-0.0753268055279371	-0.184062276342339	0.117557050458490
3.25700000000000	-0.0878511965507397	-0.212889645782538	0.0907980999479052
3.25800000000000	-0.100361714851211	-0.240876837050848	0.0618033988749862
3.25900000000000	-0.112856384873477	-0.267913397489491	0.0312868930080440
3.26000000000000	-0.125333233564305	-0.293892626146242	-1.23501343572619e-14
3.26100000000000	-0.137790290684639	-0.318711994874340	-0.0312868930080571
3.26200000000000	-0.150225589120757	-0.342273552964341	-0.0618033988749989
3.26300000000000	-0.162637165194883	-0.364484313710704	-0.0907980999479170
3.26400000000000	-0.175023058975274	-0.385256621387894	-0.117557050458501
3.26500000000000	-0.187381314585722	-0.404508497187474	-0.141421356237314
3.26600000000000	-0.199709980514404	-0.422163962751009	-0.161803398874992
3.26700000000000	-0.212007109922051	-0.438153340021927	-0.178201304837675
3.26800000000000	-0.224270760949383	-0.452413526233012	-0.190211303259031
3.26900000000000	-0.236498997023726	-0.464888242944128	-0.197537668119028
3.27000000000000	-0.248689887164855	-0.475528258147575	-0.200000000000000
3.27100000000000	-0.260841506289897	-0.484291580564315	-0.197537668119028
3.27200000000000	-0.272951935517324	-0.491143625364344	-0.190211303259032
3.27300000000000	-0.285019262469974	-0.496057350657239	-0.178201304837675
3.27400000000000	-0.297041581577032	-0.499013364214136	-0.161803398874992
3.27500000000000	-0.309016994374944	-0.500000000000000	-0.141421356237314
3.27600000000000	-0.320943609807212	-0.499013364214136	-0.117557050458482
3.27700000000000	-0.332819544522989	-0.496057350657238	-0.0907980999478969
3.27800000000000	-0.344642923174518	-0.491143625364346	-0.0618033988749774
3.27900000000000	-0.356411878713251	-0.484291580564317	-0.0312868930080573
3.28000000000000	-0.368124552684678	-0.475528258147574	1.01940132139987e-14
3.28100000000000	-0.379779095521800	-0.464888242944127	0.0312868930080550
3.28200000000000	-0.391373666837201	-0.452413526233010	0.0618033988749968
3.28300000000000	-0.402906435713660	-0.438153340021938	0.0907980999479151
3.28400000000000	-0.414375580993288	-0.422163962751006	0.117557050458499
3.28500000000000	-0.425779291565075	-0.404508497187471	0.141421356237312
3.28600000000000	-0.437115766650935	-0.385256621387900	0.161803398874991
3.28700000000000	-0.448383216090027	-0.364484313710711	0.178201304837674
3.28800000000000	-0.459579860621488	-0.342273552964338	0.190211303259031
3.28900000000000	-0.470703932165332	-0.318711994874348	0.197537668119027
3.29000000000000	-0.481753674101714	-0.293892626146238	0.200000000000000
3.29100000000000	-0.492727341548290	-0.267913397489499	0.197537668119028
3.29200000000000	-0.503623201635765	-0.240876837050857	0.190211303259025
3.29300000000000	-0.514439533781504	-0.212889645782534	0.178201304837676
3.29400000000000	-0.525174629961292	-0.184062276342335	0.161803398874994
3.29500000000000	-0.535826794978993	-0.154508497187482	0.141421356237315
3.29600000000000	-0.546394346734270	-0.124344943582420	0.117557050458484
3.29700000000000	-0.556875616488189	-0.0936906572928675	0.0907980999478989
3.29800000000000	-0.567268949126756	-0.0626666167821558	0.0618033988749795
3.29900000000000	-0.577572703422267	-0.0313952597646588	0.0312868930080370
3.30000000000000	-0.587785252292472	-4.88620758385765e-16	-8.03789207073544e-15
3.30100000000000	-0.597904983057517	0.0313952597646578	-0.0312868930080529
3.30200000000000	-0.607930297694603	0.0626666167821548	-0.0618033988749948
3.30300000000000	-0.617859613090331	0.0936906572928526	-0.0907980999479132
3.30400000000000	-0.627691361290702	0.124344943582433	-0.117557050458497
3.30500000000000	-0.637423989748691	0.154508497187481	-0.141421356237311
3.30600000000000	-0.647055961569445	0.184062276342334	-0.161803398874990
3.30700000000000	-0.656585755752956	0.212889645782533	-0.178201304837673
3.30800000000000	-0.666011867434251	0.240876837050856	-0.190211303259030
3.30900000000000	-0.675332808121023	0.267913397489498	-0.197537668119027
3.31000000000000	-0.684547105928687	0.293892626146238	-0.200000000000000
3.31100000000000	-0.693653305812803	0.318711994874336	-0.197537668119028
3.31200000000000	-0.702649969798852	0.342273552964348	-0.190211303259026
3.31300000000000	-0.711535677209287	0.364484313710710	-0.178201304837667
3.31400000000000	-0.720309024887908	0.385256621387890	-0.161803398874982
3.31500000000000	-0.728968627421412	0.404508497187471	-0.141421356237317
3.31600000000000	-0.737513117358174	0.422163962751013	-0.117557050458486
3.31700000000000	-0.745941145424182	0.438153340021931	-0.0907980999479008
3.31800000000000	-0.754251380736103	0.452413526233010	-0.0618033988749815
3.31900000000000	-0.762442511011446	0.464888242944126	-0.0312868930080391
3.32000000000000	-0.770513242775792	0.475528258147578	5.88177092747219e-15
3.32100000000000	-0.778462301567025	0.484291580564317	0.0312868930080508
3.32200000000000	-0.786288432136620	0.491143625364343	0.0618033988749927
3.32300000000000	-0.793990398647832	0.496057350657238	0.0907980999479113
3.32400000000000	-0.801566984870877	0.499013364214136	0.117557050458495
3.32500000000000	-0.809016994374947	0.500000000000000	0.141421356237309
3.32600000000000	-0.816339250717184	0.499013364214136	0.161803398874989
3.32700000000000	-0.823532597628427	0.496057350657239	0.178201304837672
3.32800000000000	-0.830595899195815	0.491143625364344	0.190211303259036
3.32900000000000	-0.837528040042144	0.484291580564315	0.197537668119030
3.33000000000000	-0.844327925502013	0.475528258147575	0.200000000000000
3.33100000000000	-0.850994481794690	0.464888242944129	0.197537668119029
3.33200000000000	-0.857526656193650	0.452413526233012	0.190211303259034
3.33300000000000	-0.863923417192836	0.438153340021934	0.178201304837668
3.33400000000000	-0.870183754669526	0.422163962751009	0.161803398874983
3.33500000000000	-0.876306680043863	0.404508497187475	0.141421356237302
3.33600000000000	-0.882291226434953	0.385256621387904	0.117557050458506
3.33700000000000	-0.888136448813544	0.364484313710705	0.0907980999479027
3.33800000000000	-0.893841424151262	0.342273552964342	0.0618033988749836
3.33900000000000	-0.899405251566369	0.318711994874352	0.0312868930080413
3.34000000000000	-0.904827052466018	0.293892626146243	-3.72564978420894e-15
3.34100000000000	-0.910105970684996	0.267913397489491	-0.0312868930080486
3.34200000000000	-0.915241172620918	0.240876837050862	-0.0618033988749907
3.34300000000000	-0.920231847365870	0.212889645782539	-0.0907980999479094
3.34400000000000	-0.925077206834458	0.184062276342353	-0.117557050458494
3.34500000000000	-0.929776485888251	0.154508497187473	-0.141421356237308
3.34600000000000	-0.934328942456611	0.124344943582426	-0.161803398874987
3.34700000000000	-0.938733857653873	0.0936906572928728	-0.178201304837671
3.34800000000000	-0.942990535892863	0.0626666167821611	-0.190211303259029
3.34900000000000	-0.947098304994745	0.0313952597646500	-0.197537668119030
3.35000000000000	-0.951056516295154	5.87892361654388e-15	-0.200000000000000
3.35100000000000	-0.954864544746643	-0.0313952597646524	-0.197537668119029
3.35200000000000	-0.958521789017374	-0.0626666167821495	-0.190211303259034
3.35300000000000	-0.962027671586086	-0.0936906572928612	-0.178201304837669
3.35400000000000	-0.965381638833274	-0.124344943582428	-0.161803398874984
3.35500000000000	-0.968583161128631	-0.154508497187476	-0.141421356237304
3.35600000000000	-0.971631732914673	-0.184062276342329	-0.117557050458489
3.35700000000000	-0.974526872786578	-0.212889645782541	-0.0907980999479046
3.35800000000000	-0.977268123568194	-0.240876837050851	-0.0618033988749856
3.35900000000000	-0.979855052384246	-0.267913397489493	-0.0312868930080434
3.36000000000000	-0.982287250728688	-0.293892626146233	1.56952864094569e-15
3.36100000000000	-0.984564334529205	-0.318711994874343	0.0312868930080465
3.36200000000000	-0.986685944207868	-0.342273552964344	0.0618033988749886
3.36300000000000	-0.988651744737914	-0.364484313710706	0.0907980999479074
3.36400000000000	-0.990461425696651	-0.385256621387887	0.117557050458492
3.36500000000000	-0.992114701314478	-0.404508497187476	0.141421356237322
3.36600000000000	-0.993611310520008	-0.422163962751010	0.161803398874986
3.36700000000000	-0.994951016981300	-0.438153340021928	0.178201304837670
3.36800000000000	-0.996133609143172	-0.452413526233007	0.190211303259028
3.36900000000000	-0.997158900260614	-0.464888242944124	0.197537668119030
3.37000000000000	-0.998026728428272	-0.475528258147576	0.200000000000000
3.37100000000000	-0.998736956606017	-0.484291580564315	0.197537668119026
3.37200000000000	-0.999289472640589	-0.491143625364342	0.190211303259035
3.37300000000000	-0.999684189283300	-0.496057350657239	0.178201304837670
3.37400000000000	-0.999921044203816	-0.499013364214136	0.161803398874985
3.37500000000000	-1.00000000000000	-0.500000000000000	0.141421356237306
3.37600000000000	-0.999921044203816	-0.499013364214136	0.117557050458491
3.37700000000000	-0.999684189283300	-0.496057350657238	0.0907980999479066
3.37800000000000	-0.999289472640589	-0.491143625364345	0.0618033988749877
3.37900000000000	-0.998736956606017	-0.484291580564316	0.0312868930080455
3.38000000000000	-0.998026728428272	-0.475528258147577	5.86592502317553e-16
3.38100000000000	-0.997158900260614	-0.464888242944125	-0.0312868930080444
3.38200000000000	-0.996133609143173	-0.452413526233009	-0.0618033988749866
3.38300000000000	-0.994951016981300	-0.438153340021937	-0.0907980999479055
3.38400000000000	-0.993611310520009	-0.422163962751012	-0.117557050458490
3.38500000000000	-0.992114701314477	-0.404508497187469	-0.141421356237321
3.38600000000000	-0.990461425696651	-0.385256621387898	-0.161803398874998
3.38700000000000	-0.988651744737914	-0.364484313710708	-0.178201304837669
3.38800000000000	-0.986685944207868	-0.342273552964346	-0.190211303259027
3.38900000000000	-0.984564334529205	-0.318711994874345	-0.197537668119029
3.39000000000000	-0.982287250728689	-0.293892626146236	-0.200000000000000
3.39100000000000	-0.979855052384247	-0.267913397489496	-0.197537668119026
3.39200000000000	-0.977268123568194	-0.240876837050866	-0.190211303259028
3.39300000000000	-0.974526872786576	-0.212889645782531	-0.178201304837671
3.39400000000000	-0.971631732914673	-0.184062276342345	-0.161803398874987
3.39500000000000	-0.968583161128632	-0.154508497187478	-0.141421356237307
3.39600000000000	-0.965381638833275	-0.124344943582431	-0.117557050458493
3.39700000000000	-0.962027671586086	-0.0936906572928641	-0.0907980999479085
3.39800000000000	-0.958521789017376	-0.0626666167821524	-0.0618033988749897
3.39900000000000	-0.954864544746643	-0.0313952597646553	-0.0312868930080477
3.40000000000000	-0.951056516295154	-1.12692264747020e-14	-2.74271364558080e-15
3.40100000000000	-0.947098304994743	0.0313952597646612	0.0312868930080647
3.40200000000000	-0.942990535892866	0.0626666167821582	0.0618033988749845
3.40300000000000	-0.938733857653876	0.0936906572928560	0.0907980999479036
3.40400000000000	-0.934328942456614	0.124344943582423	0.117557050458488
3.40500000000000	-0.929776485888251	0.154508497187471	0.141421356237319
3.40600000000000	-0.925077206834458	0.184062276342337	0.161803398874997
3.40700000000000	-0.920231847365870	0.212889645782536	0.178201304837679
3.40800000000000	-0.915241172620918	0.240876837050847	0.190211303259027
3.40900000000000	-0.910105970684996	0.267913397489501	0.197537668119029
3.41000000000000	-0.904827052466021	0.293892626146240	0.200000000000000
3.41100000000000	-0.899405251566372	0.318711994874339	0.197537668119027
3.41200000000000	-0.893841424151266	0.342273552964340	0.190211303259029
3.41300000000000	-0.888136448813543	0.364484313710712	0.178201304837672
3.41400000000000	-0.882291226434953	0.385256621387893	0.161803398874988
3.41500000000000	-0.876306680043863	0.404508497187473	0.141421356237309
3.41600000000000	-0.870183754669526	0.422163962751008	0.117557050458495
3.41700000000000	-0.863923417192836	0.438153340021933	0.0907980999479104
3.41800000000000	-0.857526656193653	0.452413526233011	0.0618033988749918
3.41900000000000	-0.850994481794693	0.464888242944122	0.0312868930080498
3.42000000000000	-0.844327925502017	0.475528258147574	4.89883478884405e-15
3.42100000000000	-0.837528040042140	0.484291580564318	-0.0312868930080626
3.42200000000000	-0.830595899195811	0.491143625364343	-0.0618033988750041
3.42300000000000	-0.823532597628426	0.496057350657239	-0.0907980999479017
3.42400000000000	-0.816339250717183	0.499013364214136	-0.117557050458487
3.42500000000000	-0.809016994374947	0.500000000000000	-0.141421356237318
3.42600000000000	-0.801566984870877	0.499013364214136	-0.161803398874996
3.42700000000000	-0.793990398647836	0.496057350657238	-0.178201304837678
3.42800000000000	-0.786288432136620	0.491143625364346	-0.190211303259033
3.42900000000000	-0.778462301567021	0.484291580564314	-0.197537668119029
3.43000000000000	-0.770513242775787	0.475528258147579	-0.200000000000000
3.43100000000000	-0.762442511011451	0.464888242944127	-0.197537668119027
3.43200000000000	-0.754251380736107	0.452413526233011	-0.190211303259030
3.43300000000000	-0.745941145424182	0.438153340021932	-0.178201304837673
3.43400000000000	-0.737513117358174	0.422163962751007	-0.161803398874989
3.43500000000000	-0.728968627421412	0.404508497187473	-0.141421356237310
3.43600000000000	-0.720309024887908	0.385256621387901	-0.117557050458496
3.43700000000000	-0.711535677209282	0.364484313710702	-0.0907980999478921
3.43800000000000	-0.702649969798851	0.342273552964339	-0.0618033988749938
3.43900000000000	-0.693653305812808	0.318711994874349	-0.0312868930080519
3.44000000000000	-0.684547105928692	0.293892626146240	-7.05495593210730e-15
3.44100000000000	-0.675332808121023	0.267913397489489	0.0312868930080604
3.44200000000000	-0.666011867434251	0.240876837050859	0.0618033988750020
3.44300000000000	-0.656585755752956	0.212889645782536	0.0907980999479200
3.44400000000000	-0.647055961569445	0.184062276342350	0.117557050458485
3.44500000000000	-0.637423989748691	0.154508497187470	0.141421356237316
3.44600000000000	-0.627691361290702	0.124344943582422	0.161803398874994
3.44700000000000	-0.617859613090337	0.0936906572928694	0.178201304837677
3.44800000000000	-0.607930297694608	0.0626666167821577	0.190211303259032
3.44900000000000	-0.597904983057517	0.0313952597646465	0.197537668119028
3.45000000000000	-0.587785252292472	2.44867461765812e-15	0.200000000000000
3.45100000000000	-0.577572703422267	-0.0313952597646558	0.197537668119027
3.45200000000000	-0.567268949126756	-0.0626666167821529	0.190211303259030
3.45300000000000	-0.556875616488188	-0.0936906572928646	0.178201304837674
3.45400000000000	-0.546394346734270	-0.124344943582431	0.161803398874991
3.45500000000000	-0.535826794978998	-0.154508497187465	0.141421356237312
3.45600000000000	-0.525174629961298	-0.184062276342332	0.117557050458498
3.45700000000000	-0.514439533781510	-0.212889645782531	0.0907980999479142
3.45800000000000	-0.503623201635758	-0.240876837050854	0.0618033988749743
3.45900000000000	-0.492727341548290	-0.267913397489496	0.0312868930080540
3.46000000000000	-0.481753674101714	-0.293892626146236	9.21107707537054e-15
3.46100000000000	-0.470703932165339	-0.318711994874335	-0.0312868930080359
3.46200000000000	-0.459579860621488	-0.342273552964346	-0.0618033988750000
3.46300000000000	-0.448383216090033	-0.364484313710709	-0.0907980999479181
3.46400000000000	-0.437115766650935	-0.385256621387889	-0.117557050458502
3.46500000000000	-0.425779291565075	-0.404508497187470	-0.141421356237315
3.46600000000000	-0.414375580993281	-0.422163962751005	-0.161803398874993
3.46700000000000	-0.402906435713660	-0.438153340021930	-0.178201304837676
3.46800000000000	-0.391373666837207	-0.452413526233009	-0.190211303259032
3.46900000000000	-0.379779095521807	-0.464888242944120	-0.197537668119028
3.47000000000000	-0.368124552684678	-0.475528258147577	-0.200000000000000
3.47100000000000	-0.356411878713251	-0.484291580564316	-0.197537668119028
3.47200000000000	-0.344642923174518	-0.491143625364342	-0.190211303259031
3.47300000000000	-0.332819544522988	-0.496057350657238	-0.178201304837675
3.47400000000000	-0.320943609807212	-0.499013364214136	-0.161803398874992
3.47500000000000	-0.309016994374951	-0.500000000000000	-0.141421356237313
3.47600000000000	-0.297041581577039	-0.499013364214136	-0.117557050458500
3.47700000000000	-0.285019262469981	-0.496057350657239	-0.0907980999479162
3.47800000000000	-0.272951935517324	-0.491143625364344	-0.0618033988749763
3.47900000000000	-0.260841506289896	-0.484291580564315	-0.0312868930080337
3.48000000000000	-0.248689887164855	-0.475528258147580	1.13701693256894e-14
3.48100000000000	-0.236498997023726	-0.464888242944129	0.0312868930080337
3.48200000000000	-0.224270760949383	-0.452413526233007	0.0618033988749979
3.48300000000000	-0.212007109922057	-0.438153340021935	0.0907980999479162
3.48400000000000	-0.199709980514410	-0.422163962751010	0.117557050458500
3.48500000000000	-0.187381314585729	-0.404508497187476	0.141421356237313
3.48600000000000	-0.175023058975274	-0.385256621387896	0.161803398874992
3.48700000000000	-0.162637165194882	-0.364484313710706	0.178201304837675
3.48800000000000	-0.150225589120757	-0.342273552964343	0.190211303259031
3.48900000000000	-0.137790290684638	-0.318711994874353	0.197537668119028
3.49000000000000	-0.125333233564305	-0.293892626146233	0.200000000000000
3.49100000000000	-0.112856384873483	-0.267913397489505	0.197537668119028
3.49200000000000	-0.100361714851217	-0.240876837050863	0.190211303259032
3.49300000000000	-0.0878511965507465	-0.212889645782541	0.178201304837676
3.49400000000000	-0.0753268055279298	-0.184062276342342	0.161803398874980
3.49500000000000	-0.0627905195293112	-0.154508497187475	0.141421356237315
3.49600000000000	-0.0502443181797681	-0.124344943582427	0.117557050458502
3.49700000000000	-0.0376901826699410	-0.0936906572928747	0.0907980999479181
3.49800000000000	-0.0251300954433376	-0.0626666167821490	0.0618033988749784
3.49900000000000	-0.0125660398833535	-0.0313952597646519	0.0312868930080358
3.50000000000000	-1.71450551880629e-15	-7.83897747581624e-15	-9.21404818242617e-15
3.50100000000000	0.0125660398833501	0.0313952597646505	-0.0312868930080540
3.50200000000000	0.0251300954433413	0.0626666167821616	-0.0618033988749959
3.50300000000000	0.0376901826699376	0.0936906572928593	-0.0907980999479143
3.50400000000000	0.0502443181797647	0.124344943582426	-0.117557050458498
3.50500000000000	0.0627905195293078	0.154508497187460	-0.141421356237312
3.50600000000000	0.0753268055279334	0.184062276342341	-0.161803398874991
3.50700000000000	0.0878511965507431	0.212889645782539	-0.178201304837674
3.50800000000000	0.100361714851214	0.240876837050850	-0.190211303259030
3.50900000000000	0.112856384873480	0.267913397489492	-0.197537668119027
3.51000000000000	0.125333233564309	0.293892626146243	-0.200000000000000
3.51100000000000	0.137790290684635	0.318711994874341	-0.197537668119028
3.51200000000000	0.150225589120753	0.342273552964342	-0.190211303259032
3.51300000000000	0.162637165194879	0.364484313710705	-0.178201304837677
3.51400000000000	0.175023058975278	0.385256621387895	-0.161803398874981
3.51500000000000	0.187381314585725	0.404508497187475	-0.141421356237300
3.51600000000000	0.199709980514407	0.422163962751002	-0.117557050458485
3.51700000000000	0.212007109922054	0.438153340021927	-0.0907980999479200
3.51800000000000	0.224270760949380	0.452413526233013	-0.0618033988749804
3.51900000000000	0.236498997023722	0.464888242944124	-0.0312868930080380
3.52000000000000	0.248689887164852	0.475528258147575	7.05792703916292e-15
3.52100000000000	0.260841506289893	0.484291580564315	0.0312868930080519
3.52200000000000	0.272951935517328	0.491143625364344	0.0618033988749938
3.52300000000000	0.285019262469978	0.496057350657239	0.0907980999479123
3.52400000000000	0.297041581577036	0.499013364214136	0.117557050458496
3.52500000000000	0.309016994374947	0.500000000000000	0.141421356237310
3.52600000000000	0.320943609807209	0.499013364214135	0.161803398874989
3.52700000000000	0.332819544522985	0.496057350657238	0.178201304837673
3.52800000000000	0.344642923174515	0.491143625364345	0.190211303259030
3.52900000000000	0.356411878713248	0.484291580564317	0.197537668119027
3.53000000000000	0.368124552684681	0.475528258147578	0.200000000000000
3.53100000000000	0.379779095521803	0.464888242944126	0.197537668119025
3.53200000000000	0.391373666837204	0.452413526233010	0.190211303259033
3.53300000000000	0.402906435713657	0.438153340021938	0.178201304837678
3.53400000000000	0.414375580993284	0.422163962751005	0.161803398874982
3.53500000000000	0.425779291565072	0.404508497187471	0.141421356237302
3.53600000000000	0.437115766650932	0.385256621387899	0.117557050458487
3.53700000000000	0.448383216090030	0.364484313710710	0.0907980999479017
3.53800000000000	0.459579860621491	0.342273552964337	0.0618033988749825
3.53900000000000	0.470703932165335	0.318711994874347	0.0312868930080401
3.54000000000000	0.481753674101711	0.293892626146237	-4.90180589589967e-15
3.54100000000000	0.492727341548287	0.267913397489510	-0.0312868930080498
3.54200000000000	0.503623201635762	0.240876837050856	-0.0618033988749918
3.54300000000000	0.514439533781507	0.212889645782533	-0.0907980999479104
3.54400000000000	0.525174629961295	0.184062276342347	-0.117557050458495
3.54500000000000	0.535826794978995	0.154508497187480	-0.141421356237309
3.54600000000000	0.546394346734273	0.124344943582419	-0.161803398875001
3.54700000000000	0.556875616488186	0.0936906572928661	-0.178201304837672
3.54800000000000	0.567268949126753	0.0626666167821543	-0.190211303259029
3.54900000000000	0.577572703422264	0.0313952597646573	-0.197537668119027
3.55000000000000	0.587785252292475	-9.81574381227648e-16	-0.200000000000000
3.55100000000000	0.597904983057520	-0.0313952597646593	-0.197537668119025
3.55200000000000	0.607930297694606	-0.0626666167821563	-0.190211303259027
3.55300000000000	0.617859613090334	-0.0936906572928540	-0.178201304837679
3.55400000000000	0.627691361290699	-0.124344943582435	-0.161803398874983
3.55500000000000	0.637423989748688	-0.154508497187469	-0.141421356237303
3.55600000000000	0.647055961569442	-0.184062276342336	-0.117557050458488
3.55700000000000	0.656585755752954	-0.212889645782534	-0.0907980999479036
3.55800000000000	0.666011867434254	-0.240876837050857	-0.0618033988749845
3.55900000000000	0.675332808121026	-0.267913397489499	-0.0312868930080422
3.56000000000000	0.684547105928690	-0.293892626146239	2.74568475263642e-15
3.56100000000000	0.693653305812805	-0.318711994874337	0.0312868930080477
3.56200000000000	0.702649969798849	-0.342273552964349	0.0618033988749897
3.56300000000000	0.711535677209284	-0.364484313710711	0.0907980999479085
3.56400000000000	0.720309024887905	-0.385256621387891	0.117557050458493
3.56500000000000	0.728968627421410	-0.404508497187472	0.141421356237307
3.56600000000000	0.737513117358176	-0.422163962751007	0.161803398875000
3.56700000000000	0.745941145424184	-0.438153340021932	0.178201304837681
3.56800000000000	0.754251380736105	-0.452413526233010	0.190211303259028
3.56900000000000	0.762442511011449	-0.464888242944122	0.197537668119026
3.57000000000000	0.770513242775789	-0.475528258147578	0.200000000000000
3.57100000000000	0.778462301567023	-0.484291580564317	0.197537668119026
3.57200000000000	0.786288432136618	-0.491143625364343	0.190211303259027
3.57300000000000	0.793990398647834	-0.496057350657238	0.178201304837669
3.57400000000000	0.801566984870879	-0.499013364214136	0.161803398874985
3.57500000000000	0.809016994374950	-0.500000000000000	0.141421356237305
3.57600000000000	0.816339250717181	-0.499013364214136	0.117557050458490
3.57700000000000	0.823532597628425	-0.496057350657240	0.0907980999479055
3.57800000000000	0.830595899195813	-0.491143625364344	0.0618033988749866
3.57900000000000	0.837528040042142	-0.484291580564314	0.0312868930080444
3.58000000000000	0.844327925502015	-0.475528258147579	-5.89563609373177e-16
3.58100000000000	0.850994481794691	-0.464888242944128	-0.0312868930080455
3.58200000000000	0.857526656193655	-0.452413526233006	-0.0618033988750093
3.58300000000000	0.863923417192834	-0.438153340021933	-0.0907980999479066
3.58400000000000	0.870183754669524	-0.422163962751008	-0.117557050458491
3.58500000000000	0.876306680043862	-0.404508497187474	-0.141421356237306
3.58600000000000	0.882291226434951	-0.385256621387903	-0.161803398874985
3.58700000000000	0.888136448813545	-0.364484313710704	-0.178201304837680
3.58800000000000	0.893841424151264	-0.342273552964341	-0.190211303259035
3.58900000000000	0.899405251566371	-0.318711994874351	-0.197537668119026
3.59000000000000	0.904827052466019	-0.293892626146242	-0.200000000000000
3.59100000000000	0.910105970684995	-0.267913397489502	-0.197537668119026
3.59200000000000	0.915241172620917	-0.240876837050860	-0.190211303259028
3.59300000000000	0.920231847365869	-0.212889645782538	-0.178201304837670
3.59400000000000	0.925077206834456	-0.184062276342352	-0.161803398874986
3.59500000000000	0.929776485888252	-0.154508497187472	-0.141421356237306
3.59600000000000	0.934328942456613	-0.124344943582424	-0.117557050458492
3.59700000000000	0.938733857653874	-0.0936906572928713	-0.0907980999479074
3.59800000000000	0.942990535892864	-0.0626666167821597	-0.0618033988749886
3.59900000000000	0.947098304994744	-0.0313952597646485	-0.0312868930080465
3.60000000000000	0.951056516295153	-4.40872847693047e-15	-1.56655753389007e-15
3.60100000000000	0.954864544746642	0.0313952597646539	0.0312868930080434
3.60200000000000	0.958521789017375	0.0626666167821368	0.0618033988749856
3.60300000000000	0.962027671586087	0.0936906572928627	0.0907980999479249
3.60400000000000	0.965381638833274	0.124344943582429	0.117557050458489
3.60500000000000	0.968583161128632	0.154508497187464	0.141421356237304
3.60600000000000	0.971631732914672	0.184062276342331	0.161803398874984
3.60700000000000	0.974526872786577	0.212889645782542	0.178201304837679
3.60800000000000	0.977268123568193	0.240876837050853	0.190211303259034
3.60900000000000	0.979855052384247	0.267913397489495	0.197537668119029
3.61000000000000	0.982287250728688	0.293892626146234	0.200000000000000
3.61100000000000	0.984564334529206	0.318711994874344	0.197537668119026
3.61200000000000	0.986685944207867	0.342273552964345	0.190211303259029
3.61300000000000	0.988651744737913	0.364484313710707	0.178201304837671
3.61400000000000	0.990461425696650	0.385256621387888	0.161803398874987
3.61500000000000	0.992114701314478	0.404508497187477	0.141421356237308
3.61600000000000	0.993611310520008	0.422163962751004	0.117557050458494
3.61700000000000	0.994951016981300	0.438153340021929	0.0907980999479094
3.61800000000000	0.996133609143172	0.452413526233008	0.0618033988749907
3.61900000000000	0.997158900260614	0.464888242944125	0.0312868930080486
3.62000000000000	0.998026728428271	0.475528258147576	3.72267867715332e-15
3.62100000000000	0.998736956606017	0.484291580564316	-0.0312868930080413
3.62200000000000	0.999289472640589	0.491143625364342	-0.0618033988749836
3.62300000000000	0.999684189283300	0.496057350657239	-0.0907980999479230
3.62400000000000	0.999921044203816	0.499013364214136	-0.117557050458506
3.62500000000000	1.00000000000000	0.500000000000000	-0.141421356237302
3.62600000000000	0.999921044203816	0.499013364214136	-0.161803398874983
3.62700000000000	0.999684189283300	0.496057350657239	-0.178201304837678
3.62800000000000	0.999289472640589	0.491143625364345	-0.190211303259034
3.62900000000000	0.998736956606018	0.484291580564316	-0.197537668119029
3.63000000000000	0.998026728428272	0.475528258147581	-0.200000000000000
3.63100000000000	0.997158900260614	0.464888242944125	-0.197537668119027
3.63200000000000	0.996133609143172	0.452413526233008	-0.190211303259029
3.63300000000000	0.994951016981300	0.438153340021936	-0.178201304837672
3.63400000000000	0.993611310520008	0.422163962751011	-0.161803398874989
3.63500000000000	0.992114701314478	0.404508497187469	-0.141421356237309
3.63600000000000	0.990461425696651	0.385256621387897	-0.117557050458495
3.63700000000000	0.988651744737914	0.364484313710707	-0.0907980999479113
3.63800000000000	0.986685944207869	0.342273552964345	-0.0618033988749927
3.63900000000000	0.984564334529205	0.318711994874344	-0.0312868930080283
3.64000000000000	0.982287250728688	0.293892626146234	-5.87879982041657e-15
3.64100000000000	0.979855052384247	0.267913397489507	0.0312868930080391
3.64200000000000	0.977268123568195	0.240876837050865	0.0618033988749815
3.64300000000000	0.974526872786577	0.212889645782530	0.0907980999479211
3.64400000000000	0.971631732914674	0.184062276342344	0.117557050458504
3.64500000000000	0.968583161128632	0.154508497187477	0.141421356237317
3.64600000000000	0.965381638833274	0.124344943582429	0.161803398874982
3.64700000000000	0.962027671586085	0.0936906572928627	0.178201304837677
3.64800000000000	0.958521789017375	0.0626666167821509	0.190211303259033
3.64900000000000	0.954864544746644	0.0313952597646539	0.197537668119028
3.65000000000000	0.951056516295155	9.79903133508859e-15	0.200000000000000
3.65100000000000	0.947098304994744	-0.0313952597646627	0.197537668119027
3.65200000000000	0.942990535892864	-0.0626666167821456	0.190211303259030
3.65300000000000	0.938733857653874	-0.0936906572928574	0.178201304837673
3.65400000000000	0.934328942456613	-0.124344943582424	0.161803398874990
3.65500000000000	0.929776485888252	-0.154508497187472	0.141421356237311
3.65600000000000	0.925077206834459	-0.184062276342339	0.117557050458497
3.65700000000000	0.920231847365872	-0.212889645782538	0.0907980999479132
3.65800000000000	0.915241172620919	-0.240876837050848	0.0618033988749948
3.65900000000000	0.910105970684995	-0.267913397489502	0.0312868930080304
3.66000000000000	0.904827052466019	-0.293892626146242	-1.47024465806434e-14
3.66100000000000	0.899405251566371	-0.318711994874340	-0.0312868930080370
3.66200000000000	0.893841424151264	-0.342273552964341	-0.0618033988749795
3.66300000000000	0.888136448813545	-0.364484313710704	-0.0907980999479191
3.66400000000000	0.882291226434954	-0.385256621387894	-0.117557050458502
3.66500000000000	0.876306680043865	-0.404508497187474	-0.141421356237316
3.66600000000000	0.870183754669527	-0.422163962751001	-0.161803398874994
3.66700000000000	0.863923417192834	-0.438153340021933	-0.178201304837676
3.66800000000000	0.857526656193651	-0.452413526233012	-0.190211303259032
3.66900000000000	0.850994481794691	-0.464888242944123	-0.197537668119028
3.67000000000000	0.844327925502015	-0.475528258147575	-0.200000000000000
3.67100000000000	0.837528040042142	-0.484291580564318	-0.197537668119027
3.67200000000000	0.830595899195813	-0.491143625364344	-0.190211303259031
3.67300000000000	0.823532597628429	-0.496057350657239	-0.178201304837674
3.67400000000000	0.816339250717186	-0.499013364214136	-0.161803398874991
3.67500000000000	0.809016994374945	-0.500000000000000	-0.141421356237296
3.67600000000000	0.801566984870875	-0.499013364214136	-0.117557050458499
3.67700000000000	0.793990398647834	-0.496057350657240	-0.0907980999479151
3.67800000000000	0.786288432136623	-0.491143625364346	-0.0618033988749968
3.67900000000000	0.778462301567023	-0.484291580564314	-0.0312868930080325
3.68000000000000	0.770513242775789	-0.475528258147578	1.25463254373801e-14
3.68100000000000	0.762442511011449	-0.464888242944127	0.0312868930080573
3.68200000000000	0.754251380736105	-0.452413526233010	0.0618033988749991
3.68300000000000	0.745941145424179	-0.438153340021932	0.0907980999479172
3.68400000000000	0.737513117358171	-0.422163962751007	0.117557050458501
3.68500000000000	0.728968627421414	-0.404508497187472	0.141421356237314
3.68600000000000	0.720309024887910	-0.385256621387900	0.161803398874992
3.68700000000000	0.711535677209284	-0.364484313710701	0.178201304837675
3.68800000000000	0.702649969798849	-0.342273552964349	0.190211303259032
3.68900000000000	0.693653305812805	-0.318711994874348	0.197537668119028
3.69000000000000	0.684547105928690	-0.293892626146239	0.200000000000000
3.69100000000000	0.675332808121021	-0.267913397489499	0.197537668119028
3.69200000000000	0.666011867434254	-0.240876837050857	0.190211303259031
3.69300000000000	0.656585755752959	-0.212889645782534	0.178201304837675
3.69400000000000	0.647055961569448	-0.184062276342349	0.161803398874992
3.69500000000000	0.637423989748688	-0.154508497187469	0.141421356237298
3.69600000000000	0.627691361290699	-0.124344943582421	0.117557050458482
3.69700000000000	0.617859613090334	-0.0936906572928680	0.0907980999479170
3.69800000000000	0.607930297694606	-0.0626666167821563	0.0618033988749989
3.69900000000000	0.597904983057520	-0.0313952597646593	0.0312868930080347
3.70000000000000	0.587785252292475	-9.78479478044706e-16	-1.03902042941169e-14
3.70100000000000	0.577572703422270	0.0313952597646573	-0.0312868930080552
3.70200000000000	0.567268949126759	0.0626666167821402	-0.0618033988749970
3.70300000000000	0.556875616488186	0.0936906572928661	-0.0907980999479153
3.70400000000000	0.546394346734267	0.124344943582433	-0.117557050458499
3.70500000000000	0.535826794978995	0.154508497187467	-0.141421356237312
3.70600000000000	0.525174629961295	0.184062276342334	-0.161803398874991
3.70700000000000	0.514439533781507	0.212889645782546	-0.178201304837674
3.70800000000000	0.503623201635762	0.240876837050856	-0.190211303259031
3.70900000000000	0.492727341548293	0.267913397489498	-0.197537668119027
3.71000000000000	0.481753674101717	0.293892626146237	-0.200000000000000
3.71100000000000	0.470703932165329	0.318711994874347	-0.197537668119025
3.71200000000000	0.459579860621485	0.342273552964347	-0.190211303259032
3.71300000000000	0.448383216090030	0.364484313710700	-0.178201304837676
3.71400000000000	0.437115766650938	0.385256621387890	-0.161803398874994
3.71500000000000	0.425779291565078	0.404508497187471	-0.141421356237315
3.71600000000000	0.414375580993284	0.422163962751005	-0.117557050458484
3.71700000000000	0.402906435713663	0.438153340021931	-0.0907980999478987
3.71800000000000	0.391373666837204	0.452413526233010	-0.0618033988749793
3.71900000000000	0.379779095521803	0.464888242944121	-0.0312868930080593
3.72000000000000	0.368124552684674	0.475528258147578	8.23408315085365e-15
3.72100000000000	0.356411878713254	0.484291580564317	0.0312868930080531
3.72200000000000	0.344642923174522	0.491143625364343	0.0618033988749950
3.72300000000000	0.332819544522992	0.496057350657238	0.0907980999479134
3.72400000000000	0.320943609807209	0.499013364214135	0.117557050458497
3.72500000000000	0.309016994374947	0.500000000000000	0.141421356237311
3.72600000000000	0.297041581577036	0.499013364214136	0.161803398874990
3.72700000000000	0.285019262469978	0.496057350657241	0.178201304837673
3.72800000000000	0.272951935517328	0.491143625364344	0.190211303259030
3.72900000000000	0.260841506289900	0.484291580564315	0.197537668119027
3.73000000000000	0.248689887164859	0.475528258147580	0.200000000000000
3.73100000000000	0.236498997023729	0.464888242944129	0.197537668119028
3.73200000000000	0.224270760949380	0.452413526233007	0.190211303259026
3.73300000000000	0.212007109922054	0.438153340021934	0.178201304837667
3.73400000000000	0.199709980514407	0.422163962751009	0.161803398874995
3.73500000000000	0.187381314585725	0.404508497187475	0.141421356237317
3.73600000000000	0.175023058975278	0.385256621387895	0.117557050458486
3.73700000000000	0.162637165194886	0.364484313710705	0.0907980999479006
3.73800000000000	0.150225589120760	0.342273552964353	0.0618033988749813
3.73900000000000	0.137790290684642	0.318711994874352	0.0312868930080389
3.74000000000000	0.125333233564302	0.293892626146232	-6.07796200759040e-15
3.74100000000000	0.112856384873480	0.267913397489504	-0.0312868930080510
3.74200000000000	0.100361714851214	0.240876837050862	-0.0618033988749929
3.74300000000000	0.0878511965507431	0.212889645782539	-0.0907980999479115
3.74400000000000	0.0753268055279334	0.184062276342341	-0.117557050458496
3.74500000000000	0.0627905195293149	0.154508497187474	-0.141421356237309
3.74600000000000	0.0502443181797718	0.124344943582426	-0.161803398874989
3.74700000000000	0.0376901826699376	0.0936906572928733	-0.178201304837672
3.74800000000000	0.0251300954433342	0.0626666167821475	-0.190211303259037
3.74900000000000	0.0125660398833501	0.0313952597646646	-0.197537668119027
3.75000000000000	5.38968387752153e-15	6.36878233620282e-15	-0.200000000000000
3.75100000000000	-0.0125660398833464	-0.0313952597646519	-0.197537668119029
3.75200000000000	-0.0251300954433376	-0.0626666167821490	-0.190211303259026
3.75300000000000	-0.0376901826699339	-0.0936906572928608	-0.178201304837668
3.75400000000000	-0.0502443181797681	-0.124344943582427	-0.161803398874983
3.75500000000000	-0.0627905195293112	-0.154508497187462	-0.141421356237318
3.75600000000000	-0.0753268055279368	-0.184062276342342	-0.117557050458487
3.75700000000000	-0.0878511965507394	-0.212889645782541	-0.0907980999479025
3.75800000000000	-0.100361714851210	-0.240876837050851	-0.0618033988749834
3.75900000000000	-0.112856384873476	-0.267913397489493	-0.0312868930080411
3.76000000000000	-0.125333233564305	-0.293892626146244	3.92184086432715e-15
3.76100000000000	-0.137790290684638	-0.318711994874343	0.0312868930080488
3.76200000000000	-0.150225589120757	-0.342273552964343	0.0618033988749908
3.76300000000000	-0.162637165194882	-0.364484313710696	0.0907980999479095
3.76400000000000	-0.175023058975274	-0.385256621387896	0.117557050458494
3.76500000000000	-0.187381314585722	-0.404508497187476	0.141421356237308
3.76600000000000	-0.199709980514403	-0.422163962751003	0.161803398874987
3.76700000000000	-0.212007109922050	-0.438153340021928	0.178201304837671
3.76800000000000	-0.224270760949383	-0.452413526233013	0.190211303259036
3.76900000000000	-0.236498997023726	-0.464888242944124	0.197537668119030
3.77000000000000	-0.248689887164855	-0.475528258147576	0.200000000000000
3.77100000000000	-0.260841506289896	-0.484291580564315	0.197537668119029
3.77200000000000	-0.272951935517324	-0.491143625364344	0.190211303259027
3.77300000000000	-0.285019262469974	-0.496057350657239	0.178201304837669
3.77400000000000	-0.297041581577032	-0.499013364214135	0.161803398874984
3.77500000000000	-0.309016994374944	-0.500000000000000	0.141421356237304
3.77600000000000	-0.320943609807212	-0.499013364214135	0.117557050458489
3.77700000000000	-0.332819544522988	-0.496057350657240	0.0907980999479045
3.77800000000000	-0.344642923174518	-0.491143625364345	0.0618033988749854
3.77900000000000	-0.356411878713251	-0.484291580564316	0.0312868930080432
3.78000000000000	-0.368124552684678	-0.475528258147577	-1.76571972106391e-15
3.78100000000000	-0.379779095521800	-0.464888242944126	-0.0312868930080467
3.78200000000000	-0.391373666837201	-0.452413526233009	-0.0618033988749888
3.78300000000000	-0.402906435713660	-0.438153340021937	-0.0907980999479076
3.78400000000000	-0.414375580993287	-0.422163962751005	-0.117557050458510
3.78500000000000	-0.425779291565075	-0.404508497187470	-0.141421356237306
3.78600000000000	-0.437115766650935	-0.385256621387898	-0.161803398874986
3.78700000000000	-0.448383216090027	-0.364484313710709	-0.178201304837670
3.78800000000000	-0.459579860621488	-0.342273552964346	-0.190211303259035
3.78900000000000	-0.470703932165332	-0.318711994874346	-0.197537668119030
3.79000000000000	-0.481753674101714	-0.293892626146236	-0.200000000000000
3.79100000000000	-0.492727341548290	-0.267913397489508	-0.197537668119029
3.79200000000000	-0.503623201635765	-0.240876837050854	-0.190211303259028
3.79300000000000	-0.514439533781503	-0.212889645782531	-0.178201304837670
3.79400000000000	-0.525174629961292	-0.184062276342346	-0.161803398874985
3.79500000000000	-0.535826794978992	-0.154508497187479	-0.141421356237305
3.79600000000000	-0.546394346734270	-0.124344943582417	-0.117557050458491
3.79700000000000	-0.556875616488188	-0.0936906572928646	-0.0907980999479064
3.79800000000000	-0.567268949126756	-0.0626666167821529	-0.0618033988749875
3.79900000000000	-0.577572703422267	-0.0313952597646700	-0.0312868930080453
3.80000000000000	-0.587785252292472	2.45176952084106e-15	-3.90401422199341e-16
3.80100000000000	-0.597904983057517	0.0313952597646607	0.0312868930080446
3.80200000000000	-0.607930297694603	0.0626666167821436	0.0618033988749868
3.80300000000000	-0.617859613090331	0.0936906572928555	0.0907980999479057
3.80400000000000	-0.627691361290702	0.124344943582436	0.117557050458509
3.80500000000000	-0.637423989748691	0.154508497187470	0.141421356237321
3.80600000000000	-0.647055961569445	0.184062276342337	0.161803398874985
3.80700000000000	-0.656585755752956	0.212889645782536	0.178201304837669
3.80800000000000	-0.666011867434251	0.240876837050859	0.190211303259035
3.80900000000000	-0.675332808121023	0.267913397489500	0.197537668119029
3.81000000000000	-0.684547105928687	0.293892626146228	0.200000000000000
3.81100000000000	-0.693653305812802	0.318711994874338	0.197537668119026
3.81200000000000	-0.702649969798851	0.342273552964350	0.190211303259028
3.81300000000000	-0.711535677209287	0.364484313710702	0.178201304837671
3.81400000000000	-0.720309024887908	0.385256621387892	0.161803398874987
3.81500000000000	-0.728968627421412	0.404508497187473	0.141421356237307
3.81600000000000	-0.737513117358174	0.422163962751007	0.117557050458493
3.81700000000000	-0.745941145424182	0.438153340021932	0.0907980999479083
3.81800000000000	-0.754251380736103	0.452413526233011	0.0618033988749895
3.81900000000000	-0.762442511011446	0.464888242944122	0.0312868930080475
3.82000000000000	-0.770513242775792	0.475528258147579	-2.01908449788606e-14
3.82100000000000	-0.778462301567025	0.484291580564317	-0.0312868930080424
3.82200000000000	-0.786288432136620	0.491143625364343	-0.0618033988749847
3.82300000000000	-0.793990398647832	0.496057350657238	-0.0907980999479038
3.82400000000000	-0.801566984870877	0.499013364214136	-0.117557050458507
3.82500000000000	-0.809016994374947	0.500000000000000	-0.141421356237319
3.82600000000000	-0.816339250717183	0.499013364214136	-0.161803398874997
3.82700000000000	-0.823532597628426	0.496057350657240	-0.178201304837668
3.82800000000000	-0.830595899195815	0.491143625364343	-0.190211303259034
3.82900000000000	-0.837528040042144	0.484291580564314	-0.197537668119029
3.83000000000000	-0.844327925502013	0.475528258147579	-0.200000000000000
3.83100000000000	-0.850994481794689	0.464888242944128	-0.197537668119027
3.83200000000000	-0.857526656193653	0.452413526233005	-0.190211303259029
3.83300000000000	-0.863923417192836	0.438153340021933	-0.178201304837672
3.83400000000000	-0.870183754669526	0.422163962751008	-0.161803398874988
3.83500000000000	-0.876306680043863	0.404508497187481	-0.141421356237308
3.83600000000000	-0.882291226434953	0.385256621387893	-0.117557050458494
3.83700000000000	-0.888136448813543	0.364484313710703	-0.0907980999479102
3.83800000000000	-0.893841424151262	0.342273552964350	-0.0618033988749916
3.83900000000000	-0.899405251566369	0.318711994874350	-0.0312868930080496
3.84000000000000	-0.904827052466018	0.293892626146240	-4.70264370872584e-15
3.84100000000000	-0.910105970684996	0.267913397489501	0.0312868930080628
3.84200000000000	-0.915241172620918	0.240876837050859	0.0618033988749826
3.84300000000000	-0.920231847365870	0.212889645782536	0.0907980999479018
3.84400000000000	-0.925077206834458	0.184062276342351	0.117557050458487
3.84500000000000	-0.929776485888251	0.154508497187471	0.141421356237318
3.84600000000000	-0.934328942456611	0.124344943582423	0.161803398874996
3.84700000000000	-0.938733857653873	0.0936906572928699	0.178201304837678
3.84800000000000	-0.942990535892863	0.0626666167821582	0.190211303259026
3.84900000000000	-0.947098304994745	0.0313952597646612	0.197537668119029
3.85000000000000	-0.951056516295154	2.93853333731706e-15	0.200000000000000
3.85100000000000	-0.954864544746643	-0.0313952597646553	0.197537668119027
3.85200000000000	-0.958521789017374	-0.0626666167821383	0.190211303259030
3.85300000000000	-0.962027671586086	-0.0936906572928641	0.178201304837673
3.85400000000000	-0.965381638833274	-0.124344943582431	0.161803398874989
3.85500000000000	-0.968583161128631	-0.154508497187465	0.141421356237310
3.85600000000000	-0.971631732914673	-0.184062276342332	0.117557050458496
3.85700000000000	-0.974526872786578	-0.212889645782544	0.0907980999479122
3.85800000000000	-0.977268123568194	-0.240876837050854	0.0618033988749936
3.85900000000000	-0.979855052384246	-0.267913397489496	0.0312868930080517
3.86000000000000	-0.982287250728687	-0.293892626146224	6.85876485198908e-15
3.86100000000000	-0.984564334529205	-0.318711994874345	-0.0312868930080606
3.86200000000000	-0.986685944207868	-0.342273552964346	-0.0618033988750022
3.86300000000000	-0.988651744737914	-0.364484313710699	-0.0907980999478999
3.86400000000000	-0.990461425696651	-0.385256621387889	-0.117557050458485
3.86500000000000	-0.992114701314478	-0.404508497187478	-0.141421356237316
3.86600000000000	-0.993611310520008	-0.422163962751004	-0.161803398874994
3.86700000000000	-0.994951016981300	-0.438153340021930	-0.178201304837677
3.86800000000000	-0.996133609143172	-0.452413526233009	-0.190211303259033
3.86900000000000	-0.997158900260614	-0.464888242944125	-0.197537668119028
3.87000000000000	-0.998026728428272	-0.475528258147577	-0.200000000000000
3.87100000000000	-0.998736956606017	-0.484291580564316	-0.197537668119027
3.87200000000000	-0.999289472640589	-0.491143625364342	-0.190211303259030
3.87300000000000	-0.999684189283300	-0.496057350657240	-0.178201304837674
3.87400000000000	-0.999921044203816	-0.499013364214135	-0.161803398874990
3.87500000000000	-1.00000000000000	-0.500000000000000	-0.141421356237312
3.87600000000000	-0.999921044203816	-0.499013364214136	-0.117557050458498
3.87700000000000	-0.999684189283300	-0.496057350657239	-0.0907980999478938
3.87800000000000	-0.999289472640589	-0.491143625364345	-0.0618033988749957
3.87900000000000	-0.998736956606017	-0.484291580564315	-0.0312868930080539
3.88000000000000	-0.998026728428272	-0.475528258147580	-9.01488599525233e-15
3.88100000000000	-0.997158900260614	-0.464888242944124	0.0312868930080585
3.88200000000000	-0.996133609143173	-0.452413526233007	0.0618033988750002
3.88300000000000	-0.994951016981300	-0.438153340021935	0.0907980999479183
3.88400000000000	-0.993611310520009	-0.422163962751010	0.117557050458502
3.88500000000000	-0.992114701314478	-0.404508497187476	0.141421356237315
3.88600000000000	-0.990461425696651	-0.385256621387896	0.161803398874993
3.88700000000000	-0.988651744737914	-0.364484313710706	0.178201304837676
3.88800000000000	-0.986685944207868	-0.342273552964354	0.190211303259032
3.88900000000000	-0.984564334529205	-0.318711994874343	0.197537668119028
3.89000000000000	-0.982287250728689	-0.293892626146233	0.200000000000000
3.89100000000000	-0.979855052384247	-0.267913397489505	0.197537668119028
3.89200000000000	-0.977268123568194	-0.240876837050864	0.190211303259031
3.89300000000000	-0.974526872786576	-0.212889645782528	0.178201304837675
3.89400000000000	-0.971631732914673	-0.184062276342342	0.161803398874992
3.89500000000000	-0.968583161128632	-0.154508497187476	0.141421356237313
3.89600000000000	-0.965381638833275	-0.124344943582442	0.117557050458500
3.89700000000000	-0.962027671586086	-0.0936906572928612	0.0907980999478957
3.89800000000000	-0.958521789017376	-0.0626666167821495	0.0618033988749761
3.89900000000000	-0.954864544746643	-0.0313952597646666	0.0312868930080560
3.90000000000000	-0.951056516295154	-8.32883619547518e-15	1.11710071385156e-14
3.90100000000000	-0.947098304994743	0.0313952597646642	-0.0312868930080564
3.90200000000000	-0.942990535892866	0.0626666167821470	-0.0618033988749981
3.90300000000000	-0.938733857653876	0.0936906572928588	-0.0907980999479163
3.90400000000000	-0.934328942456614	0.124344943582426	-0.117557050458500
3.90500000000000	-0.929776485888251	0.154508497187473	-0.141421356237313
3.90600000000000	-0.925077206834458	0.184062276342340	-0.161803398874992
3.90700000000000	-0.920231847365870	0.212889645782539	-0.178201304837675
3.90800000000000	-0.915241172620918	0.240876837050849	-0.190211303259031
3.90900000000000	-0.910105970684996	0.267913397489503	-0.197537668119028
3.91000000000000	-0.904827052466021	0.293892626146231	-0.200000000000000
3.91100000000000	-0.899405251566373	0.318711994874341	-0.197537668119028
3.91200000000000	-0.893841424151266	0.342273552964342	-0.190211303259032
3.91300000000000	-0.888136448813544	0.364484313710705	-0.178201304837665
3.91400000000000	-0.882291226434953	0.385256621387895	-0.161803398874993
3.91500000000000	-0.876306680043863	0.404508497187475	-0.141421356237315
3.91600000000000	-0.870183754669526	0.422163962751002	-0.117557050458501
3.91700000000000	-0.863923417192836	0.438153340021934	-0.0907980999478977
3.91800000000000	-0.857526656193653	0.452413526233012	-0.0618033988749782
3.91900000000000	-0.850994481794693	0.464888242944123	-0.0312868930080357
3.92000000000000	-0.844327925502017	0.475528258147575	9.41023926254438e-15
3.92100000000000	-0.837528040042140	0.484291580564315	0.0312868930080542
3.92200000000000	-0.830595899195811	0.491143625364344	0.0618033988749961
3.92300000000000	-0.823532597628427	0.496057350657239	0.0907980999479144
3.92400000000000	-0.816339250717184	0.499013364214135	0.117557050458498
3.92500000000000	-0.809016994374947	0.500000000000000	0.141421356237312
3.92600000000000	-0.801566984870877	0.499013364214136	0.161803398874991
3.92700000000000	-0.793990398647836	0.496057350657240	0.178201304837674
3.92800000000000	-0.786288432136620	0.491143625364346	0.190211303259031
3.92900000000000	-0.778462301567021	0.484291580564313	0.197537668119027
3.93000000000000	-0.770513242775787	0.475528258147578	0.200000000000000
3.93100000000000	-0.762442511011451	0.464888242944126	0.197537668119028
3.93200000000000	-0.754251380736108	0.452413526233010	0.190211303259032
3.93300000000000	-0.745941145424182	0.438153340021931	0.178201304837666
3.93400000000000	-0.737513117358174	0.422163962751006	0.161803398874981
3.93500000000000	-0.728968627421412	0.404508497187479	0.141421356237300
3.93600000000000	-0.720309024887908	0.385256621387900	0.117557050458503
3.93700000000000	-0.711535677209282	0.364484313710700	0.0907980999478996
3.93800000000000	-0.702649969798852	0.342273552964348	0.0618033988749802
3.93900000000000	-0.693653305812808	0.318711994874347	0.0312868930080378
3.94000000000000	-0.684547105928692	0.293892626146238	-7.25411811928113e-15
3.94100000000000	-0.675332808121023	0.267913397489498	-0.0312868930080521
3.94200000000000	-0.666011867434251	0.240876837050856	-0.0618033988749940
3.94300000000000	-0.656585755752956	0.212889645782533	-0.0907980999479125
3.94400000000000	-0.647055961569445	0.184062276342347	-0.117557050458496
3.94500000000000	-0.637423989748691	0.154508497187467	-0.141421356237310
3.94600000000000	-0.627691361290702	0.124344943582433	-0.161803398874989
3.94700000000000	-0.617859613090337	0.0936906572928665	-0.178201304837673
3.94800000000000	-0.607930297694608	0.0626666167821548	-0.190211303259030
3.94900000000000	-0.597904983057517	0.0313952597646578	-0.197537668119031
3.95000000000000	-0.587785252292472	-4.91715661568706e-16	-0.200000000000000
3.95100000000000	-0.577572703422267	-0.0313952597646588	-0.197537668119029
3.95200000000000	-0.567268949126756	-0.0626666167821417	-0.190211303259033
3.95300000000000	-0.556875616488189	-0.0936906572928675	-0.178201304837667
3.95400000000000	-0.546394346734270	-0.124344943582434	-0.161803398874982
3.95500000000000	-0.535826794978999	-0.154508497187468	-0.141421356237302
3.95600000000000	-0.525174629961298	-0.184062276342335	-0.117557050458486
3.95700000000000	-0.514439533781504	-0.212889645782534	-0.0907980999479015
3.95800000000000	-0.503623201635759	-0.240876837050857	-0.0618033988749823
3.95900000000000	-0.492727341548290	-0.267913397489499	-0.0312868930080399
3.96000000000000	-0.481753674101714	-0.293892626146227	5.09799697601788e-15
3.96100000000000	-0.470703932165332	-0.318711994874348	0.0312868930080500
3.96200000000000	-0.459579860621488	-0.342273552964348	0.0618033988749920
3.96300000000000	-0.448383216090034	-0.364484313710701	0.0907980999479106
3.96400000000000	-0.437115766650935	-0.385256621387891	0.117557050458495
3.96500000000000	-0.425779291565069	-0.404508497187480	0.141421356237325
3.96600000000000	-0.414375580993281	-0.422163962751006	0.161803398874988
3.96700000000000	-0.402906435713660	-0.438153340021931	0.178201304837672
3.96800000000000	-0.391373666837207	-0.452413526233010	0.190211303259029
3.96900000000000	-0.379779095521807	-0.464888242944121	0.197537668119027
3.97000000000000	-0.368124552684678	-0.475528258147578	0.200000000000000
3.97100000000000	-0.356411878713251	-0.484291580564313	0.197537668119025
3.97200000000000	-0.344642923174518	-0.491143625364343	0.190211303259034
3.97300000000000	-0.332819544522989	-0.496057350657238	0.178201304837679
3.97400000000000	-0.320943609807212	-0.499013364214136	0.161803398874983
3.97500000000000	-0.309016994374951	-0.500000000000000	0.141421356237303
3.97600000000000	-0.297041581577039	-0.499013364214136	0.117557050458488
3.97700000000000	-0.285019262469981	-0.496057350657241	0.0907980999479034
3.97800000000000	-0.272951935517324	-0.491143625364344	0.0618033988749843
3.97900000000000	-0.260841506289897	-0.484291580564315	0.0312868930080420
3.98000000000000	-0.248689887164855	-0.475528258147579	-2.94187583275464e-15
3.98100000000000	-0.236498997023726	-0.464888242944128	-0.0312868930080479
3.98200000000000	-0.224270760949383	-0.452413526233012	-0.0618033988749899
3.98300000000000	-0.212007109922057	-0.438153340021934	-0.0907980999479087
3.98400000000000	-0.199709980514411	-0.422163962751009	-0.117557050458493
3.98500000000000	-0.187381314585729	-0.404508497187482	-0.141421356237307
3.98600000000000	-0.175023058975274	-0.385256621387894	-0.161803398875000
3.98700000000000	-0.162637165194883	-0.364484313710704	-0.178201304837671
3.98800000000000	-0.150225589120757	-0.342273552964352	-0.190211303259029
3.98900000000000	-0.137790290684639	-0.318711994874351	-0.197537668119026
3.99000000000000	-0.125333233564305	-0.293892626146230	-0.200000000000000
3.99100000000000	-0.112856384873484	-0.267913397489503	-0.197537668119026
3.99200000000000	-0.100361714851218	-0.240876837050861	-0.190211303259027
3.99300000000000	-0.0878511965507467	-0.212889645782538	-0.178201304837680
3.99400000000000	-0.0753268055279300	-0.184062276342339	-0.161803398874985
3.99500000000000	-0.0627905195293114	-0.154508497187472	-0.141421356237305
3.99600000000000	-0.0502443181797684	-0.124344943582438	-0.117557050458490
3.99700000000000	-0.0376901826699413	-0.0936906572928718	-0.0907980999479053
3.99800000000000	-0.0251300954433379	-0.0626666167821461	-0.0618033988749864
3.99900000000000	-0.0125660398833538	-0.0313952597646632	-0.0312868930080442
