time,value
0.00000000000000,0.00000000000000
0.00107730612246852,0.0810394156228339
0.00211825396759862,0.158292001433662
0.00310358512399786,0.229561632853674
0.00404019857801871,0.294892957521724
0.00495790601267725,0.355996024778553
0.00589541090731037,0.414869795398376
0.00688210568648508,0.472397273065307
0.00792424800345532,0.527665663542430
0.00900201766805812,0.578396066389384
0.0100788383918463,0.622193506612141
0.0111185801880652,0.657760235186535
0.0121025518689706,0.685305627307403
0.0130382918034819,0.706070624619585
0.0139560225044898,0.721465028078908
0.0148944365088034,0.732375232292491
0.0158824986725018,0.738960734602175
0.0169258235465316,0.740990244168430
0.0180040347656665,0.738470487650912
0.0190803483714636,0.732082788366691
0.0201188728826834,0.723071202695381
0.0211014896197372,0.712715228435954
0.0220363742028095,0.701858926171394
0.0229541514299379,0.690829355898129
0.0238934919559702,0.679721683713377
0.0248829248793438,0.668807095286931
0.0259274200613112,0.658778342978402
0.0270060507225368,0.650637211804768
0.0280818356344082,0.645273470429073
0.0291191319687003,0.643068961244418
0.0301003986766243,0.643866306918229
0.0310344463181593,0.647302787590178
0.0319522933180254,0.653202449776441
0.0328925775158616,0.661731753679822
0.0338833841865107,0.673227558332700
0.0349290370964162,0.687798169282027
0.0360080649687031,0.704950008783880
0.0370832997601903,0.723547849241227
0.0381193573728653,0.742215424958589
0.0390992793480714,0.759904250457641
0.0400325086945969,0.776198677840619
0.0409504486940911,0.791160288492696
0.0418916934470148,0.804858425967593
0.0428838764641439,0.816905183884966
0.0439306741946665,0.826306711835333
0.0450100769346830,0.831786124871822
0.0460847403348616,0.832404355382065
0.0471195490314506,0.827996476510718
0.0480981319505432,0.819032254011066
0.0490305618799413,0.806008733445147
0.0499486180796605,0.788870453944183
0.0508908399993800,0.766877996389833
0.0518844015730632,0.739016384350742
0.0529323308932100,0.704745533599198
0.0540120860516391,0.664676840382470
0.0550861569511326,0.620671927174164
0.0561197068902689,0.575142482153050
0.0570969568084400,0.529936153321978
0.0580286064246099,0.485564058358270
0.0589468019922980,0.441275287481252
0.0598900174142501,0.395903679295264
0.0608849593648058,0.348979929718681
0.0619340067236528,0.301472021302922
0.0630140917515393,0.255680538700494
0.0640875492084871,0.214296733147917
0.0651198309046894,0.179230712121014
0.0660957542540067,0.151003798220179
0.0670266428814632,0.129028390212477
0.0679450009454610,0.112451985954841
0.0688892259241924,0.100981769940067
0.0698855496816689,0.0952231238661624
0.0709357012121920,0.0963260108168200
0.0720160934673175,0.105120797833290
0.0730889167132962,0.121353679457031
0.0741199210396497,0.143670961599213
0.0750945246272381,0.170417396144459
0.0760246718056483,0.200625072595691
0.0769432154483545,0.234465850464016
0.0778884657529827,0.272900242888336
0.0788861723567538,0.316763440372876
0.0799374138797496,0.365807908505635
0.0810180906330342,0.418283227467679
0.0820902590789289,0.471404554152115
0.0831199772696664,0.522496810272872
0.0840932682757832,0.570088821141245
0.0850226937544421,0.614279587755169
0.0859414460057873,0.656233390444515
0.0868877371155421,0.697170231031044
0.0878868272140134,0.737428787924060
0.0889391442421078,0.776117520708724
0.0900200826840363,0.811551510480103
0.0910915759258620,0.842169522603235
0.0921199995788415,0.867293882730407
0.0930919855548466,0.887283107676814
0.0940207092870935,0.903138932179833
0.0949396931180287,0.915942660775808
0.0958870402178761,0.926452430091461
0.0968875140683016,0.935018655500520
0.0979408918100460,0.941801352332704
0.0990220690571168,0.947085919600121
0.100092866881787,0.951416578237703
0.101119987960868,0.955463529503614
0.102090676827089,0.959831448604047
0.103018718964665,0.965038416763607
0.103937957280668,0.971659475518887
0.104886375257017,0.980461895357700
0.105888232725426,0.992376980336901
0.106942656089479,1.00824700249304
0.108024049190674,1.02842736915619
0.109094131581715,1.05251750121503
0.110119942419030,1.07953676941135
0.111089342462522,1.10855068056429
0.112016723349876,1.13932815409588
0.112936238984474,1.17253948285760
0.113885742420967,1.20933415371771
0.114888982982203,1.25052163211984
0.115944436581598,1.29579357804918
0.117026022524870,1.34346145497685
0.118095369668082,1.39097217885346
0.119119862966203,1.43597016532348
0.120087982838409,1.47723464553758
0.121014723006941,1.51489628827168
0.121934538715255,1.54985654027321
0.122885141888646,1.58280747644980
0.123889764626514,1.61342444390791
0.124946232783008,1.64021883791635
0.126027988501789,1.66119260867888
0.127096580790846,1.67487912183940
0.128119749624852,1.68099653806529
0.129086598339151,1.68023449530961
0.130012718501410,1.67342091544397
0.130932856953724,1.66073936546014
0.131884573829841,1.64150611411160
0.132890577437367,1.61462268005461
0.133948044185874,1.57947849831303
0.135029946565597,1.53677680793070
0.136097764607591,1.48864149903214
0.137119602427021,1.43776114522987
0.138085189356184,1.38608161744119
0.139010710400013,1.33394794608219
0.139931194175361,1.28024910184273
0.140884038405158,1.22344350007361
0.141891421184959,1.16286645218723
0.142949870278064,1.09958945381768
0.144031896162695,1.03630084365870
0.145098920783619,0.976221554603895
0.146119421414327,0.921716703017591
0.147083756287866,0.873464126321976
0.148008699270494,0.830590513646865
0.148929550850278,0.791551586064718
0.149883535765975,0.755200019929983
0.150892295630738,0.721475518309478
0.151951710543292,0.691356466368684
0.153033836741879,0.666136407990221
0.154100048992047,0.646557245583299
0.155119206637946,0.632409556777482
0.156082299539365,0.622764626123459
0.157006685681454,0.616508383230670
0.157927927443089,0.612762688848470
0.158883066054404,0.610999633225717
0.159893200527476,0.610871008780873
0.160953564461264,0.611918782091483
0.162035767754495,0.613419083638086
0.163101148913900,0.614517216780026
0.164118958158603,0.614518386655493
0.165080819522542,0.613026551720920
0.166004670202190,0.609801870272779
0.166926324412774,0.604494324554782
0.167882629403243,0.596492823403694
0.168894135619333,0.585028842125274
0.169955431507827,0.569529268527846
0.171037688654592,0.550033476712155
0.172102220238201,0.527339116360225
0.173118676046548,0.502652680321107
0.174079316655840,0.476925768876941
0.175002653402533,0.450359802145395
0.175924742212554,0.422437380569694
0.176882225935946,0.392460848049681
0.177895100641934,0.360280827774937
0.178957311155117,0.326786330230396
0.180039598899081,0.293809569558951
0.181103262662057,0.263431200570300
0.182118360381544,0.237127231577272
0.183077791364159,0.215350179765694
0.184000635852686,0.197781251675383
0.184923181289760,0.184002183652320
0.185881855766585,0.174132172056340
0.186896095322440,0.169045760187935
0.187959202871706,0.169996590648739
0.189041497947882,0.177833775546330
0.190104275890746,0.192382069593146
0.191118011252836,0.212538789183066
0.192076244078740,0.237064286512813
0.192998618123067,0.265448917473236
0.193921642085707,0.298219501925377
0.194881518999816,0.336497585816677
0.195897119379628,0.381067986579847
0.196961106122755,0.431468112927571
0.198043385264084,0.485677487746501
0.199105259637801,0.540733260041073
0.200117628759133,0.593979337694551
0.201074675237045,0.644144463442904
0.201996600784142,0.691566621578302
0.202920125035571,0.737488794261233
0.203881215730852,0.782888679490363
0.204898172523969,0.827511005674656
0.205963020370161,0.869669457258317
0.207045260314089,0.906969400111759
0.208106213625089,0.937481079327644
0.209117213008576,0.960540498148273
0.210073085282626,0.976682534755275
0.210994584406268,0.986909071062916
0.211918630568263,0.991879068108985
0.212880946045436,0.991501829095749
0.213899254457710,0.985128938618672
0.214964945072716,0.972235970114530
0.216047122567772,0.953148101948410
0.217107137582894,0.929225163923891
0.218116764118710,0.902290675208975
0.219071474665007,0.873725384179570
0.219992569559529,0.843900873039858
0.220917159106308,0.812308297844628
0.221880710019815,0.778248768665388
0.222900364874960,0.741657152142273
0.223966879686253,0.703571039375170
0.225048971498621,0.665924259972758
0.226108031249986,0.630758894518145
0.227116282216448,0.599374615777019
0.228069843839555,0.571957327932262
0.228990556813579,0.547830294291120
0.229915711065731,0.526073073424975
0.230880507720720,0.506124682591110
0.231901503461774,0.488054462801268
0.232968823663806,0.472370486333082
0.234050806583894,0.459530836902074
0.235108894373701,0.449543430624531
0.236115767438036,0.441923300845461
0.237068193267346,0.435921927531339
0.237988546737474,0.430758135320079
0.238914286855930,0.425695625684616
0.239880339205347,0.419991494599355
0.240902669896241,0.412824942904037
0.241970776455757,0.403337642444063
0.243052627304761,0.390853015520194
0.244109726710012,0.375132885893560
0.245115219929017,0.356364913465836
0.246066523415044,0.334751977252729
0.246986539899519,0.309974133342383
0.247912886879570,0.280953077131589
0.248880204521339,0.246135686491726
0.249903863848579,0.204205466437266
0.250972737510000,0.154905935386688
0.252054433146457,0.0994991858641425
0.253110528023594,0.0404208164437324
0.254114639844186,-0.0198527478917095
0.255064834754761,-0.0800742108411502
0.255984536867101,-0.140793840832013
0.256911511532461,-0.203848259585908
0.257880103706775,-0.271057310522916
0.258905084981225,-0.342833743772054
0.259974706272092,-0.417472648833265
0.261056223598420,-0.491591237472805
0.262111298087893,-0.561541393494577
0.263114027347549,-0.624953198850376
0.264063127763927,-0.681477484543408
0.264982538206531,-0.732384494137177
0.265910161203452,-0.779376988794579
0.266880036790159,-0.823317723981564
0.267906332948931,-0.863557742024127
0.268976682185409,-0.898254100362370
0.270057998154440,-0.925475598939588
0.271112036685192,-0.944311798918821
0.272113382612276,-0.955201445242234
0.273061402925155,-0.959371482518710
0.273980544482886,-0.957944640183479
0.274908836274317,-0.951350997807088
0.275880003790409,-0.939336799271288
0.276907607398864,-0.921511935014888
0.277978664691308,-0.898100522941208
0.279059756312803,-0.870366041750071
0.280112743606668,-0.840321524717663
0.281112705820650,-0.809883088745262
0.282059660726104,-0.780092563273861
0.282978556259846,-0.750939941475624
0.283907537119650,-0.721836435893378
0.284880004716855,-0.692396437013091
0.285908907970702,-0.663055574086202
0.286980653229279,-0.635141454648961
0.288061497576428,-0.610329266796606
0.289113418652457,-0.589855728415984
0.290111997164020,-0.574056308456850
0.291057901659340,-0.562491193070576
0.291976574099534,-0.554452914996956
0.292906264106757,-0.549460700693692
0.293880039569236,-0.547462510895656
0.294910234296736,-0.548660777548697
0.295982647237109,-0.553086945697418
0.297063221453014,-0.560250292671567
0.298114061631704,-0.569173019087117
0.299111256842741,-0.578789553058108
0.300056126222201,-0.588355688900228
0.300974598562363,-0.597548765375694
0.301905017595554,-0.606235793723602
0.302880108337697,-0.614112260675927
0.303911586001980,-0.620472028176748
0.304984646151038,-0.624305503775245
0.306064927455174,-0.624714469826343
0.307114672362622,-0.621336021602800
0.308110485066123,-0.614389426128325
0.309054334916650,-0.604280634381174
0.309972630206870,-0.591097935639042
0.310903797938464,-0.574392412023334
0.311880211002797,-0.553398001831790
0.312912962704269,-0.527585641105498
0.313986649405919,-0.497253077425198
0.315066615100574,-0.463740186052513
0.316115250672539,-0.429006201393085
0.317109682052368,-0.394770051568685
0.318052528249139,-0.361802786724621
0.318970669589563,-0.329852376408621
0.319902605480316,-0.298218296262841
0.320880347535508,-0.266605675089621
0.321914364014371,-0.235751452683074
0.322988656435375,-0.207410742605275
0.324068283912070,-0.183650511113452
0.325115796397953,-0.165914511867146
0.326108848028510,-0.154551906410048
0.327050706730461,-0.149119865341067
0.327968717264762,-0.149144777493540
0.328901440558251,-0.154768711446670
0.329880517897229,-0.166882891096955
0.330915789536099,-0.186648402832274
0.331990666671967,-0.214626313066679
0.333069933417845,-0.250081837273207
0.334116309384572,-0.291079407797177
0.335107983230350,-0.335452045403499
0.336048870875610,-0.381992483059744
0.336966773784442,-0.431019489837542
0.337900303501625,-0.483954520389579
0.338880722039795,-0.542176468529191
0.339917238866418,-0.605791703581737
0.340992679547344,-0.673020026117309
0.342071563151539,-0.740636491682537
0.343116789487360,-0.805292941277774
0.344107087902390,-0.864919360661209
0.345047021203631,-0.919352970617065
0.345964839698078,-0.969908515939943
0.346899194631914,-1.01823825402306
0.347880959905488,-1.06513899113131
0.348918711595564,-1.10994849768772
0.349994694492413,-1.15086916483031
0.351073172652380,-1.18599146385667
0.352117236570579,-1.21430056292233
0.353106162297763,-1.23601806866067
0.354045158237477,-1.25221351420331
0.354962915552489,-1.26410998141763
0.355898114262625,-1.27254201794392
0.356881231427058,-1.27780535397924
0.357920207307155,-1.27991473279670
0.358996710937493,-1.27906189109628
0.360074761465320,-1.27590372703181
0.361117650507828,-1.27144123701909
0.362105206678164,-1.26663730248424
0.363043282503860,-1.26213954417114
0.363961001891683,-1.25830462443041
0.364897062699209,-1.25543469784809
0.365881536527738,-1.25401235022466
0.366921725578314,-1.25474372836922
0.367998728312480,-1.25832976563614
0.369076329141158,-1.26509774825304
0.370118031182074,-1.27481416042741
0.371104221313772,-1.28689833675012
0.372041394533100,-1.30088916183898
0.372959099256704,-1.31678483755040
0.373896040238972,-1.33499997918071
0.374881875121267,-1.35596419026659
0.375923265979783,-1.37959289030636
0.377000746047009,-1.40496115009520
0.378077875236669,-1.43045937374363
0.379118378485690,-1.45440591877558
0.380103206483176,-1.47570297221272
0.381039494858978,-1.49406322198406
0.381957208185479,-1.50968845508532
0.382895047170990,-1.52266282798995
0.383882247111917,-1.53245610464601
0.384924828076049,-1.53786638013142
0.386002763570609,-1.53751232947748
0.387079399314730,-1.53059346335759
0.388118692320484,-1.51731857885483
0.389102162473296,-1.49858558032768
0.390037584018585,-1.47513172810489
0.390955329212666,-1.44681659317306
0.391894083776031,-1.41254996121842
0.392882652394515,-1.37092069080896
0.393926411425466,-1.32121125797418
0.395004780312873,-1.26424900730549
0.396080900944442,-1.20248901219867
0.397118972597727,-1.13908734406512
0.398101089579304,-1.07644888809314
0.399035662552165,-1.01518817999895
0.399953462869501,-0.954161066711309
0.400893150326473,-0.891516778309415
0.401883090854477,-0.826157234989081
0.402928015580376,-0.758799560374353
0.404006795703613,-0.692017080968890
0.405082379701254,-0.629187634662914
0.406119219238177,-0.572991373170409
0.407099988104534,-0.524406328481312
0.408033731002971,-0.482729304286766
0.408951609683649,-0.446435040976554
0.409892247086227,-0.414284140902765
0.410883562367838,-0.386082086050479
0.411929640087243,-0.362695905461061
0.413008809173021,-0.345336369888838
0.414083835167081,-0.334623429147094
0.415119432172102,-0.330136653484721
0.416098858360404,-0.330720640855763
0.417031789917104,-0.335181446448342
0.417949770179058,-0.342809573101921
0.418891374310665,-0.353436659319578
0.419884066801288,-0.367075539774682
0.420931284486773,-0.383402263819691
0.422010820151837,-0.401439563080687
0.423085266930423,-0.419714992568710
0.424119611339298,-0.436811139993448
0.425097700666323,-0.451879137080251
0.426029839843361,-0.464741739119491
0.426947944875806,-0.475581158743095
0.427890532246543,-0.484481727347334
0.428884604012212,-0.491129422649217
0.429932948314049,-0.494863989584101
0.431012828071501,-0.495072681693504
0.432086674586482,-0.491640606822011
0.433119756689112,-0.485071391133944
0.434096515349603,-0.476164617638686
0.435027881333082,-0.465536349174876
0.435946134289954,-0.453367181310176
0.436889721131936,-0.439532788785389
0.437885173848723,-0.424005637928836
0.438934631098664,-0.407266671421777
0.440014832364320,-0.390429731338805
0.441088057737275,-0.374926571668434
0.442119868180449,-0.361943735833011
0.443095302745366,-0.352049693805439
0.444025914939991,-0.345287840760999
0.444944338933406,-0.341612678353999
0.445888941196169,-0.341327795224110
0.446885776149715,-0.345230909314077
0.447936332364847,-0.354331123538252
0.449016832463626,-0.369248240258394
0.450089415991747,-0.389704640569106
0.451119945781786,-0.414583533133247
0.452094063196447,-0.442614992989156
0.453023941220041,-0.473196484121132
0.453942559313757,-0.506737540542674
0.454888192659750,-0.544293500122729
0.455886410744899,-0.586703334671689
0.456938051631604,-0.633706207903034
0.458018827803935,-0.683573197050131
0.459090748965883,-0.733582906641188
0.460119989471185,-0.781135060423396
0.461092797053301,-0.824790479539273
0.462021960731255,-0.864570081312404
0.462940795934155,-0.901393632747939
0.463887475734310,-0.936059708569806
0.464887077454860,-0.968366694293067
0.465939788412852,-0.996895780772440
0.467020817821112,-1.01963229451515
0.468092056282816,-1.03503126186836
0.469119999236292,-1.04273877526807
0.470091504673900,-1.04344324342050
0.471019974033573,-1.03806313555672
0.471939049293154,-1.02693733764294
0.472886790622545,-1.00954747892784
0.473887776091099,-0.984908976577425
0.474941542217556,-0.952426167566734
0.476022801952524,-0.912712599863570
0.477093337572930,-0.867751860493489
0.478119975074347,-0.820132619408789
0.479090186423637,-0.771811894615253
0.480017981688688,-0.723259492138665
0.480937319884578,-0.673533272620570
0.481886137518155,-0.621198234223224
0.482888506456094,-0.565542691679916
0.483943312549866,-0.507411825991744
0.485024779637203,-0.449155113110157
0.486094592473970,-0.393675987202430
0.487119916992181,-0.343165308132515
0.488088842675215,-0.298300116954187
0.489015984259890,-0.258300652176697
0.489935608197377,-0.221673013224494
0.490885516605788,-0.187160538434441
0.491889268343349,-0.154408044599180
0.492945098909263,-0.124009711706566
0.494026750316004,-0.0969642421194064
0.495095820631142,-0.0739546689690361
0.496119825006216,-0.0549447716509097
0.497087473808549,-0.0392405168545711
0.498013982311906,-0.0257997506256256
0.498933914715493,-0.0135276985783981
0.499884928060995,-0.00144620148404946
0.500890061537460,0.0112610437274398
0.501946900790693,0.0252595482253912
0.503028713431761,0.0410264187210987
0.504097021697213,0.0587476247184471
0.505119699142459,0.0783169180964502
0.506086080210656,0.0996012596267032
0.507011976410741,0.122859337025038
0.507932239917718,0.148980982180775
0.508884372050173,0.179314948107672
0.509890885814168,0.215114627750426
0.510948717684716,0.256837674425948
0.512030668429450,0.303670490490628
0.513098195332607,0.353664043268632
0.514119539436494,0.404573780452322
0.515084662275543,0.454964202813831
0.516009967123520,0.504860785942517
0.516930584277564,0.555517407312230
0.517883848730521,0.608432601771945
0.518891740940428,0.664161039070872
0.519950549077645,0.721580303913324
0.521032614756339,0.778081008007295
0.522099341205506,0.830635432083068
0.523119345933475,0.877092455641187
0.524083220404099,0.916872777215443
0.525007955018320,0.950709965269562
0.525928948263125,0.979727723175608
0.526883358249996,1.00444816439666
0.527892626674472,1.02428241969909
0.528952394451698,1.03781240787353
0.530034551862147,1.04371697980184
0.531100458991941,1.04168318428353
0.532119118688110,1.03257988545389
0.533081755003980,1.01777734201040
0.534005940664021,0.998201082028156
0.534927332336947,0.973825376105817
0.535882900747271,0.943896116973858
0.536893542765879,0.907717824733658
0.537954253285135,0.865557641481344
0.539036479199203,0.819090930878635
0.540101548375884,0.770987136711924
0.541118857764649,0.723810439211509
0.542080266489496,0.678961745673398
0.543003924630134,0.636351962682603
0.543925736955897,0.594948087534936
0.544882476351693,0.553808242779244
0.545894488955646,0.513003254280955
0.546956125052414,0.473890530839462
0.548038396222597,0.438555338768956
0.549102609049335,0.408785998070447
0.550118563236860,0.385299905983675
0.551078755281488,0.367698304794747
0.552001907486648,0.355030483618465
0.552924162571031,0.346490429603500
0.553882085183251,0.341830721950661
0.554895464976258,0.341305046960646
0.555958009224336,0.345196732945456
0.557040302390332,0.353264917065105
0.558103640712413,0.364559134431886
0.559118235188016,0.377772673637786
0.560077221807218,0.391828278277881
0.560999889803862,0.406226454648242
0.561922609627472,0.420947073374264
0.562881727352539,0.436031791093666
0.563896470551769,0.451141015081126
0.564959905268193,0.465384673113575
0.566042197163484,0.477577359230298
0.567104643073440,0.486758331131291
0.568117873710863,0.492568263459362
0.569075666500241,0.495194926832993
0.569997872152233,0.494988590408141
0.570921078564279,0.492080713719969
0.571881402960726,0.486264476120430
0.572897505397873,0.477203215870370
0.573961812647924,0.464849017840603
0.575044080006349,0.449783139775331
0.576105615849020,0.433167714396779
0.577117478907603,0.416282258739686
0.578074089800282,0.399997440632862
0.578995855102204,0.384591130739647
0.579919569814324,0.370009644116496
0.580881112099525,0.356366069660286
0.581898569221993,0.344344052160522
0.582963730824258,0.335211271299372
0.584045950386596,0.330357572232952
0.585106558764123,0.330650663181076
0.586117050889856,0.336143015079325
0.587072492153120,0.346409544451151
0.587993839224050,0.361240686593338
0.588918083804174,0.381145406562099
0.589880854851171,0.407311019451474
0.590899661723357,0.441006974566419
0.591965659254876,0.482703625773470
0.593047807775417,0.531422675898574
0.594107471552161,0.584874495273313
0.595116589778635,0.640486143431486
0.596070874010452,0.696710438127187
0.596991825087715,0.753728674053264
0.597916620953963,0.813087526456584
0.598880631288396,0.876493708487453
0.599900782593083,0.944436626790843
0.600967597394559,1.01540382847194
0.602049651647678,1.08619831160590
0.603108353955066,1.15324846462184
0.604116095704309,1.21412345698950
0.605069235829770,1.26832584045622
0.605989813262651,1.31698122221905
0.606915181677279,1.36173866912537
0.607880441474406,1.40354427294424
0.608901931514273,1.44194750923868
0.609969544695340,1.47533121297765
0.611051481482066,1.50191206762580
0.612109205723356,1.52079782103204
0.613115568806565,1.53235266961857
0.614067578074235,1.53773091674094
0.614987804317655,1.53807067337300
0.615913766381045,1.53393250501868
0.616880285462867,1.52526089709462
0.617903108162094,1.51182610065459
0.618971500606665,1.49386065061683
0.620053296761236,1.47243720955404
0.621110026616214,1.44924900892528
0.622115009234372,1.42592131841306
0.623065901212537,1.40337934302565
0.623985798820710,1.38170811694800
0.624912375465403,1.36053032171556
0.625880163297888,1.33961246177502
0.626904312203876,1.31932235715506
0.627973464575545,1.30064909098475
0.629055096971962,1.28475910348314
0.630110816401551,1.27240954899368
0.631114417145937,1.26365908534994
0.632064205718772,1.25803509152478
0.632983797338826,1.25493794841974
0.633911009323604,1.25396145217473
0.634880075014009,1.25495378999981
0.635905543299205,1.25782089163929
0.636975436046711,1.26222520167694
0.638056881605272,1.26743672356595
0.639111574856074,1.27250113672240
0.640113792708659,1.27658599289157
0.641062492072301,1.27917606111738
0.641981800437875,1.27995367240019
0.642909668341892,1.27849529200401
0.643880020636188,1.27403574098504
0.644906801100015,1.26550013104022
0.645977414462777,1.25187302463713
0.647058650156604,1.23273658263747
0.648112301765346,1.20855533396386
0.649113136099083,1.18035096492025
0.650060760757620,1.14890233145637
0.650979808682436,1.11405345592773
0.651908352899400,1.07464536911941
0.652880000179802,1.02914864734068
0.653908085250692,0.976677726860637
0.654979399264389,0.917857149281306
0.656060402125939,0.854979995288298
0.657112996923851,0.791199859703502
0.658112447502850,0.729138642023926
0.659059012264218,0.669776034111918
0.659977822635632,0.612313717661119
0.660907063368039,0.555058303917313
0.661880013650632,0.496792815298024
0.662909395388172,0.437876429087008
0.663981389890390,0.380434042185055
0.665062137017949,0.327482484178915
0.666113660135049,0.281536300880648
0.667111727114647,0.243614694319820
0.668057247086442,0.213220640104644
0.668975842858973,0.189128012587364
0.669905800112395,0.170378076975687
0.670880061044872,0.156917815767329
0.671910731142043,0.149550471195243
0.672983385777975,0.149221693205829
0.674063854342131,0.156124068597539
0.675114291211430,0.169325069522426
0.676110975138145,0.187231284970082
0.677055465723356,0.208488443746808
0.677973869912196,0.232610886254938
0.678904563489625,0.259941448318884
0.679880142349120,0.291028876908239
0.680912092134651,0.325815329793651
0.681985386362854,0.363129737981588
0.683065553612952,0.400862978868435
0.684114889974574,0.436776151743531
0.685110191785949,0.469403888088494
0.686053668678599,0.498450017201588
0.686971904353106,0.524494604837102
0.687903353849355,0.548284236157583
0.688880257540390,0.570049192631444
0.689913477981207,0.589233496675033
0.690987391079406,0.604801135653128
0.692067234349981,0.615905650625218
0.693115456255194,0.622414023064925
0.694109377279535,0.624904201525497
0.695051856460244,0.624228172013826
0.695969946737421,0.621045672724146
0.696902171533584,0.615643632535053
0.697880406586114,0.608096073282263
0.698914888289894,0.598623529841346
0.699989399360843,0.587893017363864
0.701068896078028,0.576998038506095
0.702115989893185,0.567089573225750
0.703108531849185,0.558957217445198
0.704050029580657,0.552909406695741
0.704967997618612,0.549009651136702
0.705901016876584,0.547444088518138
0.706880589444153,0.548748084600975
0.707916322661979,0.553718686919984
0.708991410639370,0.563011510884034
0.710070538327278,0.576671531308969
0.711116490737675,0.594002992197889
0.712107655733926,0.613970055404690
0.713048188556344,0.635851917283896
0.713966057547747,0.659647521156811
0.714899890204809,0.685941479906004
0.715880806062809,0.715318291624804
0.716917780691926,0.747663047672354
0.717993424346342,0.781775400853499
0.719072160633421,0.815612231216172
0.720116958647061,0.847082626964317
0.721106749181459,0.874867571621984
0.722046333907815,0.898696717209628
0.722964127073338,0.918951962369155
0.723898791836800,0.935921513340465
0.724881056380836,0.949178784181712
0.725919261967511,0.957475959997642
0.726995439912431,0.959285695083410
0.728073762537789,0.953678828806239
0.729117393489053,0.940859307840010
0.730105812448091,0.921864661715667
0.731044466159427,0.897642533583759
0.731962206741182,0.868226192649386
0.732897722083094,0.832592198785178
0.733881340327464,0.789286823393509
0.734920766069936,0.737496358868396
0.735997456767781,0.677983750054896
0.737075343587478,0.613245611209201
0.738117795140708,0.546602015052617
0.739104845798663,0.480681889035573
0.740042585839246,0.416273635279425
0.740960297094210,0.352263455432235
0.741896681246141,0.286661117333900
0.742881657822413,0.218110209456665
0.743922292573951,0.147057057764784
0.744999474342172,0.0759116364069441
0.746076903335483,0.00807089204604255
0.747118163488469,-0.0536078659393384
0.748103849506472,-0.107940149608786
0.749040693478888,-0.155559653465132
0.749958398672330,-0.198166009313628
0.750895669620214,-0.237402373862541
0.751882008775918,-0.273959203351927
0.752923841047972,-0.307347920134079
0.754001492065181,-0.336429231553810
0.755078441340821,-0.360292710114626
0.756118498428193,-0.378855144524266
0.757102823853197,-0.392854458707139
0.758038789613375,-0.403433974841862
0.758956512012278,-0.411707785736111
0.759894687491326,-0.418538089772440
0.760882393088756,-0.424550306390256
0.761925411054203,-0.430289854576573
0.763003509366343,-0.436344134437300
0.764079957168656,-0.443285230927802
0.765118799865185,-0.451502840428476
0.766101769128819,-0.461169478038368
0.767036874780982,-0.472445949128923
0.767954637647466,-0.485754018328076
0.768893735137152,-0.501862312904164
0.769882810652270,-0.521674820749820
0.770927002148760,-0.545788579289347
0.772005525675310,-0.574037271851491
0.773081450390422,-0.605346692333763
0.774119067714220,-0.638127691589449
0.775100685631537,-0.671042978156773
0.776034949523085,-0.703635746871401
0.776952776107825,-0.736383521942597
0.777892812826949,-0.770144586419157
0.778883261348404,-0.805327725552289
0.779928613881797,-0.841264214069011
0.781007540422019,-0.876188580027745
0.782082920583944,-0.907906184295697
0.783119301899570,-0.934734984682540
0.784099573667684,-0.956066926040476
0.785033014384005,-0.972205477640523
0.785950927919665,-0.983690973019461
0.786891920821478,-0.990603244872409
0.787883745049734,-0.992259710644915
0.788930245797634,-0.987510806444082
0.790009553036846,-0.975508416501062
0.791084367333559,-0.956427104880062
0.792119502355023,-0.931517901172165
0.793098433551644,-0.902363529636912
0.794031069910860,-0.869888972287883
0.794949093605518,-0.833862941989982
0.795891059372935,-0.793212761718240
0.796884261619505,-0.746949414505462
0.797931897434884,-0.695187245861051
0.799011562950768,-0.639652075589097
0.800085790230231,-0.583266824464519
0.801119669023906,-0.528968901241746
0.802097265605759,-0.478501091124633
0.803029116653406,-0.431946068138239
0.803947273683996,-0.388222631982294
0.804890228724874,-0.346173500906844
0.805884810911668,-0.305608837287393
0.806933568326583,-0.267712326869303
0.808013569595530,-0.234546130377355
0.809087188871669,-0.207970754924403
0.810119801859098,-0.188750028266887
0.811096070160237,-0.176447655623995
0.812027155163880,-0.170051843851673
0.812945468669639,-0.168772055787675
0.813889429112142,-0.172490711879468
0.814885392770923,-0.181656042276399
0.815935258000326,-0.196696375730184
0.817015572403798,-0.217320718368348
0.818088562862438,-0.242239087659391
0.819119900823041,-0.269593744609470
0.820094847553065,-0.297811453983211
0.821025185996850,-0.326241322965310
0.821943679072774,-0.355160169616546
0.822888660760811,-0.385200013739282
0.823886007032762,-0.416575088253606
0.824936965978395,-0.448569255195832
0.826017570809322,-0.479615601629517
0.827089911814074,-0.507943456564204
0.828119965887756,-0.532353093933856
0.829093598129907,-0.552594472327264
0.830023209709053,-0.569180409187757
0.830941905399369,-0.582868797711172
0.831887923888115,-0.594169632425093
0.832886653523518,-0.603137103388211
0.833938691777898,-0.609539013803853
0.835019564247101,-0.613264252452929
0.836091235345191,-0.614633236451868
0.837119997034847,-0.614358328471521
0.838092322244009,-0.613246066129560
0.839021226859238,-0.611952000877765
0.839940148150889,-0.610975092695633
0.840887218702388,-0.610836914432410
0.841887332060410,-0.612269720218363
0.842940434910906,-0.616230476730346
0.844021552153534,-0.623643309785605
0.845092533081592,-0.635000832637004
0.846119994255509,-0.650184845808359
0.847091020256098,-0.668765913370756
0.848019238008013,-0.690606812963716
0.848938407824158,-0.716297706257166
0.849886545403005,-0.747082488778278
0.850888042451596,-0.784272581528862
0.851942194884587,-0.828414394156185
0.853023533966586,-0.878660717545932
0.854093804656371,-0.932831869967835
0.855119957550527,-0.988313526444363
0.856089692534282,-1.04331108404299
0.857017243717679,-1.09764005282218
0.857936684911211,-1.15253894507457
0.858885904180327,-1.20962584073484
0.859888784496231,-1.26958947007282
0.860943971201347,-1.33134180652678
0.862025509125945,-1.39216040187754
0.863095049710019,-1.44880087697429
0.864119886930279,-1.49889739931557
0.865088339453943,-1.54175682841793
0.866015244552076,-1.57813773801647
0.866934979899165,-1.60929898233218
0.867885295215644,-1.63594034228845
0.868889557984517,-1.65761839809885
0.869945763358976,-1.67297540887388
0.871027477073179,-1.68066056963513
0.872096267890526,-1.68029069749943
0.873119782414731,-1.67269728171583
0.874086961397636,-1.65929417569205
0.875013241076424,-1.64112672090948
0.875933293270072,-1.61831777987614
0.876884718681127,-1.59022776286649
0.877890362697768,-1.55618767728723
0.878947570850779,-1.51638106003242
0.880029437251897,-1.47232030391506
0.881097458853478,-1.42651115065784
0.882119644033431,-1.38143373196459
0.883085558754973,-1.33850987135823
0.884011233857158,-1.29772773413521
0.884931625500788,-1.25809504594615
0.885884174739778,-1.21858883137223
0.886891198408471,-1.17904827647380
0.887949393165731,-1.14050594738760
0.889031389107902,-1.10475725001389
0.890098622262158,-1.07345868312794
0.891119471825506,-1.04737519537666
0.892084131922520,-1.02622280824423
0.893009223461775,-1.00905872821091
0.893929977062837,-0.994858687748403
0.894883663545385,-0.982944022905972
0.895892064880346,-0.973077649343745
0.896951229788613,-0.965229423101249
0.898033332089351,-0.959223250181947
0.899099757787639,-0.954570509836254
0.900119265839642,-0.950592128485737
0.901082681303681,-0.946626835904800
0.902007210458668,-0.942087823688581
0.902928348422277,-0.936351942772472
0.903883185242476,-0.928632509924277
0.904892961868419,-0.917987584430178
0.905953080200162,-0.903542606927450
0.907035265646910,-0.884868278001596
0.908100865108876,-0.862247546766097
0.909119026134076,-0.836510142406871
0.910081207308586,-0.808423052328986
0.911005195416969,-0.778051040560978
0.911926740039570,-0.744571547188221
0.912882739966280,-0.706703410760026
0.913893889119087,-0.663535172853714
0.914954943877216,-0.615323126849029
0.916037189233911,-0.563774404862141
0.917101943912800,-0.511523286301526
0.918118752776582,-0.461013341942048
0.919079710353974,-0.413474907757957
0.920003178906383,-0.368647542040467
0.920925152369449,-0.325377805588554
0.921882327842689,-0.282703754177694
0.922894846370191,-0.240806569786484
0.923956820292863,-0.201269279421208
0.925039102306503,-0.166442265354033
0.926102993894404,-0.138308712647045
0.927118445844443,-0.117647710442164
0.928078190863073,-0.104047531008934
0.929001161497034,-0.0966272620739483
0.929923585860791,-0.0948747730191252
0.930881948988222,-0.0990770236388494
0.931895833351090,-0.110115965676094
0.932958708916589,-0.128723362291793
0.934041004323808,-0.154649851211948
0.935104014756829,-0.186402130741144
0.936118105424439,-0.221862575352534
0.937076649265486,-0.259380834027261
0.937999143759298,-0.298535482985933
0.938922040956491,-0.340059872622590
0.939881603509990,-0.385017962880088
0.940896849782737,-0.433726639362122
0.941960609214429,-0.485045792884949
0.943042894748074,-0.536506277291227
0.944105006211450,-0.585268014850151
0.945117731612814,-0.629309034495691
0.946075085997065,-0.668076413160917
0.946997126263645,-0.702268969675233
0.947920518093336,-0.733004782190685
0.948881291505670,-0.760903676737168
0.949897895377759,-0.785589393070186
0.950962520649117,-0.805895604326884
0.952044773044826,-0.820639317212722
0.953105967977955,-0.829393062118341
0.954117324515257,-0.832680094207111
0.955073501499787,-0.831528822691166
0.955995109580475,-0.826827656968330
0.956919017701880,-0.818954363499360
0.957881013063475,-0.807856360195021
0.958898969840539,-0.793477573108301
0.959964442680238,-0.776250411287069
0.961046638683019,-0.757293138972316
0.962106899784427,-0.738111802958872
0.963116884246863,-0.720003573557710
0.964071896221633,-0.703618594411489
0.964993094279960,-0.688970883513096
0.965917540206326,-0.675821463962731
0.966880768262127,-0.664144213914350
0.967900072867297,-0.654379066879432
0.968966374764382,-0.647298619970696
0.970048491135187,-0.643560524716356
0.971107801367418,-0.643288961114316
0.972116410932111,-0.646035637417173
0.973070270616460,-0.651127680203988
0.973991080931880,-0.658077512854741
0.974916086024401,-0.666739639388975
0.975880557170838,-0.677137444290785
0.976901204146176,-0.689093319014717
0.977968316355295,-0.701914825946505
0.979050329877590,-0.714402587889781
0.980108672472028,-0.725243003928256
0.981115904704817,-0.733496988905166
0.982068625143870,-0.738771824748419
0.982989070105463,-0.740952011509452
0.983914655567242,-0.739732698134723
0.984880379849290,-0.734302859572261
0.985902363357333,-0.723416986030636
0.986970266904038,-0.705904217670425
0.988052154390366,-0.681366153281273
0.989109512851970,-0.650527288168718
0.990115365708107,-0.614814761225213
0.991066960269082,-0.575352829581040
0.991987062369226,-0.532092911572928
0.992913249239278,-0.483711525215252
0.993880236347616,-0.428368912832934
0.994903550173029,-0.364935127769894
0.995972225859136,-0.294044623372711
0.997053964157675,-0.218321641507519
0.998110322269646,-0.141468790788053
0.999114794094369,-0.0666388611369264
1.00006527646280,0.00492168756840611
1.00098505829081,0.0741282348702048
1.00191186743812,0.143105967739979
1.00288012670639,0.213600381239163
1.00390476425772,0.285617312275400
1.00497419266674,0.357050967246666
1.00605575866785,0.424542131774287
1.00711110049621,0.485043079240224
1.00811419002522,0.537092789280819
1.00906357420109,0.581087975900953
1.00998305843682,0.618583179952533
1.01091051055443,0.651175061169975
1.01188005095660,0.679594023114579
1.01290600526814,0.703450589680509
1.01397616677078,0.721749463803833
1.01505753741353,0.733797259708989
1.01611184731164,0.739819628179215
1.01711355367143,0.740867445798723
1.01806185396522,0.738218073060235
1.01898106337267,0.732811029697954
1.01990917897185,0.725076245394354
1.02088000911968,0.715167576166310
1.02190727285344,0.703393774651096
1.02297814761312,0.690540998185098
1.02405929989181,0.677820829789868
1.02511256250479,0.666449820641718
1.02611288521293,0.657202563110631
1.02706011624155,0.650298175500084
1.02797907366242,0.645655321283595
1.02890787306684,0.643268961420205
1.02988000120745,0.643437293395350
1.03090856665523,0.646687303108640
1.03198013463373,0.653419598968230
1.03306104560440,0.663512167876540
1.03411324587346,0.676230559352442
1.03511218483871,0.690573926874003
1.03605836152138,0.705791781037199
1.03697708986862,0.721663690645166
1.03790659320863,0.738356354939422
1.03888002722214,0.755976485786574
1.03990988630771,0.774108357675698
1.04098212727082,0.791651393604402
1.04206277405774,0.807127290382723
1.04311389722443,0.819284530926936
1.04411145274678,0.827539834969632
1.04505659030082,0.831916663892929
1.04597511255214,0.832577073800405
1.04690533975906,0.829328907205344
1.04788008715641,0.821443130248080
1.04891123143779,0.807921942694765
1.04998412496102,0.788121955633354
1.05106448476314,0.762348107695271
1.05211451637355,0.731906889456972
1.05311068914412,0.698444281588626
1.05405480308064,0.663000950366115
1.05497314227201,0.625474812935146
1.05590411307253,0.584859358627891
1.05688018099330,0.540107440498082
1.05791260166515,0.491133879868688
1.05898612713952,0.439376194099158
1.06006617723694,0.387502060711085
1.06111510314578,0.338351451669542
1.06210989424662,0.293772340116945
1.06305300036613,0.254102888647169
1.06397117958530,0.218555556888946
1.06490291349583,0.186176445171649
1.06588030870629,0.156794569497750
1.06691399660241,0.131417151904453
1.06798813324026,0.111803023453843
1.06906785100063,0.0994653306771762
1.07011565737521,0.0948333606365700
1.07110906827903,0.0972168611681484
1.07205118266698,0.105535002467849
1.07296922504690,0.119181836775265
1.07390174136814,0.138419599249085
1.07488047025927,0.164095740462623
1.07591541585517,0.196855306423640
1.07699014269605,0.236292340523736
1.07806950558100,0.280629148644284
1.07911617890515,0.327276902293462
1.08010821147487,0.373988423704162
1.08104935049710,0.419821978244460
1.08196727920942,0.465289748876176
1.08290059702083,0.511649104621321
1.08388066560656,0.559786560813098
1.08491685902217,0.609327058569312
1.08599215493877,0.658489554867810
1.08707114051025,0.704800996942806
1.08811666758816,0.746217197737714
1.08910732407637,0.781924140957743
1.09004750437449,0.812391548587503
1.09096534262300,0.838798421118702
1.09189948077746,0.862255597968956
1.09288089469293,0.883244463814723
1.09391832569539,0.901539626755756
1.09499416939950,0.916617636006585
1.09607275532614,0.928224887091074
1.09711712328606,0.936670727893910
1.09810640633444,0.942701644314528
1.09904564482109,0.947188032479735
1.09996341583516,0.950914346046124
1.10089839295360,0.954563092987786
1.10188115745362,0.958813841719792
1.10291981546016,0.964420727924541
1.10399618550871,0.972137923380767
1.10507434957211,0.982480027498470
1.10611754587001,0.995524450728530
1.10710545850854,1.01102504753413
1.10804377236266,1.02883382111834
1.10896149939067,1.04930484376594
1.10989733385683,1.07334785670591
1.11088145381433,1.10205012995052
1.11192132789528,1.13603185327616
1.11299820269637,1.17486707886385
1.11407592279744,1.21697509407801
1.11511793522055,1.26019712166697
1.11610448086664,1.30278640941603
1.11704188752860,1.34416584967902
1.11795959383134,1.38495104483402
1.11889630378657,1.42623883136303
1.11988178369127,1.46858618783647
1.12092286257315,1.51126216401625
1.12200022039218,1.55224448351992
1.12307747455733,1.58902468141765
1.12411829122759,1.61971461797188
1.12510347368516,1.64368976993260
1.12603999085178,1.66138617057648
1.12695769969594,1.67351362646458
1.12789530303405,1.68025673814670
1.12888214699119,1.68093399271345
1.12992441905987,1.67432845781128
1.13100223802568,1.65954579408526
1.13207900441304,1.63682677032581
1.13311861379047,1.60762505781558
1.13410243724885,1.57378701147522
1.13503808286847,1.53643155860015
1.13595581751998,1.49535483074515
1.13689433188222,1.44934237807792
1.13788254361136,1.39718110557244
1.13892599691538,1.33880754183453
1.14000425502643,1.27592802422694
1.14108051193206,1.21164432688353
1.14211890281801,1.14920197948564
1.14310137185074,1.09062009247659
1.14403616411809,1.03605531435889
1.14495394783562,0.984216084625338
1.14589339060564,0.933504186147374
1.14688297343965,0.883225306910727
1.14792759569358,0.834207280714053
1.14900627082417,0.788471386324075
1.15008199668817,0.748178198820964
1.15111915822849,0.714568748883130
1.15210027779205,0.687565316613585
1.15303423514313,0.666128132886069
1.15395209117146,0.648973295136037
1.15489247947044,0.635190984357139
1.15588343635454,0.624480173216036
1.15692921494245,0.616930354970470
1.15800828484897,0.612538525466423
1.15908345826157,0.610852783415894
1.16011937994968,0.611019010900703
1.16109915538209,0.612113589842112
1.16203229648896,0.613414461793454
1.16295024805242,0.614413715211702
1.16389159873423,0.614639680647650
1.16488393222514,0.613473554481633
1.16593085420418,0.610132592289058
1.16701029653142,0.603897088822472
1.16808489623905,0.594453210357473
1.16911956791892,0.582036931971053
1.17009800493821,0.567173006485190
1.17103034870370,0.550178064410735
1.17194841899962,0.530825087537525
1.17289074864600,0.508428316211612
1.17388446091126,0.482314828650731
1.17493251301531,0.452432245242357
1.17601230530277,0.419729657345072
1.17708631021406,0.385994203339077
1.17811972208304,0.353148615193313
1.17909682678567,0.322450780540922
1.18002839233803,0.294141932213514
1.18094660453017,0.267744366724895
1.18188992944611,0.242778211843627
1.18288502226343,0.219455572947628
1.18393419090685,0.198925010965332
1.18501431059506,0.182862534983271
1.18608769978681,0.172642121443945
1.18711984239848,0.168701092535089
1.18809562125755,0.170598819167981
1.18902642794507,0.177676373158063
1.18994480515708,0.189766380686943
1.19088914136615,0.207459627534900
1.19188561612294,0.231772825220255
1.19293588740441,0.263376177066994
1.19401631184137,0.301812291150443
1.19508906456445,0.345287162206106
1.19611992883120,0.391337052244836
1.19709438869470,0.438004193467938
1.19802445608021,0.484709727506071
1.19894302138907,0.532243590992027
1.19988838462896,0.581906608870977
1.20088624232189,0.634319107088246
1.20193760202835,0.688571940714695
1.20301830847587,0.742250301446562
1.20409040416111,0.792379178188839
1.20511998135678,0.836703480793484
1.20609312944559,0.874463489962611
1.20702247730096,0.906246447159285
1.20794125373046,0.933151652942460
1.20888765944847,0.955837016126241
1.20988690068323,0.973977770817372
1.21093933429389,0.986444431840519
1.21202029993407,0.992104716647108
1.21309171819805,0.990678143785817
1.21411999996036,0.982966567115310
1.21509184386626,0.970298884413997
1.21602049216676,0.953685384459161
1.21693950268103,0.933324083666781
1.21788696602971,0.908741297010537
1.21888759102082,0.879431895904283
1.21994108371128,0.845616746752531
1.22102228565292,0.808637221094106
1.22209300630376,0.770652706028151
1.22311998463669,0.733772676348134
1.22409053232016,0.699203742622956
1.22501850123886,0.666963781164090
1.22593776873583,0.636273987525913
1.22688630456873,0.606329420893104
1.22788831313950,0.576993045313122
1.22894284978591,0.549020864065538
1.23002426507101,0.523688123181493
1.23109426811406,0.502084969864826
1.23211993539009,0.484584877415442
1.23308919517811,0.470796410113161
1.23401650508016,0.459894567496991
1.23493605238511,0.451021926948749
1.23588567525255,0.443529776115627
1.23688906683509,0.436984231207283
1.23794463201846,0.430997562301509
1.23902623762870,0.425067661855574
1.24009550327219,0.418602725295847
1.24111985223448,0.411086522410032
1.24208783281816,0.402140362698108
1.24301450425503,0.391350757810039
1.24393435411412,0.378009947484061
1.24488507825909,0.361015395002565
1.24588985189451,0.339065619323610
1.24694642990505,0.311137104915787
1.24802820276831,0.277046518507040
1.24909671142894,0.237703378327572
1.25011973519339,0.194698434301876
1.25108644562547,0.149337181963066
1.25201249932915,0.101746296767655
1.25293267440301,0.0506946300559608
1.25388451375713,-0.00571322549749934
1.25489066809580,-0.0688283637756631
1.25594824293737,-0.138359122486615
1.25703015993422,-0.212022461032683
1.25809789224274,-0.286281461869714
1.25911958429990,-0.357856223616949
1.26008503399226,-0.425114293369726
1.26101049086936,-0.488499108893159
1.26193101372668,-0.549797552508617
1.26288398190628,-0.610713728528211
1.26389151520819,-0.671538795419436
1.26495007060281,-0.730657346771034
1.26603210857310,-0.785203176476257
1.26709904537974,-0.832459484341333
1.26811939959667,-0.871067526058922
1.26908359831761,-0.901299701558476
1.27000847944352,-0.924403426086134
1.27092937255465,-0.941592217622512
1.27188348285691,-0.953298143637136
1.27289239299219,-0.959055702412950
1.27395191238466,-0.958067494875241
1.27503404813400,-0.950085720231792
1.27610017051391,-0.935938094305415
1.27711918113592,-0.917251929399319
1.27808213900745,-0.895609391685759
1.27900646562032,-0.871815071279904
1.27992775135092,-0.845774713434248
1.28088301675010,-0.816995427262706
1.28189330119962,-0.785363145085880
1.28295376776218,-0.751724248307119
1.28403597806858,-0.717874670453628
1.28510126732715,-0.685907769180449
1.28611892897942,-0.657352588479088
1.28708065647435,-0.632696677282943
1.28800444996910,-0.611546696969848
1.28892615057385,-0.593219681585416
1.28988258371765,-0.577363034398172
1.29089423957371,-0.564253055111970
1.29195563621082,-0.554601359962316
1.29303789783117,-0.549001991165667
1.29410233550936,-0.547444988854416
1.29511864319846,-0.549283035666836
1.29607915113747,-0.553625738496264
1.29700243305976,-0.559786597144726
1.29792457067603,-0.567452281193950
1.29888218388197,-0.576514768029704
1.29989520784915,-0.586719508142623
1.30095751720230,-0.597381832328524
1.30203980687902,-0.607411815161556
1.30310337475853,-0.615681415300748
1.30411832387383,-0.621450114730514
1.30507762342241,-0.624484531455789
1.30600041546253,-0.624796600696520
1.30692301210412,-0.622247293344578
1.30788181735612,-0.616317927318532
1.30889620575219,-0.606217077811491
1.30995941020483,-0.591311088864342
1.31104170467238,-0.571638760420224
1.31210438478085,-0.548098406426701
1.31311797109583,-0.522053463906409
1.31407607376109,-0.494583312217657
1.31499839774783,-0.465932880875476
1.31592147529880,-0.435553217788757
1.31688148424372,-0.402700558418552
1.31789723300069,-0.367239083156093
1.31896131468321,-0.330175069872136
1.32004359067469,-0.293543207642010
1.32110536529074,-0.259636703896428
1.32211758496418,-0.230072225010842
1.32307450259165,-0.205336649939545
1.32399638048613,-0.185068539632534
1.32491996069454,-0.168799511745271
1.32588118463896,-0.156660821582655
1.32689828930421,-0.149631207544955
1.32796323009897,-0.149128560032578
1.32904546435273,-0.156149605273255
1.33010631601100,-0.170585393954869
1.33111716558806,-0.191317724614752
1.33207291035830,-0.217073093579555
1.33299436424777,-0.247367524670850
1.33391846871958,-0.282851968816883
1.33488091862653,-0.324846918864318
1.33589937436412,-0.374331591398264
1.33696515591059,-0.430930261138420
1.33804732517676,-0.492531977878105
1.33910723667282,-0.555929364337666
1.34011671308604,-0.618198628366045
1.34107129751120,-0.677954526463873
1.34199234960279,-0.735689782613588
1.34291699979573,-0.793044161622731
1.34388068628165,-0.851468651719497
1.34490048787364,-0.911030269652658
1.34596709157358,-0.970028985459927
1.34704917262067,-1.02567117702907
1.34810812701592,-1.07538033765619
1.34911622758605,-1.11789170910404
1.35006966450636,-1.15350326806866
1.35099033712079,-1.18350568255778
1.35191555433830,-1.20926687003593
1.35288048767001,-1.23149097461201
1.35390162951794,-1.25000823976148
1.35496903654067,-1.26417690810119
1.35605100616214,-1.27359124573873
1.35710898678856,-1.27855000703573
1.35811570922535,-1.27996745837550
1.35906801180546,-1.27891516089644
1.35998832737074,-1.27622233621408
1.36091413275595,-1.27238399443005
1.36188032284775,-1.26774644924604
1.36290279897426,-1.26278787583891
1.36397099026199,-1.25826766240869
1.36505282528278,-1.25508945413498
1.36610981574767,-1.25396152237354
1.36711515815051,-1.25516544627344
1.36806633987577,-1.25865847719697
1.36898632092086,-1.26440582431815
1.36991273545062,-1.27265000697396
1.37088019186149,-1.28391055261432
1.37190399591196,-1.29869116281310
1.37297295218514,-1.31704025903248
1.37405462946828,-1.33825894663036
1.37511061365888,-1.36104404268977
1.37611457451732,-1.38405019723631
1.37706464918999,-1.40647834646241
1.37798431833844,-1.42826082897822
1.37891136281735,-1.44973476710541
1.37988009474825,-1.47103229339707
1.38090521999263,-1.49156662332725
1.38197492175545,-1.50996328809481
1.38305641820854,-1.52455008807660
1.38411138029660,-1.53410085729809
1.38511395849080,-1.53825809539727
1.38606294022613,-1.53730306580865
1.38698232018964,-1.53149786034197
1.38791001524422,-1.52051680730074
1.38888003153549,-1.50334703117907
1.38990647087018,-1.47874989770378
1.39097689841606,-1.44608878080308
1.39205819099783,-1.40602450897877
1.39311211544407,-1.36048203630762
1.39411331024511,-1.31172738293813
1.39506121346735,-1.26112499608815
1.39598032703941,-1.20844606638471
1.39690869311224,-1.15219152127349
1.39788000224109,-1.09073294397994
1.39890774819097,-1.02364143058257
1.39997888160812,-0.952465396494088
1.40105994733495,-0.880436052560008
1.40211281889345,-0.811172009997085
1.40311262996352,-0.747144703933605
1.40405946940185,-0.688845292992322
1.40497833945126,-0.635076117295113
1.40590739679520,-0.584087920571058
1.40688000687331,-0.534889892532525
1.40790905159386,-0.488022952675561
1.40898087077092,-0.445356994096873
1.41006168672332,-0.409047869199411
1.41111349044586,-0.380381319644734
1.41211191783838,-0.359286346474446
1.41305770852274,-0.344709033025589
1.41397635798714,-0.335409420784854
1.41490612665960,-0.330615099143168
1.41588004543087,-0.330207993544898
1.41691038071034,-0.334402382637517
1.41798286534207,-0.343138209849448
1.41906340867117,-0.355640015794302
1.42011412991143,-0.370519878531584
1.42111117407101,-0.386347122022856
1.42205593132786,-0.402206572256487
1.42297438320726,-0.417839628287097
1.42390488306456,-0.433338727141502
1.42488011790284,-0.448649077853759
1.42591173516463,-0.463207883924734
1.42698486475766,-0.475974223424147
1.42806511269167,-0.485859865011473
1.42911473710936,-0.492243321602466
1.43011039887171,-0.495153054991113
1.43105413831966,-0.495007145736588
1.43197241566994,-0.492174416573768
1.43290366636167,-0.486698371717067
1.43388022426875,-0.478346911825012
1.43491311457379,-0.466946967278055
1.43598686845240,-0.452794577743441
1.43706679830303,-0.436824380598825
1.43811531186799,-0.420342495071622
1.43910959245964,-0.404490896089956
1.44005233000509,-0.389862592836107
1.44097045593147,-0.376540137710012
1.44190247689491,-0.364485983974741
1.44288036449852,-0.354001134882514
1.44391451854783,-0.345944172427825
1.44498887585978,-0.341516839363982
1.44606846502870,-0.341702611806588
1.44711585402482,-0.346777137714649
1.44810875506280,-0.356329840461977
1.44905050689540,-0.369804936303579
1.44996850454590,-0.387118391205402
1.45090131500060,-0.408886218029940
1.45188053855251,-0.436108596281815
1.45291594668981,-0.469463589983039
1.45399088641226,-0.508586344360314
1.45507011239743,-0.551829211498839
1.45611636342655,-0.596805883471087
1.45710788691794,-0.641462736731398
1.45804866950604,-0.684962868456157
1.45896656206497,-0.727794790517900
1.45990018100722,-0.771066584568167
1.46088074638150,-0.815423249985722
1.46191739859594,-0.860209051318325
1.46299289954140,-0.903393835258428
1.46407173994348,-0.942366971279420
1.46511683992918,-0.975098363440800
1.46610698827051,-1.00086309145313
1.46704681835648,-1.02009215091468
1.46796462903784,-1.03358692143969
1.46889907523539,-1.04168060604460
1.46988098792673,-1.04383931880483
1.47091887385574,-1.03893598853989
1.47199491467803,-1.02607718674801
1.47307334720670,-1.00543450855386
1.47411728339798,-0.978388901955898
1.47510605937458,-0.946783861129406
1.47604495397010,-0.911836398081898
1.47696270601105,-0.873511736397952
1.47789799799774,-0.830761812917011
1.47888126311992,-0.782452959630935
1.47992037205212,-0.728455816372954
1.48099693125242,-0.670268521423774
1.48207493373267,-0.610721226282361
1.48311769370756,-0.552844774157345
1.48410510049278,-0.498589097762856
1.48504307687400,-0.448186083274453
1.48596079352829,-0.400472332046157
1.48689694959883,-0.353899320354844
1.48788157188326,-0.307644194684871
1.48892189276148,-0.262222280001005
1.48999894869443,-0.219265688709193
1.49107649907282,-0.180634846626976
1.49211807074193,-0.147472709229401
1.49310411189621,-0.119780858302292
1.49404118759890,-0.0966298124150181
1.49495889213026,-0.0767106942533021
1.49589593033508,-0.0588731310347220
1.49688191412945,-0.0424173824670752
1.49792343555388,-0.0270576843741842
1.49900096643367,-0.0126619494487117
1.50007804278461,0.000980765981611792
1.50111841439449,0.0142054944584887
1.50210309386437,0.0274282783310180
1.50303928667895,0.0411901859954033
1.50395700235455,0.0562792391934294
1.50489494049466,0.0737706357762246
1.50588228976174,0.0948684686755674
1.50692499999314,0.120548391651685
1.50800298389968,0.151117751556302
1.50907956443157,0.185957038955633
1.51011872456807,0.223749971289755
1.51110204668508,0.263225109680150
1.51203737465158,0.303973247883916
1.51295512473544,0.346761613998253
1.51389398035742,0.393097593381663
1.51488269867391,0.444261651208529
1.51592658563694,0.500314490477922
1.51700500052205,0.559639421105983
1.51808106358351,0.619378940483451
1.51911900117498,0.676614065671606
1.52010097065442,0.729589522841581
1.52103545205737,0.778225370182347
1.52195325980379,0.823658423738161
1.52289305019482,0.867147534416896
1.52388314075036,0.908975757697105
1.52492819203699,0.947970800840631
1.52600701573064,0.981959435046092
1.52708253981656,1.00888666458530
1.52811924413702,1.02781257997182
1.52909986607661,1.03909009216259
1.53003351943991,1.04371518127124
1.53095140808687,1.04243290814729
1.53189215026984,1.03520285912413
1.53288361586611,1.02130186064376
1.53392981873909,1.00000352149404
1.53500902895570,0.971444297744567
1.53608399271336,0.937046239010286
1.53711945338550,0.899068195028859
1.53809873326393,0.859533403187825
1.53903157734559,0.819307688140201
1.53994957010820,0.777955404632708
1.54089128083692,0.734419937724987
1.54188412388682,0.688093996563971
1.54293146528336,0.639662179783731
1.54401103962802,0.591194991639109
1.54508542186312,0.545380680731897
1.54611962886125,0.504370324183701
1.54709757253668,0.468999545779151
1.54802962632349,0.438821760143585
1.54894774638744,0.412795768551878
1.54989044214187,0.390142335512551
1.55088466466886,0.370892317013433
1.55193313120425,0.355831040374539
1.55301304717914,0.345880421611774
1.55408682686181,0.341370166502633
1.55511977051466,0.341764467445250
1.55609638422301,0.346010742290321
1.55702766692522,0.353149367567957
1.55794593744020,0.362701385413955
1.55888963442180,0.374623241888318
1.55988523805934,0.388921741922064
1.56093481603078,0.405194277105973
1.56201505104146,0.422419373371165
1.56308820731217,0.439196811310925
1.56411987830569,0.454289744086975
1.56509516865889,0.467047742382776
1.56602569970476,0.477411796196775
1.56694414377792,0.485566012100465
1.56788885790510,0.491521178691865
1.56888584389615,0.494902340201526
1.56993651928658,0.495086364441643
1.57101705064845,0.491625423249596
1.57208956282393,0.484643269699546
1.57311995220385,0.474849256212781
1.57409392618800,0.463133613944449
1.57502372521830,0.450086089735185
1.57594236590771,0.435813988656899
1.57688811281128,0.420164393612764
1.57788648200800,0.403186407617376
1.57893824049012,0.385535021292070
1.58001904543475,0.368514789143879
1.58109089301383,0.353660345579634
1.58211999218826,0.342128375136486
1.58309265716163,0.334383619714478
1.58402174402407,0.330411805569365
1.58494060433223,0.330248613111414
1.58588739935103,0.334423551881802
1.58688715221447,0.344017933896550
1.58793997915474,0.360237140339160
1.58902103483639,0.383678258320717
1.59009219750581,0.413796306830226
1.59111999824762,0.449094095891777
1.59209136193855,0.488040652264864
1.59301975668221,0.530082439565667
1.59393885954952,0.576013402864826
1.59488671772604,0.627446928665422
1.59588785432609,0.685682474115748
1.59694173478890,0.750567983727794
1.59802301829091,0.820022405392746
1.59909347593104,0.890627605543869
1.60011997038019,0.959059009483556
1.60109004088496,1.02349547263667
1.60201776375460,1.08413953952124
1.60293713205288,1.14259550811930
1.60388606812904,1.20052484692675
1.60488858814434,1.25833485245488
1.60594350689622,1.31462841339638
1.60702499523753,1.36675359088703
1.60809472792807,1.41211005148284
1.60911990859388,1.44933313594203
1.61008869437436,1.47861838821543
1.61101576580469,1.50115204307869
1.61193542233073,1.51817389996849
1.61288545074368,1.53025204288701
1.61388935346176,1.53712252117062
1.61494529497567,1.53815560408101
1.61602696511732,1.53313742111106
1.61709595314295,1.52277088967474
1.61811981290614,1.50848094572239
1.61908732278744,1.49170656798462
1.62001376339736,1.47326688009314
1.62093373086644,1.45323544304679
1.62188486574451,1.43133344728261
1.62289015006197,1.40755171686580
1.62394709852173,1.38261026051472
1.62502892737333,1.35793660931857
1.62609715122925,1.33513891778969
1.62711968334403,1.31534064271087
1.62808592651200,1.29885070266953
1.62901175709874,1.28533400282827
1.62993205813823,1.27427487034820
1.63088431329694,1.26540764912092
1.63189097771975,1.25887248678743
1.63294891702448,1.25501531341759
1.63403088145079,1.25397951921630
1.63509832184826,1.25542387059924
1.63611951994417,1.25860692826157
1.63708450594279,1.26272878730413
1.63800974747607,1.26720418664027
1.63893040461905,1.27166615593284
1.63988379355714,1.27574757573483
1.64089183620109,1.27882817717895
1.64195074996977,1.27996073651085
1.64303282679722,1.27810610460399
1.64409946466901,1.27255932593275
1.64511932275278,1.26319524376000
1.64608306148145,1.25024802233270
1.64700773509752,1.23376457616183
1.64792877077637,1.21317050701273
1.64888330667207,1.18728330332108
1.64989272526329,1.15481393951387
1.65095259683939,1.11514562562507
1.65203476286262,1.06896608299176
1.65310057936838,1.01824952483293
1.65411909182559,0.965405329649203
1.65508159353637,0.912051450294885
1.65600572053205,0.858232153401973
1.65692715707213,0.802604038453594
1.65788285277939,0.743480926008440
1.65889364465497,0.680155135383217
1.65995445711117,0.613767435796652
1.66103668909962,0.547179567963027
1.66210166563123,0.483840045759975
1.66311882722790,0.426311332136984
1.66408010252257,0.375377582161605
1.66500370434923,0.330203741040962
1.66592556396257,0.289320087340133
1.66688243200741,0.251810291603572
1.66789459411621,0.218051643097776
1.66895633025917,0.189582693748828
1.67003860496360,0.168169922852995
1.67110272315043,0.154730841179555
1.67211852903452,0.148910056778617
1.67307858886161,0.149544353116049
1.67400168711909,0.155538076817623
1.67492399189811,0.166484035753496
1.67588204447511,0.182685362904012
1.67689557337856,0.204620791763308
1.67795821575379,0.232174339155123
1.67904050991291,0.264139871048612
1.68010375162700,0.298429901066774
1.68111819732975,0.332920956333009
1.68207705298143,0.366338752200915
1.68299966941196,0.398574415007248
1.68392244132321,0.430283581298471
1.68488169029204,0.462072473573609
1.68589658216517,0.493762874887531
1.68696011306196,0.524175738078419
1.68804240340897,0.551588209514287
1.68910475077017,0.574560769195082
1.69011783220738,0.592542924308321
1.69107549531628,0.605877735220670
1.69199765179829,0.615326485054943
1.69292091267626,0.621515404731459
1.69388136955835,0.624635343679629
1.69489762019081,0.624527822548568
1.69596202164725,0.621082792989310
1.69704428491643,0.614654558613174
1.69810572029743,0.606141059480536
1.69911743377063,0.596646926551917
1.70007391630655,0.587033579377354
1.70099563484852,0.577724437281343
1.70191940638944,0.568866063612335
1.70288108236472,0.560680812771567
1.70389868716201,0.553752488497464
1.70496394097006,0.549021987771017
1.70604615390333,0.547439213380261
1.70710665993469,0.549508996010037
1.70811700213216,0.555128825024068
1.70907231639866,0.563884880069206
1.70999361913290,0.575554465382490
1.71091792288864,0.590410051566717
1.71188082879234,0.609109359106957
1.71289978277711,0.632221879469050
1.71396587048773,0.659642450568138
1.71504800984127,0.690275685448975
1.71610756941628,0.722303623334742
1.71711653741400,0.753950040706915
1.71807069604496,0.784223340726693
1.71899160522133,0.813120425913464
1.71991646259327,0.841186789713565
1.72088060891291,0.868735449231654
1.72190090672634,0.895197669386151
1.72296780965475,0.919026437258653
1.72404985220552,0.938279959827583
1.72510844848507,0.951518836762788
1.72611603974754,0.958339255522295
1.72706905570357,0.959143858709253
1.72798959368318,0.954392541113292
1.72891502591620,0.943923245577829
1.72988042278859,0.926785457130628
1.73090205869195,0.901702399868391
1.73196975792286,0.867961079833140
1.73305168047519,0.826199599806268
1.73410929689252,0.778439565754276
1.73511550927348,0.727152433283190
1.73606739583824,0.673930260802920
1.73698758508719,0.618687733209521
1.73791361326362,0.559924332634992
1.73888027047200,0.495877762665453
1.73990323834823,0.425925710595469
1.74097171474122,0.351463880473291
1.74205349413339,0.275696132523811
1.74311011439876,0.202360526352024
1.74411494614180,0.134127124695866
1.74506571691828,0.0716363207042953
1.74598558000123,0.0136722663063898
1.74691222503492,-0.0417422178659769
1.74788015200621,-0.0959782796743220
1.74890444536166,-0.148888427472089
1.74997367955660,-0.198840657491654
1.75105529266734,-0.243648002806493
1.75211090077266,-0.281750762235751
1.75311435051172,-0.312884815532817
1.75406401941835,-0.337952819357009
1.75498357899219,-0.358388024243542
1.75591086162260,-0.375476480586711
1.75688006742472,-0.389963157400381
1.75790567939099,-0.402072992693542
1.75897565181348,-0.411861771933270
1.76005707556854,-0.419593087500844
1.76111165579189,-0.425840304852872
1.76211372255164,-0.431316279757033
1.76306230381839,-0.436693308090818
1.76398158262583,-0.442594275033500
1.76490952341212,-0.449698358385426
1.76588001675143,-0.458805416585403
1.76690694008733,-0.470746500411281
1.76797763095426,-0.486117710746043
1.76905884233293,-0.504964555844371
1.77011237924299,-0.526696010001927
1.77111306243909,-0.550424635578804
1.77206057060344,-0.575566058345155
1.77297959146655,-0.602258548498508
1.77390821078184,-0.631282504277037
1.77488000000067,-0.663506467015928
1.77590822709424,-0.699159996836948
1.77697961641938,-0.737346985569192
1.77806059246099,-0.776150748687879
1.77911307092141,-0.813361412390203
1.78011237036071,-0.847392663867567
1.78105882026354,-0.877778258039331
1.78197760607733,-0.904961238676830
1.78290692410286,-0.929573316295620
1.78388001717718,-0.951661444690841
1.78490954004785,-0.970320455145454
1.78598160764749,-0.983995649873297
1.78706232545791,-0.991305980031943
1.78811373063161,-0.991793959914170
1.78911164651218,-0.985998885993120
1.79005705329354,-0.974814462610878
1.79097562701947,-0.958676385388113
1.79190566373898,-0.937174572222762
1.79288006827610,-0.909319424715613
1.79391087857695,-0.874317029732989
1.79498360407562,-0.832436231079941
1.79606404083372,-0.785386894119910
1.79711435818706,-0.735810432103268
1.79811089109813,-0.686105787776577
1.79905527019303,-0.637372433592553
1.79997365485252,-0.589172696279233
1.80090443004653,-0.540225653420756
1.80188015328298,-0.489592519743953
1.80291224230310,-0.437677975350303
1.80398560513932,-0.386452771404426
1.80506573810345,-0.338714843123705
1.80611495341034,-0.296841844115014
1.80711010433215,-0.261869426265058
1.80805347146612,-0.233441711240408
1.80897169013406,-0.210511762671971
1.80990322337431,-0.192255655589570
1.81088027217380,-0.178672851628192
1.81191363084074,-0.170554480498062
1.81298761027284,-0.168830840368674
1.81406741678722,-0.173743775027885
1.81511551613315,-0.184498543654194
1.81610928643667,-0.199683971209145
1.81705165762138,-0.218091336707683
1.81796973341958,-0.239286733008268
1.81890204406348,-0.263576294224976
1.81988042491493,-0.291444216419141
1.82091504379730,-0.322818871180717
1.82198961890928,-0.356618561382662
1.82306907641043,-0.390919433769169
1.82411604619641,-0.423695821302570
1.82510843764295,-0.453638407672600
1.82604982917162,-0.480506695462974
1.82696778526227,-0.504859269914013
1.82790089244745,-0.527410340293250
1.82888061146319,-0.548412873458152
1.82991648077329,-0.567415365216211
1.83099163048073,-0.583532899868587
1.83207071650386,-0.596033395006060
1.83311654345025,-0.604791640041821
1.83410755819094,-0.610299432690292
1.83504798663379,-0.613327833108299
1.83596584621296,-0.614572859554456
1.83689976885183,-0.614516654200621
1.83788083176585,-0.613528841552376
1.83891794136244,-0.612090368462320
1.83999364441848,-0.610938574201766
1.84107233660381,-0.610961014038369
1.84211700775409,-0.612894708211821
1.84310664832931,-0.617131729229130
1.84404613052884,-0.623856756473372
1.84496391681984,-0.633405743667857
1.84589867359429,-0.646536797912433
1.84688108576061,-0.664385866554419
1.84791942515180,-0.688062021319108
1.84899566015312,-0.718033176798038
1.85007393625223,-0.753679472224576
1.85111743897664,-0.793451486128219
1.85210570831530,-0.835700595778285
1.85304426138153,-0.879669792116561
1.85396199762843,-0.925942925053095
1.85489760698448,-0.976030789970287
1.85588137337566,-1.03131875585184
1.85692093172187,-1.09193868751205
1.85799767711475,-1.15620202142862
1.85907551499686,-1.22101598023477
1.86011783699600,-1.28314488262959
1.86110473841466,-1.34056671316905
1.86204237972032,-1.39308355910981
1.86296008918132,-1.44188028387411
1.86389656932396,-1.48837162561285
1.86488169452970,-1.53300901238961
1.86592246064669,-1.57471417745017
1.86699969473313,-1.61129630253811
1.86807707239135,-1.64060295351579
1.86911820169963,-1.66159658973102
1.87010373890162,-1.67460643490106
1.87104048607722,-1.68070341836980
1.87195819201809,-1.68077842374622
1.87289556090612,-1.67495262024213
1.87388204913191,-1.66262187307776
1.87492401149399,-1.64309312716053
1.87600171243781,-1.61644427974972
1.87707860799537,-1.58399151837702
1.87811853298442,-1.54791578358687
1.87910271005877,-1.51024627491016
1.88003858098759,-1.47193643377158
1.88095630667511,-1.43266151167206
1.88189458201605,-1.39141744530946
1.88288243708204,-1.34752684552935
1.88392558382532,-1.30147074118801
1.88500372965834,-1.25504425682102
1.88608012137476,-1.21069943380005
1.88711883075670,-1.17047996593840
1.88810165217699,-1.13524215627609
1.88903666499007,-1.10459262953717
1.88995443368542,-1.07744904220412
1.89089363293051,-1.05281711867744
1.89188285827041,-1.03035808521213
1.89292717719613,-1.01046090754636
1.89400574582439,-0.993811852561550
1.89508161210167,-0.980798827064212
1.89611909493230,-0.971198010537738
1.89710056555536,-0.964295492572971
1.89803473862636,-0.959216451594604
1.89895257357857,-0.955165915989595
1.89989271391784,-0.951472401526529
1.90088331257794,-0.947493188725103
1.90192879115593,-0.942513408474664
1.90300776036595,-0.935785375868133
1.90408307975461,-0.926743605695042
1.90511932543652,-0.915201181833852
1.90609945050112,-0.901258286811897
1.90703280244109,-0.884915590568397
1.90795072688047,-0.865698538583172
1.90889182523787,-0.842608106859655
1.90988379987618,-0.814483026458938
1.91093042524840,-0.780630069582485
1.91200977271343,-0.741405262176701
1.91308452391864,-0.698331000338225
1.91411952220418,-0.653511991472451
1.91509830732951,-0.608615517013389
1.91603085698168,-0.564081440342014
1.91694889411321,-0.519094769844920
1.91789096714185,-0.472338132939560
1.91888432002736,-0.423089858828028
1.91993207901155,-0.372054168067752
1.92101178229791,-0.321411196623616
1.92208594418545,-0.273986033998955
1.92311968517966,-0.232031853594906
1.92409713636375,-0.196425855097820
1.92502890279816,-0.166742324677427
1.92594707579498,-0.142028918654852
1.92689013987239,-0.121742850792564
1.92788487288442,-0.106310388082915
1.92893375197782,-0.0969782150279912
1.93001378855121,-0.0950090328768315
1.93108734015351,-0.100770859771090
1.93211981431689,-0.113449373209030
1.93309593793488,-0.131631468072173
1.93402694044303,-0.154270114926602
1.93494527243987,-0.181290687101353
1.93588934366337,-0.213458078385288
1.93688545829105,-0.251618705822653
1.93793544367421,-0.295748788722810
1.93901579090611,-0.344383941849436
1.94008871142812,-0.394887520961126
1.94111990957934,-0.444497370332303
1.94209471238175,-0.491484728812142
1.94302497047111,-0.535665842338970
1.94394348455772,-0.578001403403602
1.94488857873992,-0.619593108080125
1.94588607608174,-0.660670765902530
1.94693715362242,-0.700147352733317
1.94801778879649,-0.736023915547251
1.94909005762160,-0.766386837323458
1.95011997094009,-0.790298361556595
1.95109346005086,-0.807995680191692
1.95202299343935,-0.820401027393532
1.95294171265404,-0.828400311700081
1.95388784531829,-0.832352544543459
1.95488672608182,-0.832063432948789
1.95593888133902,-0.827208734948143
1.95701978165749,-0.817922083380602
1.95809137835334,-0.805086223671114
1.95911999838179,-0.790061452483306
1.96009218129625,-0.774072956618059
1.96102100990672,-0.757752624851335
1.96193995722977,-0.741139214244240
1.96288714360585,-0.724073577887787
1.96388740810753,-0.706703011744136
1.96494062633553,-0.689767302814957
1.96602176892568,-0.674452181873445
1.96709267324993,-0.661884660713293
1.96811999189667,-0.652648997927448
1.96909087647949,-0.646689921815464
1.97001902043402,-0.643615771610995
1.97093821878123,-0.643110412022998
1.97188647380098,-0.645161495981815
1.97288812196603,-0.649980179480721
1.97394238811860,-0.657665037738783
1.97502375003920,-0.667839799272876
1.97609394194526,-0.679576800810639
1.97711995148658,-0.691720544950192
1.97808954596947,-0.703356053061198
1.97901702558372,-0.714034750272167
1.97993649779992,-0.723608736546156
1.98088583609306,-0.731828899369590
1.98188886745550,-0.737994219214931
1.98294416619011,-0.740920148251873
1.98402572443794,-0.739333500405191
1.98509518408065,-0.732469799805936
1.98611987716294,-0.720373049343394
1.98708819014237,-0.703567710270894
1.98801502591983,-0.682324842227900
1.98893479477241,-0.656096379187182
1.98988523066238,-0.623533403726176
1.99088964436516,-0.583118650138764
1.99194596004735,-0.534129580774779
1.99302769156368,-0.477411386752270
1.99409639930491,-0.415366741819015
1.99511976894676,-0.350949908459909
1.99608680938151,-0.286196218129130
1.99701302200770,-0.221248833733438
1.99793311018020,-0.154519782123362
1.99888465768013,-0.0838867209827437
1.99989045247537,-0.00825949131717732
2.00094776918317,0.0713323699299718
2.00202965086026,0.151781894501268
2.00309758727446,0.229134937212605
2.00411962686864,0.300303709210614
2.00508540407728,0.364225351001798
2.00601101441390,0.421855330496050
2.00693144449956,0.475145136914648
2.00788411730828,0.525647826052306
2.00889129155764,0.573497222233787
2.00994959308606,0.617308513249783
2.01103160177373,0.655039869322527
2.01209874765343,0.685210495544066
2.01311945096874,0.707627323231728
2.01408397462698,0.723233501581715
2.01500900370602,0.733388349258373
2.01592979820142,0.739157727781355
2.01688360969963,0.740998348204607
2.01789216137476,0.738927025824318
2.01895143124035,0.733023331708884
2.02003354375252,0.723897188517401
2.02109988011374,0.712733255202901
2.02211924129680,0.700869859398630
2.02308252143478,0.689288366993998
2.02400699045254,0.678417916721378
2.02492817175125,0.668336567414842
2.02588313499769,0.659164574647957
2.02689306168078,0.651368219173466
2.02795328312636,0.645755633386788
2.02903547624758,0.643132633023043
2.03010098433523,0.643867641069783
2.03111899791210,0.647742684014308
2.03208104491151,0.654225130312334
2.03300497522268,0.662911385024775
2.03392656560888,0.673782547054238
2.03488269333667,0.687105560697730
2.03589399222119,0.703053221464070
2.03695514822050,0.721275469564267
2.03803739871254,0.740728408216801
2.03910206000570,0.759953885516602
2.04011872088345,0.777657066983040
2.04107954547465,0.793149632582834
2.04200295858618,0.806342493668738
2.04292498022841,0.817342582017518
2.04388228484143,0.825956140037231
2.04489495273288,0.831424153612236
2.04595702599546,0.832600289410780
2.04703931060386,0.828521697195203
2.04810310682103,0.818974455713343
2.04911841028917,0.804553960319382
2.05007802354811,0.786111996031365
2.05100094111322,0.764022736165641
2.05192341605808,0.737827980750809
2.05288190962748,0.706503019165966
2.05389594294429,0.669200127812562
2.05495891592034,0.626076709327111
2.05604121138101,0.578692458284503
2.05710412448525,0.529598651191973
2.05811806621708,0.481262671647302
2.05907647956219,0.435013952159171
2.05999892337417,0.390705804711903
2.06092187354010,0.347268392784726
2.06188156780089,0.303784027225585
2.06289696257547,0.260462353427890
2.06396081746081,0.218937615043484
2.06504310050658,0.181660823344505
2.06610511271064,0.150758105352073
2.06711768876445,0.127153475020277
2.06807491395341,0.110533189489948
2.06899690593952,0.100042461824846
2.06992035311061,0.0951414384763225
2.07088125945831,0.0960875919949078
2.07189801133813,0.103785794067746
2.07296273007925,0.119066535525308
2.07404497744646,0.141835877451064
2.07510607121780,0.170765330825463
2.07611727803801,0.203864562747047
2.07707332716442,0.239552034111077
2.07799488937964,0.277430373116134
2.07891885519946,0.318249058351263
2.07988098468691,0.363116486531640
2.08089908893576,0.412433816477679
2.08196465323491,0.465159199935305
2.08304684166999,0.518884020900508
2.08410699973575,0.570752057655649
2.08511683415387,0.618665655758860
2.08607171964384,0.662016048039364
2.08699287426467,0.701557333574263
2.08791738023016,0.738607621196546
2.08888074356438,0.774076337131660
2.08990019506371,0.807844282231632
2.09096658638406,0.838831943961041
2.09204869265010,0.865685364962136
2.09310789800195,0.887580874801636
2.09411635723753,0.904600770586133
2.09507009184617,0.917543357345360
2.09599086116434,0.927454199185359
2.09691592861972,0.935228915515059
2.09788053615890,0.941463233308278
2.09890132940922,0.946555957809421
2.09996852898016,0.950934229583282
2.10105052986348,0.955178586250150
2.10210876576245,0.959921656234238
2.10311584742383,0.965661478302698
2.10406844423162,0.972742300173995
2.10498885064781,0.981550180677782
2.10591450077854,0.992729251003792
2.10688036252909,1.00720784570343
2.10790249165160,1.02595312905734
2.10897048047397,1.04952035310235
2.11005235279068,1.07763870931263
2.11110960277191,1.10919219161721
2.11211530485691,1.14276495316301
2.11306677726603,1.17745554394786
2.11398684328350,1.21338565133235
2.11491309711033,1.25153636416631
2.11588022272406,1.29299574783345
2.11690368146224,1.33803264841379
2.11797244031375,1.38552107281815
2.11905416091633,1.43311664252237
2.12011040879368,1.47816996838065
2.12111472969017,1.51882529401093
2.12206509142068,1.55458761857772
2.12298483963896,1.58605029306032
2.12391171801192,1.61404007220450
2.12488011678332,1.63871798456907
2.12590489850476,1.65915668494161
2.12697440794540,1.67368455481169
2.12805595372921,1.68082108036626
2.12911118359987,1.68013082498735
2.13011412208622,1.67231165933027
2.13106338717221,1.65846643259186
2.13198284028066,1.63917252533253
2.13291036387324,1.61402847357934
2.13388004473684,1.58194113809584
2.13490614243506,1.54198734759914
2.13597638281263,1.49438790830460
2.13705773072245,1.44096128330505
2.13811192697144,1.38460789142413
2.13911348221685,1.32803151472518
2.14006166500247,1.27252766543717
2.14098084577388,1.21763195674942
2.14190903507714,1.16180767918603
2.14288000660498,1.10373509129367
2.14390741290144,1.04347832848719
2.14497836435708,0.982865613116406
2.14605949139364,0.924825310245295
2.14711263869820,0.872072883843816
2.14811281026296,0.825989205851758
2.14905992539835,0.786333315331025
2.14997885668253,0.751803926660760
2.15090773199929,0.720997650988731
2.15188000239851,0.693224183740967
2.15290870954473,0.668771682066369
2.15398035201851,0.648504487900060
2.15506123524500,0.633101451762218
2.15611331857893,0.622509395169154
2.15711210641455,0.615962381337412
2.15805816885169,0.612406947194080
2.15897687356897,0.610922399452498
2.15990645500812,0.610878220692241
2.16088003211864,0.611823286395092
2.16191003199831,0.613249288043539
2.16298234523496,0.614437538729564
2.16406296178348,0.614555611960151
2.16511396642142,0.612943507127624
2.16611137087059,0.609300034126536
2.16705639585911,0.603560812759702
2.16797489699387,0.595577839620295
2.16890520446467,0.584885699656841
2.16988009575695,0.570748119759637
2.17091137988829,0.552498341811766
2.17198434344290,0.530016947448586
2.17306467052095,0.504033189603722
2.17411458204249,0.475941766848430
2.17511060383906,0.447154468051845
2.17605460692188,0.418418651234955
2.17697292751609,0.389589026664982
2.17790398072249,0.359998607010437
2.17888019329546,0.329191184540777
2.17991275283360,0.297584394244248
2.18098634607737,0.266644390869397
2.18206636097431,0.238398885926088
2.18311516526811,0.214570867544237
2.18410980553681,0.195944788441099
2.18505280254579,0.182393558531074
2.18597096569243,0.173459084973696
2.18690278412759,0.169031307078427
2.18788032470658,0.169698731014779
2.18891415044605,0.176546718693963
2.18998835257218,0.190465550815373
2.19106803266561,0.211403632403885
2.19211571593336,0.238185060946961
2.19310897618954,0.269144321217928
2.19405098324098,0.303138453653773
2.19496901207755,0.340181856107311
2.19590161501825,0.381273560558201
2.19688048995317,0.427536566897660
2.19791557233051,0.479154710421683
2.19899036236003,0.534718719889904
2.20006968512222,0.591454974323996
2.20111623388257,0.646306607099035
2.20210811603174,0.697209137167780
2.20304914952183,0.743740608153299
2.20396706722381,0.786801937025039
2.20490047372503,0.827607427036256
2.20588068898851,0.866593965662677
2.20691701808497,0.902864055038395
2.20799237487271,0.934510012061630
2.20907131787695,0.959625471437128
2.21011671896929,0.977285462364024
2.21110722530659,0.987797668683753
2.21204730190676,0.992154018097390
2.21296513168107,0.991204338541623
2.21389936057060,0.985127964627865
2.21488092175631,0.973472816027181
2.21591848730068,0.955712976365975
2.21699438954121,0.931994473514459
2.21807293046817,0.903534796842318
2.21911717105638,0.872293380883877
2.22010630426593,0.840092333506950
2.22104544091816,0.807826844375673
2.22196320599654,0.775299611956031
2.22289827586967,0.741732197495282
2.22388118819078,0.706605361356190
2.22491997956225,0.670334244653892
2.22599640579595,0.634368147105903
2.22707452243997,0.600628039088421
2.22811759001603,0.570647709965742
2.22910535317015,0.544992715520529
2.23004356708217,0.523267778632610
2.23096129071468,0.504581890898668
2.23189721992893,0.488123874848604
2.23288148821659,0.473536495932329
2.23392149444778,0.460916154928167
2.23499842306686,0.450482011891214
2.23607609334224,0.442195247119046
2.23711797572977,0.435631027548808
2.23810437228817,0.430127956585034
2.23904168092858,0.424980540146207
2.23995938637699,0.419487557457789
2.24089619304692,0.412875461209093
2.24188182174890,0.404224775025642
2.24292303152896,0.392526712742441
2.24400044078362,0.376938936429619
2.24507764273085,0.357139144677932
2.24611832808857,0.333460478198516
2.24710336189730,0.306543156583044
2.24803978299066,0.276650582621572
2.24895749352188,0.243152406538447
2.24989519551395,0.204582416598789
2.25088218869342,0.159296530603193
2.25192459037123,0.106431724920516
2.25300245837576,0.0466786549926008
2.25407917016775,-0.0176613945663966
2.25511864699278,-0.0835663377736994
2.25610232228320,-0.148714820418510
2.25703787380500,-0.212554581118669
2.25795561268451,-0.276332543345017
2.25889422761207,-0.342073004392730
2.25988258894641,-0.411081467716122
2.26092617053385,-0.482786715426942
2.26200447527284,-0.554594314513744
2.26308067522109,-0.622900970976690
2.26411893235227,-0.684680983784748
2.26510125373981,-0.738653715603536
2.26603595391138,-0.785385516945978
2.26695374439664,-0.826427331243814
2.26789328961492,-0.863088419693872
2.26888302239470,-0.895522777649851
2.26992777157008,-0.922619945001667
2.27100649090465,-0.942768167072044
2.27208215746534,-0.954963625033886
2.27311918408634,-0.959437560313279
2.27410015656923,-0.957378174221851
2.27503402385262,-0.950085973981506
2.27595188918649,-0.938253411886097
2.27689238178770,-0.921811127695150
2.27788348891574,-0.900358475273453
2.27892939302724,-0.873896983911225
2.28000850470130,-0.843402361954320
2.28108361648144,-0.810787057234928
2.28211940212382,-0.778197790902417
2.28309903108166,-0.747132103445556
2.28403208417439,-0.717994495771083
2.28495004757858,-0.690332794391183
2.28589150438709,-0.663532882871346
2.28688398837764,-0.637531986232660
2.28793103444693,-0.613129083972791
2.28901051609343,-0.591688810474590
2.29008505185688,-0.574434598204432
2.29111958640307,-0.561853121511451
2.29209787759530,-0.553624487942509
2.29303013542508,-0.549027369381700
2.29394822009357,-0.547440374124888
2.29489065766114,-0.548608588980377
2.29588452063919,-0.552561366363204
2.29693269536505,-0.559262750302750
2.29801252451239,-0.568245718748498
2.29908646318585,-0.578541975617892
2.30011973687198,-0.589001693990011
2.30109669643628,-0.598735645044462
2.30202817815568,-0.607311335460763
2.30294640724816,-0.614588391529340
2.30388984184924,-0.620362957531136
2.30488508554989,-0.624085310056990
2.30593437531202,-0.624866159014611
2.30701452939032,-0.621828954585655
2.30808785006932,-0.614589300866602
2.30911985348803,-0.603449552551101
2.31009548793855,-0.589084586687031
2.31102621291953,-0.571951626167484
2.31194460955487,-0.551893387012710
2.31288905718205,-0.528222302304832
2.31388568295004,-0.500242497528185
2.31493607381288,-0.467927979135268
2.31601653016040,-0.432347912763547
2.31708921211518,-0.395482731830534
2.31811993621822,-0.359444293711667
2.31909425244378,-0.325597242978036
2.32002424027229,-0.294182812992020
2.32094282752198,-0.264657715028393
2.32188830388142,-0.236489648164848
2.32288631267074,-0.209922538399625
2.32393779038742,-0.186242149628163
2.32501852625695,-0.167321845408056
2.32609054893835,-0.154710219311259
2.32711998503919,-0.148935308807535
2.32809299030127,-0.149564500760071
2.32902226077166,-0.155917805050391
2.32994106165330,-0.167842236697269
2.33088758216033,-0.186015659562343
2.33188697453394,-0.211602634297305
2.33293952455030,-0.245419196467927
2.33402051711562,-0.287068832304432
2.33509186016087,-0.334690626799807
2.33611999993711,-0.385670937778414
2.33709170186787,-0.437937427842291
2.33802027497730,-0.490949377785110
2.33893931244809,-0.545724409407137
2.33988689222282,-0.603907827169939
2.34088766835251,-0.666430444397310
2.34194127581125,-0.732497943032253
2.34302250217355,-0.799520100364616
2.34409314541202,-0.864094491425042
2.34511998090778,-0.923472535644208
2.34609038750786,-0.976596724162106
2.34701828345065,-1.02414797663069
2.34793758040091,-1.06771374682525
2.34888623426396,-1.10862413004611
2.34988839393030,-1.14708527763713
2.35094304367512,-1.18207062746307
2.35202448086949,-1.21201122864337
2.35309440432842,-1.23578837844381
2.35411992795659,-1.25332455763371
2.35508904759284,-1.26545694356919
2.35601628675477,-1.27336075003858
2.35693586600145,-1.27799934781996
2.35788560846977,-1.27989486676490
2.35888915106217,-1.27926405323372
2.35994482764209,-1.27637897058712
2.36102645264403,-1.27186691404681
2.36209563655415,-1.26668446678500
2.36311984109849,-1.26179169751846
2.36408768250164,-1.25784490998816
2.36501428545419,-1.25517096857203
2.36593416973442,-1.25399065130504
2.36688501501718,-1.25467426329296
2.36788993953405,-1.25782721842337
2.36894662720780,-1.26410810259067
2.37002841693969,-1.27385445286386
2.37109684174082,-1.28679768018503
2.37211972035805,-1.30216404612398
2.37308629262021,-1.31914646279587
2.37401228011472,-1.33738407552047
2.37493249207940,-1.35708211635962
2.37588445407397,-1.37869213154913
2.37689075912302,-1.40235110794235
2.37794844186344,-1.42741641449290
2.37903037320111,-1.45242701886440
2.38009801954770,-1.47559554893544
2.38111956576941,-1.49552813843436
2.38208487834150,-1.51164493641916
2.38301027130332,-1.52402134387567
2.38393083351070,-1.53282552312678
2.38488392579875,-1.53775705860899
2.38589160959736,-1.53784493102217
2.38695027109598,-1.53178403142635
2.38803232087519,-1.51867509018101
2.38909916964178,-1.49865179471470
2.39011937737627,-1.47282017524273
2.39108344006537,-1.44245220334036
2.39200825958795,-1.40802649037839
2.39292919449725,-1.36882641221837
2.39388343034087,-1.32336812036864
2.39489249071662,-1.27042473525343
2.39595211438822,-1.21011068683876
2.39703425941128,-1.14438109349482
2.39810029169790,-1.07650060477937
2.39911915523189,-1.00966147302355
2.40008197819847,-0.945586912590514
2.40100624553737,-0.884001362111277
2.40192757550245,-0.823248890626757
2.40288296784040,-0.761656088924707
2.40389340223168,-0.698875605847553
2.40495397121904,-0.636461502487124
2.40603618826131,-0.577316526596593
2.40710138539882,-0.524340527634554
2.40811889939908,-0.479162426912819
2.40908049315410,-0.441723836608416
2.41000422972100,-0.410804345773793
2.41092597698403,-0.385006648154626
2.41188253842811,-0.363608865547744
2.41289434388484,-0.346858146283559
2.41395584106345,-0.335566516571224
2.41503810687992,-0.330292567062061
2.41610245043533,-0.330730819940143
2.41711860995018,-0.335773094584831
2.41807898535212,-0.344112390779336
2.41900221270878,-0.354847817577832
2.41992439939393,-0.367672624892025
2.42088214222540,-0.382603561688339
2.42189531540985,-0.399478384864074
2.42295772339279,-0.417557420774746
2.42404001472469,-0.435529736615161
2.42510348650632,-0.451963957671693
2.42611828696701,-0.465870711884250
2.42707745521883,-0.476944600552361
2.42800019507096,-0.485357637491404
2.42892284317818,-0.491325813203665
2.42988177934430,-0.494762046897406
2.43089631653205,-0.495228466255314
2.43195961767487,-0.492231748398145
2.43304191125620,-0.485672453063691
2.43410449331885,-0.476081947808742
2.43511793054089,-0.464411112186965
2.43607590318684,-0.451534391081349
2.43699817737799,-0.437877376976805
2.43792130877676,-0.423431529424818
2.43888144988740,-0.408112579917261
2.43989734696839,-0.392216162208457
2.44096152337415,-0.376663673889064
2.44204379593825,-0.362820533203118
2.44310547058827,-0.351960804088555
2.44411754077260,-0.344780872800800
2.44507432969495,-0.341355166618653
2.44599616020033,-0.341534677801151
2.44691979662350,-0.345443991402089
2.44788115394784,-0.353721899579953
2.44889840642754,-0.367334617635033
2.44996343995181,-0.387011605823255
2.45104566823801,-0.412622982444078
2.45210641803829,-0.442997527122262
2.45311711777233,-0.476454019417048
2.45407273518803,-0.511735742419208
2.45499414410828,-0.548671066264920
2.45591830714591,-0.588097978493588
2.45688089160930,-0.631104339895356
2.45789949460996,-0.678020560397797
2.45896536686599,-0.727739056828468
2.46004752762611,-0.777822601746529
2.46110733540103,-0.825429199090568
2.46211666165968,-0.868491857398789
2.46307112011690,-0.906377520159433
2.46399212967186,-0.939660614156077
2.46491684076512,-0.969254000812746
2.46588066294594,-0.995454638706089
2.46690061120798,-1.01745191081853
2.46796730357190,-1.03361832790899
2.46904937357685,-1.04243644350983
2.47010822241712,-1.04339873897548
2.47111617256360,-1.03716768613353
2.47206948493817,-1.02489652186217
2.47299011746059,-1.00729703277093
2.47391539789571,-0.984141066999590
2.47488046802242,-0.954482715212579
2.47590175590593,-0.917457785073425
2.47696924952199,-0.873224936906296
2.47805120556834,-0.823443973761126
2.47910907883580,-0.770843831581965
2.48011565062237,-0.718041874073269
2.48106783011416,-0.666380495417269
2.48198810804338,-0.615540880680948
2.48291397894562,-0.564130225108813
2.48388030689385,-0.510856090036159
2.48490292838016,-0.455624264640620
2.48597120416607,-0.399941948970808
2.48705302308262,-0.346370329580043
2.48810990441491,-0.297358622116464
2.48911509598357,-0.254204233793452
2.49006615611272,-0.216727869341839
2.49098610198835,-0.183706360194877
2.49191258431602,-0.153692368565555
2.49288017960577,-0.125761991019624
2.49390412829917,-0.0998320650861642
2.49497316695151,-0.0764208695528630
2.49605482560583,-0.0560728820751801
2.49711069892106,-0.0388864926173147
2.49811450880399,-0.0244153012457430
2.49906446340715,-0.0118447762125529
2.49998409986267,-0.000199807453453575
2.50091121440121,0.0115324169802460
2.50188008619418,0.0243412136875062
2.50290535532373,0.0391311060047528
2.50397513732339,0.0565962787662767
2.50505661262835,0.0770261571876441
2.50611146212960,0.100200213638699
2.50711388924965,0.125601275987797
2.50806275247603,0.152937550781834
2.50898210223239,0.182622464259977
2.50990986958852,0.215826685416819
2.51088002668550,0.254003563233818
2.51190660910692,0.298096678233211
2.51297711472463,0.347818621473991
2.51405838364494,0.401450024201499
2.51511219382477,0.456429000462328
2.51611323749573,0.510502980788425
2.51706102380306,0.562744370764733
2.51798010966229,0.613776900267863
2.51890855025814,0.665084036162103
2.51988000109653,0.717809172701413
2.52090788929425,0.771713336007990
2.52197909859616,0.824897973330200
2.52306013815488,0.874511552521043
2.52411289379968,0.918027148005158
2.52511255372648,0.954248787362807
2.52605927787701,0.983432975347037
2.52697812271574,1.00659153748267
2.52790725678310,1.02452068148984
2.52888000943452,1.03713084204254
2.52990919552379,1.04344506551007
2.53098108837708,1.04229560508379
2.53206187566213,1.03327315803447
2.53311356185645,1.01718896110841
2.53411183813522,0.995638517832974
2.53505751519148,0.970014879501115
2.53597614195449,0.940742649263264
2.53690598952909,0.907246274538587
2.53788005169712,0.868627478346639
2.53891052742623,0.824644358786368
2.53998308350484,0.776421235616743
2.54106359567544,0.726388353576751
2.54211419780618,0.677383945467322
2.54311109092428,0.631469011987001
2.54405573624485,0.589234526182700
2.54497416793856,0.549986447550065
2.54590474885441,0.512606093861850
2.54688012787236,0.476550829064638
2.54791188462500,0.442431070043393
2.54898508341534,0.411818794305824
2.55006529770853,0.386408035573842
2.55111480146908,0.367125456345589
2.55211031230491,0.353815158722862
2.55305394154006,0.345612158954858
2.55397220122606,0.341605334041801
2.55490353510981,0.341318077060152
2.55588023793872,0.344768954440099
2.55691326673639,0.352124853723997
2.55798708754318,0.363180468153695
2.55906698128017,0.377058793208731
2.56011537267449,0.392410404781807
2.56110950249725,0.407968605047361
2.56205213158453,0.423009271168369
2.56297024237303,0.437393297466688
2.56390234863847,0.451224806558876
2.56488038186508,0.464389872233499
2.56591467336963,0.476280300289543
2.56698909532171,0.485907190753464
2.56806864591438,0.492356601226964
2.56911591126089,0.495242325241461
2.57010866173025,0.494781722330494
2.57105030688998,0.491461025590160
2.57196829193328,0.485602953546440
2.57290118977582,0.477165264542249
2.57388055961074,0.465885321453522
2.57491610412704,0.451676529200645
2.57599110618330,0.435026844997970
2.57707029114052,0.417082632583614
2.57811641707603,0.399279425114755
2.57910779024161,0.382766975485801
2.58004846797230,0.368075947389829
2.58096635045828,0.355253630246200
2.58190005884952,0.344328629007612
2.58288077112545,0.335777414534713
2.58391755860409,0.330674837910558
2.58499311955941,0.330361082241683
2.58607191649344,0.335782665210315
2.58711688997689,0.347011531089603
2.58810688827775,0.363402783227633
2.58904661535140,0.384317450083167
2.58996441849691,0.409843475931790
2.59089895617930,0.440981530428286
2.59188101634942,0.479158918297985
2.59291903638957,0.525303220237647
2.59399513488080,0.578956419717838
2.59507352151361,0.638027317439238
2.59611732982977,0.699526851551160
2.59710595609365,0.760953294859385
2.59804474955108,0.821441094954344
2.59896249659541,0.881925852237150
2.59989788207692,0.944243088009763
2.60088129521329,1.00969130780898
2.60192053706567,1.07785025828871
2.60299715157770,1.14633901425285
2.60407510574725,1.21171404579208
2.60511773651031,1.27098451989614
2.60610499395288,1.32278812794077
2.60704287109884,1.36756378865928
2.60796058529714,1.40677902996342
2.60889683684606,1.44177143376485
2.60988160763825,1.47284826098520
2.61092206020810,1.49911987369809
2.61199916907993,1.51915813762104
2.61307666874645,1.53201983044920
2.61411810990353,1.53787070051669
2.61510400212746,1.53779022841404
2.61604098052577,1.53303476536272
2.61695868514247,1.52437800904750
2.61789582078223,1.51193574628830
2.61888195353595,1.49550051131746
2.61992360538624,1.47514707918749
2.62100118681708,1.45171483906511
2.62207821006930,1.42678866779840
2.62311844990386,1.40213266941575
2.62410298089781,1.37898360721344
2.62503907836639,1.35771158277657
2.62595679666865,1.33802257423043
2.62689483417271,1.31950000351282
2.62788233280860,1.30213042603262
2.62892517216321,1.28649831558984
2.63000320421868,1.27352136644550
2.63107972928004,1.26391292099274
2.63211875641519,1.25778844491153
2.63310193055265,1.25469858230312
2.63403716515850,1.25398132698379
2.63495492040958,1.25510562768902
2.63589387729642,1.25777966629833
2.63688274534897,1.26180338200989
2.63792676009605,1.26679487136150
2.63900522071437,1.27201356483595
2.64008122594914,1.27647156274313
2.64111902935084,1.27927846489914
2.64210085138895,1.27990302503418
2.64303524144300,1.27809798444277
2.64395305689574,1.27356450609398
2.64489295042392,1.26564369944658
2.64588319104043,1.25327872520019
2.64692836873581,1.23534158433097
2.64800723573401,1.21121837991166
2.64908269965345,1.18128464118448
2.65011926863365,1.14681030435338
2.65109974371182,1.10919655394832
2.65203330776378,1.06903187494440
2.65295120665399,1.02565249857839
2.65389205381725,0.977527489761999
2.65488366975695,0.923266796876300
2.65592999762768,0.862724272681729
2.65700924870792,0.797572957519489
2.65808414997631,0.730908309487469
2.65911947419597,0.665982325392800
2.66009860783442,0.604807836202014
2.66103136466756,0.547502567936109
2.66194937020746,0.492725453404105
2.66289118772990,0.438889170331572
2.66388418136321,0.385454111017941
2.66493164631112,0.333582802547262
2.66601125906696,0.285749591980168
2.66708557650769,0.244533444469408
2.66811964597968,0.211411904143665
2.66909744407790,0.186350895545020
2.67002941270369,0.168318968854645
2.67094754807534,0.156220112254943
2.67189035240674,0.149628404376708
2.67288472571455,0.148946906676610
2.67393331432001,0.154919624430975
2.67501326624277,0.167792820445944
2.67608697884426,0.186743162800596
2.67711978393621,0.210073493185234
2.67809625277129,0.236051922655396
2.67902745242404,0.263734557135055
2.67994574077281,0.293190857300226
2.68088954808395,0.325040593334159
2.68188530265706,0.359627557823087
2.68293500118276,0.396325436557188
2.68401526966784,0.433421597493612
2.68508835658954,0.468707878017199
2.68611988802657,0.500406663170408
2.68709503425140,0.527798817131170
2.68802548438285,0.551189758690240
2.68894394881084,0.571348227999080
2.68988877498892,0.588822465668987
2.69088591202764,0.603523362203828
2.69193670642244,0.614803907269209
2.69301726877576,0.621977777720912
2.69408970935400,0.624887890869038
2.69511995822131,0.624073378400670
2.69609378886274,0.620445175539264
2.69702350913653,0.614801640660018
2.69794217269607,0.607567149479122
2.69888803334023,0.598883262793445
2.69988655365400,0.588937837929884
2.70093842955695,0.578293718667202
2.70201926300133,0.567957885896310
2.70309103675519,0.559086492184829
2.70411999450060,0.552537730920991
2.70509251695741,0.548653377440233
2.70602152724353,0.547435323118124
2.70694041293065,0.548932187569197
2.70788732334756,0.553527099823022
2.70888722735473,0.561922905079257
2.70994017009909,0.574791131959559
2.71102125178072,0.592262307029200
2.71209233841781,0.613636537661781
2.71311999685417,0.637631112962707
2.71409121889502,0.663059050915846
2.71501953926420,0.689439472896674
2.71593867001212,0.717094969766861
2.71688664521165,0.746679852585046
2.71788793293936,0.778430478903358
2.71894192755678,0.811580117436354
2.72002323455166,0.844336313446827
2.72109361397384,0.874515254598242
2.72211996528137,0.900439812329241
2.72308989504256,0.921462760853224
2.72401754576059,0.937784998503701
2.72493694443325,0.949780270623301
2.72588599912423,0.957307085127848
2.72688867020839,0.959429826660817
2.72794370143313,0.954761762580886
2.72902521075355,0.942289676759863
2.73009486306265,0.922111754942606
2.73111989979111,0.895436610448073
2.73208854577432,0.863741712983987
2.73301554729631,0.827713030565176
2.73393523668190,0.786748930438494
2.73488538526796,0.739354743054316
2.73588943895339,0.684201320429905
2.73694549122661,0.621287958166932
2.73802717982768,0.552529257846279
2.73909608533109,0.481276583086359
2.74011980040192,0.410915568065854
2.74108717147179,0.343376292256583
2.74201354443638,0.278488296351643
2.74293354724091,0.214526721451655
2.74388480381639,0.149582356495100
2.74489023895701,0.0829891274121306
2.74594729643121,0.0160290848591693
2.74702914121733,-0.0484996045729530
2.74809728043360,-0.107592053552514
2.74911966714189,-0.159386108712571
2.75008577252350,-0.203754307151409
2.75101153774708,-0.241948662245367
2.75193187658792,-0.275678803857777
2.75288425493392,-0.306175641553314
2.75389106999307,-0.333695675290353
2.75494911653655,-0.357686918959067
2.75603109436797,-0.377451973745751
2.75709844803227,-0.392799133180731
2.75811950004870,-0.404237811794622
2.75908434932499,-0.412723469692370
2.76000952779574,-0.419287426054963
2.76093022519528,-0.424821722133462
2.76188373877574,-0.430063351421267
2.76289193182660,-0.435688780102230
2.76395095102802,-0.442381802897900
2.76503303872738,-0.450753449225948
2.76609958779700,-0.461145671378642
2.76711929916959,-0.473547100531312
2.76808290227862,-0.487802215035545
2.76900751515063,-0.503991394790774
2.76992859352987,-0.522663495250677
2.77088325548777,-0.544713247082576
2.77189282421395,-0.570932827294452
2.77295279938698,-0.601450392298290
2.77403497374584,-0.635387216876568
2.77510069940555,-0.671043450751957
2.77611906456136,-0.706614320213206
2.77708143179353,-0.741003246847200
2.77800550038079,-0.774179990414345
2.77892698205302,-0.806860904309082
2.77988280520665,-0.839726374164622
2.78089374690281,-0.872636013565511
2.78195466109083,-0.904314652150954
2.78303689887627,-0.932753918903137
2.78410178254364,-0.956110109578171
2.78511879629034,-0.973468726946612
2.78607993828545,-0.984936742828450
2.78700348405584,-0.991082697358882
2.78792539122033,-0.992199345820753
2.78888238805970,-0.987875642398595
2.78989469963232,-0.977128817523926
2.79095653561323,-0.959063957337000
2.79203881357439,-0.933683067430028
2.79310283690503,-0.902220661094923
2.79411849443237,-0.866624627069772
2.79507842217663,-0.828490680321050
2.79600146674585,-0.788229863719447
2.79692382148157,-0.745044567805021
2.79788200416484,-0.697707886701351
2.79889568213311,-0.645686850327139
2.79995842242420,-0.589974862872379
2.80104071729885,-0.533093570924773
2.80210386219163,-0.478165351086527
2.80311815907279,-0.427602313625525
2.80407688389574,-0.382257689241355
2.80499944902117,-0.341517504042942
2.80592227328056,-0.304165146134095
2.80688165363061,-0.269460947061332
2.80789669412740,-0.237831762066489
2.80896032099028,-0.210766089317891
2.81004260951142,-0.189967275771618
2.81110485811356,-0.176362981294397
2.81211779030643,-0.169705419580761
2.81307532387767,-0.168985785737422
2.81399743145227,-0.173230638679863
2.81492074705500,-0.182075582934888
2.81588133655613,-0.195798128745863
2.81689773532908,-0.214839249988050
2.81796223077469,-0.239101837893408
2.81904448967712,-0.267497532322956
2.82010582438924,-0.298139556124135
2.82111738823754,-0.329115681054276
2.82207374256349,-0.359290701336949
2.82299541460957,-0.388585815158406
2.82391924323641,-0.417607300104116
2.82488105303104,-0.446905962009840
2.82589880544376,-0.476315623099224
2.82696415123749,-0.504766908614219
2.82804635726438,-0.530707808896767
2.82910676074548,-0.552848284476174
2.83011695297980,-0.570700712661819
2.83107214040028,-0.584591513723595
2.83199339906328,-0.595257480730040
2.83291776224996,-0.603369687157117
2.83388080313549,-0.609262109470473
2.83489990416890,-0.612978535497043
2.83596608183572,-0.614572995344765
2.83704821174518,-0.614414880007411
2.83810766691756,-0.613225031818668
2.83911648465627,-0.611827760323190
2.84007051784101,-0.610891200415511
2.84099138538325,-0.610899683180756
2.84191630451436,-0.612341829590629
2.84288058694014,-0.615925728234949
2.84390103119386,-0.622627057708932
2.84496802202353,-0.633455645035252
2.84605005259521,-0.649008998900394
2.84710854264926,-0.669140714164427
2.84811598339935,-0.693118976970503
2.84906887534443,-0.720275680580632
2.84998937413882,-0.750681702579941
2.85091487044175,-0.785333542396813
2.85188040450612,-0.825690951133235
2.85290218619999,-0.872786578681821
2.85396997125239,-0.926358018636045
2.85505187929400,-0.984538619566703
2.85610938769301,-1.04444936892125
2.85711544935076,-1.10346527891504
2.85806721337491,-1.16038014014708
2.85898736589860,-1.21572266584868
2.85991346043759,-1.27105305944973
2.86088025588500,-1.32767030370938
2.86190336886075,-1.38545122653135
2.86297192897119,-1.44249021281837
2.86405369132510,-1.49580125134003
2.86511020180987,-1.54266918123981
2.86611488266150,-1.58175836697557
2.86706553240234,-1.61330127175703
2.86798536123039,-1.63840364108227
2.86891207490052,-1.65802609661166
2.86988014111880,-1.67224676357688
2.87090457884176,-1.68019777493124
2.87197389462644,-1.68072947909709
2.87305548817621,-1.67337743098692
2.87411098476968,-1.65888724844015
2.87511428349179,-1.63884604349457
2.87606383290198,-1.61472286548305
2.87698336070095,-1.58707557126967
2.87791071422226,-1.55545757202019
2.87888006023997,-1.51902918729066
2.87990581580093,-1.47749339302248
2.88097586766238,-1.43181063175851
2.88205726933929,-1.38420269059263
2.88311173635107,-1.33734891641915
2.88411365201102,-1.29326242527232
2.88506211535432,-1.25258051795141
2.88598136487590,-1.21466460287490
2.88690937878753,-1.17835863672226
2.88788001327138,-1.14292893838272
2.88890707938854,-1.10866387443238
2.88997784752120,-1.07679595509984
2.89105903431078,-1.04881322807762
2.89211245634156,-1.02565252259572
2.89311298839773,-1.00731813785653
2.89406038024495,-0.993068101417219
2.89497937431951,-0.981893413873941
2.89590806897389,-0.972941312905587
2.89688000022631,-0.965688486346881
2.89790836924734,-0.959836196042065
2.89897983364312,-0.955054838979420
2.90006078259165,-0.950820182215760
2.90111314453757,-0.946491607294866
2.90211229283954,-0.941503689375175
2.90305862806445,-0.935415773065558
2.90397738959456,-0.927755008335300
2.90490678515165,-0.917821856318752
2.90588002110844,-0.904655514244331
2.90690968501265,-0.887251792588443
2.90798182546663,-0.864990921263049
2.90906251368763,-0.838046010272551
2.91011380074454,-0.807407832590373
2.91111156553311,-0.774345873248275
2.91205685930819,-0.739599036396782
2.91297541126218,-0.702874003602979
2.91390552768378,-0.663021427893707
2.91488007591186,-0.618809304882973
2.91591102631246,-0.569881334677587
2.91698382242857,-0.517368157750880
2.91806422710929,-0.463723501897616
2.91911442477694,-0.411770442882001
2.92011080668406,-0.363507640832796
2.92105507447626,-0.319436105400696
2.92197343988171,-0.278785838028967
2.92290429692581,-0.240433624440145
2.92388016462110,-0.203954592153003
2.92491239276756,-0.170209290868524
2.92598582396434,-0.141091127663742
2.92706592237220,-0.118561030285843
2.92811501645835,-0.103644075705290
2.92911001650695,-0.0961244670764769
2.93005327407328,-0.0950849344716042
2.93097147601051,-0.0997811524248219
2.93190309322571,-0.110219001586798
2.93288028721106,-0.127112363444352
2.93391378399161,-0.151254715132916
2.93498782950807,-0.182648737798388
2.93606759899706,-0.219987703898538
2.93711557562146,-0.260977083543130
2.93810919522517,-0.303376238094140
2.93905145860826,-0.346033498584373
2.93996952020382,-0.389201956403148
2.94090191692379,-0.433971200907408
2.94188044364708,-0.481190982317338
2.94291519959127,-0.530508390262419
2.94398983849273,-0.580092896529963
2.94506925650984,-0.627266846222571
2.94611610210820,-0.669666421911069
2.94710834307093,-0.706164093550560
2.94804962859450,-0.737002841596294
2.94896757301460,-0.763195398830946
2.94990076835262,-0.785651894636554
2.95088063388494,-0.804537915840982
2.95191663916632,-0.819203130451359
2.95299185035033,-0.828717220785472
2.95407089444192,-0.832633202865532
2.95511659576972,-0.831384805137863
2.95610746028516,-0.826031150207367
2.95704778454938,-0.817629501148708
2.95796563499337,-0.806755704584809
2.95889964783695,-0.793467238115928
2.95988085787086,-0.777664169220035
2.96091810230975,-0.759593876509782
2.96199386451205,-0.740161300526985
2.96307251233021,-0.720786582648550
2.96411705646643,-0.702870438312108
2.96510654711743,-0.687266004047688
2.96604592699426,-0.674138312666032
2.96696370668806,-0.663245946826296
2.96789855569356,-0.654391479328584
2.96888111554149,-0.647742079517483
2.96991958860788,-0.643821392424028
2.97099588040844,-0.643161752940357
2.97207410971729,-0.645864135243598
2.97311748406809,-0.651437983893228
2.97410560382594,-0.659066002338027
2.97504405645434,-0.668049208945591
2.97596178864386,-0.678061247245454
2.97689749223125,-0.689048843072521
2.97788140682401,-0.700877605544901
2.97892109764050,-0.712967946340491
2.97999789746956,-0.724198090723879
2.98107568615153,-0.733215555390312
2.98211787845381,-0.738965918066962
2.98310463067736,-0.740996818573217
2.98404217345845,-0.739269560596984
2.98495988140305,-0.733651882975554
2.98589645775067,-0.723495981809439
2.98688173163604,-0.707604915930603
2.98792262898097,-0.684674302087870
2.98899991512511,-0.654042647445573
2.99007724118724,-0.616281475557486
2.99111823951208,-0.573072140472145
2.99210362794685,-0.526264975609575
2.99304027853898,-0.476714263567908
2.99395798550486,-0.423717834463728
2.99489545254430,-0.365455141034721
2.99588208988576,-0.300186993181535
2.99692418219634,-0.227585412387566
2.99800193280466,-0.149457836107765
2.99907877438476,-0.0693414607884757
3.00011856714082,0.00893950145929145
3.00110259591789,0.0829327124503327
3.00203837223167,0.152423334015011
3.00295610148532,0.219041694678273
3.00389447689635,0.284910232121893
3.00488248147188,0.351096449260553
3.00592575684746,0.416709577767120
3.00700394993776,0.479160167636045
3.00808028531061,0.535425052327207
3.00911886124739,0.583486455202398
3.01010153488227,0.623040798839064
3.01103645507548,0.655192888887986
3.01195422987707,0.681531596610717
3.01289353108266,0.703198223955139
3.01388290628369,0.720413662515660
3.01492735248914,0.732673218625663
3.01600596595410,0.739453169078454
3.01708177353762,0.740898091805038
3.01811912174866,0.737957177017565
3.01910044513997,0.731932255482211
3.02003452761246,0.723887742377036
3.02095237120929,0.714372805037254
3.02189261537062,0.703567510591281
3.02288336420108,0.691680648916977
3.02392896867025,0.679312985408641
3.02500798028370,0.667513782549480
3.02608323864503,0.657449853700731
3.02711934857096,0.649934820258413
3.02809932699910,0.645211328594549
3.02903259038753,0.643135193504725
3.02995052600747,0.643558727079727
3.03089173001915,0.646608564565183
3.03188385509458,0.652678075566868
3.03293060493385,0.662127152214102
3.03400999235706,0.674866848278958
3.03508468021861,0.690153207550652
3.03611954165018,0.706820055488189
3.03709818077578,0.723812467036523
3.03803064394842,0.740605871310150
3.03894869479329,0.757209437392519
3.03989087527854,0.773782666511617
3.04088437882542,0.790129995015053
3.04193226081733,0.805403130622513
3.04301200160531,0.818251169975356
3.04408609785078,0.827374238096441
3.04511970093171,0.832079217292909
3.04609700679408,0.832381600349627
3.04702868884542,0.828588875044415
3.04794687808449,0.820730029842311
3.04889005139047,0.808253947121956
3.04988493524551,0.790197010205498
3.05093393585252,0.765767403204435
3.05201400746037,0.735041726720637
3.05308749114074,0.699271234007288
3.05411982637053,0.660437446814153
3.05509580538592,0.620260145946142
3.05602672563131,0.579346077844107
3.05694507639470,0.537070010551705
3.05788925858786,0.492253486047339
3.05888552419754,0.444234909962075
3.05993562956584,0.393725252987103
3.06101600935515,0.342915290807607
3.06208885969458,0.294688589182249
3.06311991793117,0.251402343717144
3.06409457689097,0.214041421766474
3.06502475486114,0.182246213307521
3.06594329023331,0.155075201611338
3.06688849709487,0.131968433050186
3.06788614551499,0.113356551926841
3.06893734147844,0.100552623539554
3.07001800672365,0.0949554948243141
3.07109020312536,0.0971102181497866
3.07211997558775,0.106370262089178
3.07309332165655,0.121435306572590
3.07402277709209,0.141298537311840
3.07494152010531,0.165873731726296
3.07588776712678,0.195910358022643
3.07688679902221,0.232282009042666
3.07793907110631,0.275049588396359
3.07901999900115,0.322864193253046
3.08009152105326,0.373186824946299
3.08111999932396,0.423302791993707
3.08209204003756,0.471493116569591
3.08302079288334,0.517596353356019
3.08393976651118,0.562656590985061
3.08488706888999,0.607929001627397
3.08588748453443,0.653825230439621
3.08694081796044,0.699389402292680
3.08802198562439,0.742619146507158
3.08909281310566,0.781427332270407
3.09011998913309,0.814597845625972
3.09109073239635,0.842147205250736
3.09201880279587,0.865005253917267
3.09293802994669,0.884353901582003
3.09388640258189,0.901033608846142
3.09488820185784,0.915296345395405
3.09594258154694,0.926991817878180
3.09702396603170,0.936013243247138
3.09809407891727,0.942635910631663
3.09911994501803,0.947507092183288
3.10008939910262,0.951403150175182
3.10101680739234,0.955041178651830
3.10193631090282,0.959077000638515
3.10288576839088,0.964211905441721
3.10388895078962,0.971262652879028
3.10494436136720,0.981074222647116
3.10602593966316,0.994247444403686
3.10709531813022,1.01084937068074
3.10811986699125,1.03041507634826
3.10908804053332,1.05236855061856
3.11001480723690,1.07659148126177
3.11093460986560,1.10369802900290
3.11188516649626,1.13478995452464
3.11288973111804,1.17079959959795
3.11394615691802,1.21175230862777
3.11502790596077,1.25638168831794
3.11609653039413,1.30243839781262
3.11711975507480,1.34762423069706
3.11808665707257,1.39058606117086
3.11901280289506,1.43131759690869
3.11993292731595,1.47073923075901
3.12088459706819,1.50974137142546
3.12189054262248,1.54824837380253
3.12294796769174,1.58485597473850
3.12402986436860,1.61731187396863
3.12509771536626,1.64356512427914
3.12611960930033,1.66264775323033
3.12708524911150,1.67477242549280
3.12801079493348,1.68068014345711
3.12893126372957,1.68079242393276
3.12988406026767,1.67472516547793
3.13089138507350,1.66143700548626
3.13194979317641,1.63996448447805
3.13303181433296,1.61032710574462
3.13409887271161,1.57391996957725
3.13511942970905,1.53296081174473
3.13608381704819,1.48930520084048
3.13700878391989,1.44348264644626
3.13792961957681,1.39461382608067
3.13888355624648,1.34123611753321
3.13989225823292,1.28254893384849
3.14095163285592,1.21938615511676
3.14203375530255,1.15431404193082
3.14310000210294,1.09070105350952
3.14411921635175,1.03128493367250
3.14508236128752,0.977131796938131
3.14600677042284,0.927570029854074
3.14692799532251,0.881023012027491
3.14788308514710,0.836204146601999
3.14889316185386,0.793021989349502
3.14995348621014,0.752703587199686
3.15103568672859,0.717081000735866
3.15210110322096,0.687544548324367
3.15311896928873,0.664384744640337
3.15408088224107,0.646864892629623
3.15500475501161,0.633788238539372
3.15592639142589,0.624097891747935
3.15688264710274,0.617192581701825
3.15789409568086,0.612861636941088
3.15895535271508,0.610938775088664
3.16003760806502,0.610959562769223
3.16110217575434,0.612117700753643
3.16211868858986,0.613528217753718
3.16307938032700,0.614503646390319
3.16400273825601,0.614590214177354
3.16492480834042,0.613387170974626
3.16588224223724,0.610343132435605
3.16689505944990,0.604711669898265
3.16795723184301,0.595755015609748
3.16903951876863,0.583117805561511
3.17010321939986,0.567085600270899
3.17111837433449,0.548433117243795
3.17207785596996,0.527895874776386
3.17300072072622,0.505658296224903
3.17392324651368,0.481248711778668
3.17488187066507,0.453923450796427
3.17589605288849,0.423322723458928
3.17695912306267,0.390026345913959
3.17804141829920,0.355633190812405
3.17910423386244,0.322221174783043
3.18011802661147,0.291489902893898
3.18107630960091,0.264168881665910
3.18199870299267,0.240066563096866
3.18292170638725,0.218663354211349
3.18388153249127,0.199845302673599
3.18489707571575,0.184336222575485
3.18596102583936,0.173532049891714
3.18704330611970,0.168786719320795
3.18810521885527,0.170645351547550
3.18911764551912,0.178650039625037
3.19007474165706,0.191886160354379
3.19099668562582,0.209808288155771
3.19192018839655,0.232717505912956
3.19288122781147,0.261586682400436
3.19389812764252,0.297333569036655
3.19496293963510,0.339925151239885
3.19604518169637,0.387873898625334
3.19710617409986,0.438584251654176
3.19811723116517,0.489458442334898
3.19907315258171,0.539051549701331
3.19999466919603,0.587504501829590
3.20091869297076,0.636013571883490
3.20188095671179,0.685690791727653
3.20289920837137,0.736471113041334
3.20396486390881,0.786701822357199
3.20504704449895,0.833703534957154
3.20610709932614,0.874973364261749
3.20711678366678,0.909220954101610
3.20807154282413,0.936584091216957
3.20899265427341,0.958027622188441
3.20991722053268,0.974432808774184
3.21088071926890,0.985930777745718
3.21190031759677,0.991831694678061
3.21296679811645,0.991198026077657
3.21404889400077,0.983692756627870
3.21510799427253,0.970046428854223
3.21611630315046,0.951737108407393
3.21706991283945,0.930145094596332
3.21799064142762,0.905853102266648
3.21891577149862,0.878563281018140
3.21988051554992,0.847628584524554
3.22090145500509,0.812855521670614
3.22196874171117,0.775101590106110
3.22305072967892,0.736257691348124
3.22410885868599,0.698557661668733
3.22511578975208,0.663649569211362
3.22606826308850,0.632041881760767
3.22698863122776,0.603219312898539
3.22791434627824,0.576265413566863
3.22888034561245,0.550590736232345
3.22990262027477,0.526363081669942
3.23097069414347,0.504403578973074
3.23205255101441,0.485640623716985
3.23310969232214,0.470532151278695
3.23411524361678,0.458854774055965
3.23506659403772,0.449900174595116
3.23598662424216,0.442816135890022
3.23691294527451,0.436841134738206
3.23788020950453,0.431349462704538
3.23890381307634,0.425754072614011
3.23997265486132,0.419402272025108
3.24105435749230,0.411620031198083
3.24211049494529,0.401904568599684
3.24311466489898,0.390033317167942
3.24406490615899,0.375878886958574
3.24498462103824,0.359030626575942
3.24591156888351,0.338542905325806
3.24688010726464,0.313043306355595
3.24790503307258,0.281216752039986
3.24897462331039,0.242487169997896
3.25005614860184,0.197522680387088
3.25111126632850,0.148113471825346
3.25211405376228,0.0962909110316932
3.25306319992952,0.0431671179065218
3.25398262218238,-0.0117186064664936
3.25491021749441,-0.0700862760676257
3.25588003892170,-0.133791638392610
3.25690627991856,-0.203488293408602
3.25797659893414,-0.277799310335940
3.25905792383664,-0.353539370805248
3.26011200625369,-0.426980198941551
3.26111341037948,-0.495451618365299
3.26206147583171,-0.558305456851313
3.26298062823971,-0.616719839720406
3.26390889148926,-0.672551035880654
3.26488000449502,-0.726911872171959
3.26590755326176,-0.779251471183317
3.26697858117401,-0.827467648939643
3.26805968269480,-0.868992600980285
3.26911271451167,-0.902115722538788
3.27011273493248,-0.926641197515191
3.27105973435301,-0.943556363306853
3.27197863977395,-0.954128736766846
3.27290759124296,-0.959091597714421
3.27388000399434,-0.958354217046318
3.27490885274216,-0.951350837107831
3.27598056946956,-0.937814016341878
3.27706142467904,-0.918433638641522
3.27811339090218,-0.894849692294775
3.27911202761224,-0.868937301062630
3.28005797598578,-0.841942767640192
3.28097665734732,-0.814103042277697
3.28190631712314,-0.784951135429777
3.28288003741979,-0.754058525586514
3.28391017799238,-0.721754789599774
3.28498256325866,-0.689377777558547
3.28606314929685,-0.658856846509115
3.28711403523399,-0.631887150629832
3.28811128861874,-0.609275443184350
3.28905620122717,-0.590870340936634
3.28997468152028,-0.576012173378893
3.29090506949003,-0.564133373937305
3.29188010476194,-0.555150234882611
3.29291152863773,-0.549441195359944
3.29398456197759,-0.547434659733986
3.29506485606063,-0.549110875133568
3.29611464732494,-0.553829290727085
3.29711051816092,-0.560615543585523
3.29805441057893,-0.568626810865807
3.29897271285147,-0.577410219180155
3.29990384869635,-0.586807406612840
3.30088020600173,-0.596623721901001
3.30191290429634,-0.606305277013788
3.30298656506128,-0.614872657481163
3.30406654448783,-0.621215274205038
3.30511522700197,-0.624549558216448
3.30610971645661,-0.624649156458876
3.30705260454734,-0.621645879482588
3.30797075189749,-0.615591781117995
3.30890265508726,-0.606140017786613
3.30988034111055,-0.592571774587794
3.31091430457927,-0.574185120656035
3.31198857194339,-0.550857972163344
3.31306821410110,-0.523407965569048
3.31411577410119,-0.493391513790917
3.31510888373247,-0.462376951419883
3.31605078364301,-0.431189869097638
3.31696879921273,-0.399670047124239
3.31790148900023,-0.367090063693755
3.31888051005020,-0.332965641326726
3.31991572909064,-0.297781673911971
3.32099058205652,-0.263175466038250
3.32206986442838,-0.231393339947834
3.32311628846791,-0.204338053118219
3.32410802022393,-0.182877462906331
3.32504894838077,-0.166876229836583
3.32596685534929,-0.155831786722096
3.32690035076494,-0.149623329467174
3.32788071277291,-0.148908233224256
3.32891717742769,-0.154912883789799
3.32999259483236,-0.168678098759839
3.33107149500309,-0.190235400962175
3.33211676995672,-0.218395427177251
3.33310712617513,-0.251430247637627
3.33404709927948,-0.288176709557483
3.33496492085674,-0.328740482273034
3.33589924070321,-0.374324785175290
3.33688094922136,-0.426299071200952
3.33791864918093,-0.485021562160263
3.33899460970185,-0.549079046466864
3.34007310536421,-0.615482958144899
3.34111721843148,-0.680837034286891
3.34210620183884,-0.742798088922118
3.34304523686194,-0.800913352743837
3.34396299628203,-0.856372442641198
3.34489815912887,-0.910897484608184
3.34588121932872,-0.965422070825195
3.34692014393426,-1.01928211811576
3.34799662609531,-1.07038317282721
3.34907469505645,-1.11623735559691
3.35011763376540,-1.15517367295028
3.35110524747640,-1.18694449716585
3.35204336165471,-1.21248077764692
3.35296108216927,-1.23313650118343
3.35389710634772,-1.24993718470365
3.35488152301860,-1.26320479899201
3.35592166126509,-1.27270940110631
3.35699864344268,-1.27821020339989
3.35807626363037,-1.27996484309015
3.35911801584105,-1.27880636128385
3.36010426335764,-1.27579279345736
3.36104147418797,-1.27179714265405
3.36195917905964,-1.26735748935791
3.36289608265741,-1.26281917484313
3.36388186020516,-1.25860168272254
3.36492320074440,-1.25537385718112
3.36600066117357,-1.25397173329436
3.36707781064248,-1.25507667384062
3.36811836455041,-1.25892000151210
3.36910324976078,-1.26530923732770
3.37003957499533,-1.27397267988914
3.37095728749121,-1.28492284361196
3.37189508834736,-1.29855036724444
3.37288223079305,-1.31537556124605
3.37392476193695,-1.33558668982568
3.37500267871754,-1.35863815477394
3.37607933565541,-1.38322710732483
3.37711867979489,-1.40776141099869
3.37810220697241,-1.43103028221864
3.37903766461377,-1.45259136993838
3.37995540799876,-1.47262016215238
3.38089412369870,-1.49135810913146
3.38188263467750,-1.50851962875035
3.38292634440136,-1.52303720250525
3.38400469550416,-1.53336591177373
3.38508083823798,-1.53820309294179
3.38611896148535,-1.53708972430016
3.38710113528734,-1.53038321350840
3.38803574358340,-1.51862221609899
3.38895354111369,-1.50180567207577
3.38989318898414,-1.47911042331362
3.39088307174433,-1.44923410763153
3.39192794769021,-1.41121623638153
3.39300671096323,-1.36531230768630
3.39408231796539,-1.31331175046181
3.39511920954217,-1.25790049205601
3.39610003500857,-1.20135167730565
3.39703381244735,-1.14440897278801
3.39795168736380,-1.08611190128102
3.39889228446797,-1.02466214000286
3.39988354186995,-0.958824773890506
3.40092957135021,-0.889095552954732
3.40200872452493,-0.817951491318742
3.40308377441926,-0.748960769667010
3.40411942389520,-0.685246194511011
3.40509890644717,-0.628256225011857
3.40603187175159,-0.577542245980915
3.40694984727322,-0.531534894742521
3.40789141040592,-0.488778843181927
3.40888404492147,-0.448943171214005
3.40993121492230,-0.413064779086651
3.41101073561997,-0.382889853438108
3.41208520718782,-0.359773725368635
3.41311960448384,-0.343934432941869
3.41409774992224,-0.334526190929290
3.41502992204482,-0.330310060281039
3.41594802136218,-0.330344471912771
3.41689056704510,-0.334280654020591
3.41788458075664,-0.342172544875785
3.41893287794181,-0.353961452170273
3.42001274367976,-0.368990638604660
3.42108661586599,-0.385943233433928
3.42211975125704,-0.403292509056001
3.42309656576073,-0.419905779863899
3.42402796387827,-0.435335127113592
3.42494621014691,-0.449638386915184
3.42588975462395,-0.462919149027628
3.42688514922397,-0.474904652497141
3.42793455993856,-0.484837526595033
3.42901474813656,-0.491779427940615
3.43008800005550,-0.495122090571631
3.43111986417330,-0.494891781416239
3.43209535429746,-0.491598446424014
3.43302599780558,-0.485793260591569
3.43394441413951,-0.477711231960636
3.43488897337218,-0.467240279788043
3.43588575016275,-0.454211345801198
3.43693626043699,-0.438823808144145
3.43801674842367,-0.421913166212370
3.43908935936499,-0.404811259163262
3.44011994320069,-0.388843855820302
3.44109411587493,-0.374844108454201
3.44202402438260,-0.363050700702471
3.44294263384773,-0.353421710916580
3.44388822351065,-0.346105427130829
3.44488638340307,-0.341749191495349
3.44593797895633,-0.341416189717843
3.44701874397553,-0.346094358617606
3.44809069341016,-0.356113709844534
3.44911998831687,-0.370971155049214
3.45009285084328,-0.389779143398176
3.45102204416727,-0.412004796431560
3.45194086977494,-0.437926796161507
3.45288750525139,-0.468488190048998
3.45388704876589,-0.504623867417327
3.45493971501071,-0.546418260745244
3.45602073422797,-0.592591198168729
3.45709200181383,-0.640735682629734
3.45811999950908,-0.688286164797067
3.45909155956017,-0.733620666303863
3.46002005771945,-0.776565094092166
3.46093912241986,-0.818011308908798
3.46188681879745,-0.858927649018472
3.46288774606311,-0.899346773267062
3.46394146810930,-0.937923548163040
3.46502271861827,-0.972373692888728
3.46609328420609,-1.00054396807323
3.46711997677417,-1.02136351611524
3.46809024239068,-1.03501144886939
3.46901806560077,-1.04229160385499
3.46993739227654,-1.04376305180700
3.47088616434292,-1.03920340269927
3.47188847509756,-1.02769798934429
3.47294323775644,-1.00832657194217
3.47402469658540,-0.981057286069856
3.47509454022435,-0.947183757939995
3.47611992011856,-0.908853428468721
3.47708889970720,-0.867948715913600
3.47801606837445,-0.825129567125179
3.47893567983412,-0.779692919373144
3.47988554207284,-0.730305486334367
3.48088923566315,-0.676163739755864
3.48194502345182,-0.617931662756016
3.48302666757014,-0.557884945380520
3.48409576951352,-0.499097061996735
3.48511982955826,-0.444128163620203
3.48608753188936,-0.394033526272769
3.48701406660517,-0.348242914340804
3.48793398557677,-0.305267883709691
3.48888495216312,-0.263770589086475
3.48989002754483,-0.223414660749187
3.49094682469057,-0.185050598102133
3.49202863101522,-0.150160544134885
3.49309697172605,-0.119968832358137
3.49411970511888,-0.0948228042628121
3.49508613932387,-0.0741477742037956
3.49601206085887,-0.0568205559399608
3.49693230998349,-0.0416311668222769
3.49788439478056,-0.0276033772892277
3.49889085051872,-0.0140853487670604
3.49994864096343,-0.000645411344852480
3.50103058636554,0.0130689752911582
3.50209814652202,0.0273590970540780
3.50311954683561,0.0424402474946453
3.50408472240444,0.0585288971524992
3.50501005170264,0.0760809050002209
3.50593065352802,0.0959794735852176
3.50688387008275,0.119464873492113
3.50789170435214,0.147765022978535
3.50895047175688,0.181548013451397
3.51003253306826,0.220460306110944
3.51109929356930,0.263109676730736
3.51211935475319,0.307686287318200
3.51308328153168,0.352941745116619
3.51400803970452,0.398885287801459
3.51492901667869,0.446709364884421
3.51588337821802,0.497962049643814
3.51689258880368,0.553413898707372
3.51795231655332,0.612234094223134
3.51903447057300,0.671988812859539
3.52010041254358,0.729559888026288
3.52111912892593,0.782472814233029
3.52208181711297,0.829802450926580
3.52300602543336,0.872139600801079
3.52392739989828,0.910739517415068
3.52488291932545,0.946400570223101
3.52589350362330,0.978702423938174
3.52695417483116,1.00605530238855
3.52803639833196,1.02656188164732
3.52910150312850,1.03910343983333
3.53011886941768,1.04383915346657
3.53108032956233,1.04179320891907
3.53200400945864,1.03395225346210
3.53292580364390,1.02057183240399
3.53388249353478,1.00110729005995
3.53489444855235,0.974774011814789
3.53595604606503,0.941425635212234
3.53703831580013,0.902196725012183
3.53810256501573,0.859372808747754
3.53911857630181,0.815453317774016
3.54007881930034,0.772031034825057
3.54100199235034,0.729260963058707
3.54192422836684,0.686225313470276
3.54288210096638,0.641921146697708
3.54389542332366,0.596285400005504
3.54495792972587,0.550661585279161
3.54604022243538,0.507395322677306
3.54710359790503,0.468792961013389
3.54811824966118,0.436144958540596
3.54907728675398,0.409433995915276
3.54999997467874,0.387785790358552
3.55092267451249,0.370252271042140
3.55188174173125,0.356444194486592
3.55289642766165,0.346688343707352
3.55395982528113,0.341634168399080
3.55504211769865,0.341582698437330
3.55610460150438,0.346061188202816
3.55711788958816,0.353984734676715
3.55807573235656,0.364226127195857
3.55899795701431,0.376104385908839
3.55992114252016,0.389462295638912
3.56088141593096,0.404348585233603
3.56189746128235,0.420546171474691
3.56296173219487,0.437262695158977
3.56404400105409,0.453228743480810
3.56510557553004,0.467174154351839
3.56611749618454,0.478324512191587
3.56707415654753,0.486537395334153
3.56799593992748,0.492030526709608
3.56891963282298,0.494962740708748
3.56988112365761,0.495164357851764
3.57089852389355,0.492183578405899
3.57196364992797,0.485638847652162
3.57304587196925,0.475647229548581
3.57410651970662,0.462968160630196
3.57511706956155,0.448691319084781
3.57607255977243,0.433705778139206
3.57699392398855,0.418376180788385
3.57791814584780,0.402647556710341
3.57888086499383,0.386478169383392
3.57989961519480,0.370311539991299
3.58096557793821,0.355263633130897
3.58204772991514,0.342834274857006
3.58310743376718,0.334292866962309
3.58411660983981,0.330214224325578
3.58507094248270,0.330552849568288
3.58599190976747,0.335170911668467
3.58691668201501,0.344385906676402
3.58788064001277,0.359151300623933
3.58890073487758,0.380724829194017
3.58996751568052,0.409938137916116
3.59104957436649,0.446478768315943
3.59210831745328,0.488767169567369
3.59311611714929,0.534703052847100
3.59406930513560,0.582857401516648
3.59498989783372,0.633273852265868
3.59591524173849,0.687325739391050
3.59688044877803,0.746709419829247
3.59790188262530,0.812128385692277
3.59896946260702,0.882388327608130
3.60005140480182,0.954485772712726
3.60110917051510,1.02475816463232
3.60211559162929,1.09044920853969
3.60306764819406,1.15072328251497
3.60398788875613,1.20656732268788
3.60491382542544,1.25973892063747
3.60588029134367,1.31139971185778
3.60690305811348,1.36118104814603
3.60797141816728,1.40721341871630
3.60905322070361,1.44710430924162
3.61010999271143,1.47919662380679
3.61111503342839,1.50324461609671
3.61206597212653,1.52016252731360
3.61298588310272,1.53120786555959
3.61391243347628,1.53721148798128
3.61488016775422,1.53826724379890
3.61590426100977,1.53399649692274
3.61697338180840,1.52420965406244
3.61805502155845,1.50949807589036
3.61911078380983,1.49126578485619
3.62011444270440,1.47114783829661
3.62106427740688,1.45028729511156
3.62198388144053,1.42900869958732
3.62291106628457,1.40705500834510
3.62388007804460,1.38417517652722
3.62490549097409,1.36068409208201
3.62597535297521,1.33763921343093
3.62705680685721,1.31649210264501
3.62811154358663,1.29844567613287
3.62911381962435,1.28398858379846
3.63006256451425,1.27290391739724
3.63098188433551,1.26464757309710
3.63190972423684,1.25877787117150
3.63288002224018,1.25517716024703
3.63390674765867,1.25396138867415
3.63497733111040,1.25515301580602
3.63605857609512,1.25837742021940
3.63711227182702,1.26285814457043
3.63811316436439,1.26771433449764
3.63906083393294,1.27226948052015
3.63997989235227,1.27610631537904
3.64090840771252,1.27886445323413
3.64188000035674,1.27996750221056
3.64290803070824,1.27850013942977
3.64397931565470,1.27339019588759
3.64506032877197,1.26385437121039
3.64611296832511,1.24977857696264
3.64711247710978,1.23163589318574
3.64805908615221,1.20991119263421
3.64897790605401,1.18446283748587
3.64990711708384,1.15431325319618
3.65088001240047,1.11804106133729
3.65190933976002,1.07460131737344
3.65298130604704,1.02416824544106
3.65406206439223,0.968467795316246
3.65511363288398,0.910224857855424
3.65611175805482,0.851919432587586
3.65705732166622,0.794621910904583
3.65797592600232,0.737671460109708
3.65890585271569,0.679388816616698
3.65988005836797,0.618399756095256
3.66091067444393,0.554838400306938
3.66198330172466,0.490740267637931
3.66306378246520,0.429335836593563
3.66411426531573,0.373637438782472
3.66511100740283,0.325219619775950
3.66605554097384,0.283920467854492
3.66697395275700,0.248501366632832
3.66790461496554,0.217749170333523
3.66888013824623,0.191382047189215
3.66991203438260,0.170271785191339
3.67098530212334,0.155843027269821
3.67206548250513,0.149046886331254
3.67311486544157,0.149682099156337
3.67411022536601,0.156575778094131
3.67505374457851,0.168400259142748
3.67597198687594,0.184441669021735
3.67690340418334,0.204807766404408
3.67788025201267,0.230012527346743
3.67891341919155,0.260213476037384
3.67998730667751,0.294564801237006
3.68106716403137,0.331157919186040
3.68211543309182,0.367682579719028
3.68310941216549,0.402384839399231
3.68405193298812,0.434657782951156
3.68497002891496,0.464919176292367
3.68590222071141,0.493932210167882
3.68688039963512,0.522008984747239
3.68791482847925,0.548559402294798
3.68898931482042,0.572264322883382
3.69006882656852,0.591764090498401
3.69111596810599,0.606362093013656
3.69210856803116,0.616240887115990
3.69305010671486,0.622127587396417
3.69396807942762,0.624758248053317
3.69490106488434,0.624521909717157
3.69588058107186,0.621455007132320
3.69691626184726,0.615547365974853
3.69799132598433,0.607142385266080
3.69907046964651,0.597107872405131
3.70011647033282,0.586600709757871
3.70110769320170,0.576614648402036
3.70204826627507,0.567696321277803
3.70296613896509,0.560025516936774
3.70389993702893,0.553745310362281
3.70488079627158,0.549284871697270
3.70591771889032,0.547440130472775
3.70699333960062,0.549105390025579
3.70807209280082,0.554800428009677
3.70911693963031,0.564377056341232
3.71010678792444,0.577205543557060
3.71104641218909,0.592719054203668
3.71196420807601,0.610876519344676
3.71289883746404,0.632198962272089
3.71388104517344,0.657351893208322
3.71491919919650,0.686504186471875
3.71599535509999,0.718839383598596
3.71707369557253,0.752593482199930
3.71811737586579,0.785701068452136
3.71910585245532,0.816652163930078
3.72004454498112,0.844962285847223
3.72096228730627,0.870966364974842
3.72189776650056,0.895121302498392
3.72288132770707,0.917262401325700
3.72392070234726,0.936270517414771
3.72499737191259,0.950411359290970
3.72607527750850,0.958179584916545
3.72711777891591,0.959030848023825
3.72810488705883,0.953402909288060
3.72904266517907,0.942023298076618
3.72996037719894,0.925079698920632
3.73089672444127,0.901851811078966
3.73188164379259,0.871031472715912
3.73292222791763,0.831584476194521
3.73399938946823,0.783706410045300
3.73507683816146,0.729221844570991
3.73611814866673,0.670975263155738
3.73710389200791,0.611469173964352
3.73804077331441,0.551641584757893
3.73895847829405,0.490597673075902
3.73989571158079,0.426446383527251
3.74088199334064,0.357745791367682
3.74192377547629,0.284765662155174
3.74300140719648,0.209845737880941
3.74407837709018,0.136575202553522
3.74511848501370,0.0682397901914598
3.74610286758389,0.00648372608748063
3.74703886992203,-0.0490594178011657
3.74795659112848,-0.100090699091798
3.74889472820549,-0.148409280780796
3.74988237625237,-0.194792535180304
3.75092534458569,-0.238573116782343
3.75200342452688,-0.278124497626302
3.75307989385957,-0.311896187459176
3.75411878786172,-0.339272988455645
3.75510181407640,-0.360756352186838
3.75603695554006,-0.377546930091382
3.75695471623578,-0.390949246461476
3.75789377459339,-0.401949092468687
3.75888279241955,-0.411108224152732
3.75992693480221,-0.418750126272403
3.76100544088907,-0.425245983240869
3.76208138804078,-0.431139591394999
3.76311905712519,-0.437033024813368
3.76410073178330,-0.443432855882329
3.76503503070975,-0.450770697535225
3.76595285414603,-0.459569527176962
3.76689285101411,-0.470564881724741
3.76788324172450,-0.484634363888436
3.76892854567626,-0.502509577641042
3.77000745571297,-0.524381357440008
3.77108285921138,-0.549665203324460
3.77211929272796,-0.577205974107338
3.77309962101059,-0.605900174958930
3.77403309597531,-0.635326180724858
3.77495100538570,-0.665923471884472
3.77589195772876,-0.698586436957734
3.77688372404019,-0.733905715821183
3.77793017675238,-0.771483211059005
3.77900946842894,-0.809747504627242
3.78008430695542,-0.846461018760476
3.78111949460344,-0.879649955383391
3.78209848207230,-0.908338129256641
3.78303115188373,-0.932614722714798
3.78394917047749,-0.953073052922673
3.78489109498991,-0.970032152979028
3.78588423923027,-0.983010647061258
3.78693182756944,-0.990783170364056
3.78801147846793,-0.992040983636215
3.78908573086360,-0.986227391798366
3.79011966269453,-0.973878522543927
3.79109731529044,-0.956154553006647
3.79202919898467,-0.933938585732983
3.79294734994016,-0.907203297292168
3.79389026304147,-0.875069526421338
3.79488478714907,-0.836508038815877
3.79593349766071,-0.791302517786961
3.79701348526164,-0.740711257534501
3.79808713053332,-0.687314673587950
3.79911979695372,-0.634003652344554
3.80009612099491,-0.582722701318278
3.80102723783026,-0.533798311765265
3.80194554428844,-0.486243740261371
3.80288946211866,-0.438799115336692
3.80388536764167,-0.391091065543433
3.80493518655399,-0.344251255042011
3.80601548824271,-0.300600824015343
3.80708850556886,-0.262575667710759
3.80811989734305,-0.231622786862717
3.80909489952335,-0.207803890567485
3.81002526897497,-0.190245630897971
3.81094375403283,-0.177989139389458
3.81188869244791,-0.170675155667262
3.81288598054397,-0.168706423734875
3.81393689377180,-0.172808104377929
3.81501748684482,-0.183255511380676
3.81608985558148,-0.199343749248791
3.81711996383413,-0.219563644442469
3.81809365122111,-0.242366504851722
3.81902329297546,-0.266910825189445
3.81994197967949,-0.293263717124763
3.82088795424684,-0.321979085562452
3.82188662568267,-0.353349948348251
3.82293861883146,-0.386785003309654
3.82401948050293,-0.420713525580664
3.82509118018947,-0.453130451790674
3.82611999640818,-0.482437137011841
3.82709237644112,-0.508005301129470
3.82802131039039,-0.530144381114651
3.82894022173007,-0.549597335721337
3.82988724772416,-0.566925583672983
3.83088730287538,-0.582130505014149
3.83194036124525,-0.594714706142724
3.83302146865336,-0.604125330485035
3.83409247901834,-0.610234364935694
3.83511999505597,-0.613481679700863
3.83609107554380,-0.614633174432428
3.83701932178029,-0.614436324859866
3.83793848068160,-0.613453241814439
3.83888657307962,-0.612133036285219
3.83988801193064,-0.611013373947077
3.84094212052054,-0.610867770571011
3.84202345073403,-0.612625241649436
3.84309375170087,-0.617058871513391
3.84411995977788,-0.624510675438950
3.84508974889694,-0.634965607379585
3.84601732770739,-0.648466152012100
3.84693675702631,-0.665527583181046
3.84788593050395,-0.687218736324336
3.84888875264797,-0.714805394479064
3.84994389615994,-0.749083632253721
3.85102542618453,-0.789740700385324
3.85209499787724,-0.835219835986075
3.85311989058391,-0.883365666113841
3.85408839687562,-0.932548095164794
3.85501532873548,-0.982517042058233
3.85593505125153,-1.03440035301728
3.85688532017884,-1.08983363451571
3.85788952481796,-1.14970779588436
3.85894568766141,-1.21321870778336
3.86002739444636,-1.27780076576998
3.86109621719513,-1.34007920587161
3.86211978749360,-1.39730805249358
3.86308701986209,-1.44839109052168
3.86401332542972,-1.49390328875050
3.86493336383954,-1.53521721951112
3.86588474227684,-1.57330819967801
3.86689032822229,-1.60790559551233
3.86794749451847,-1.63747928058467
3.86902935496303,-1.66009339429775
3.87009740930980,-1.67454443048086
3.87111965053610,-1.68093885642321
3.87208561824569,-1.68033291551020
3.87301131835650,-1.67382913909302
3.87393169526740,-1.66183928381527
3.87488419696133,-1.64395602024011
3.87589116263382,-1.61945963398456
3.87694931622025,-1.58816832987295
3.87803130718026,-1.55110019412162
3.87909857388420,-1.51041070977438
3.88011947975014,-1.46853293488266
3.88108419242267,-1.42709020689754
3.88200930808327,-1.38633082546644
3.88293004600687,-1.34541217704505
3.88388368438650,-1.30330456266052
3.88489202781664,-1.25977421763704
3.88595115225172,-1.21588218350967
3.88703325054609,-1.17368422246519
3.88809971058908,-1.13530881213538
3.88911927518400,-1.10202759854366
3.89008274279616,-1.07389444903281
3.89100729517840,-1.05005491627591
3.89192841652424,-1.02940932363513
3.89288320469726,-1.01122186892608
3.89389292352613,-0.995377171777449
3.89495300209378,-0.982180382765334
3.89603518451109,-0.971879219479428
3.89710081910306,-0.964293938952366
3.89811903689552,-0.958812920127495
3.89908126977601,-0.954644742076262
3.90000528021097,-0.951036009953737
3.90092680728021,-0.947306809306883
3.90188275802923,-0.942759252520283
3.90289384950906,-0.936594173206786
3.90395486522343,-0.927966859136305
3.90503710852847,-0.916231197652932
3.90610189911273,-0.901219447912963
3.90711876495206,-0.883251108745706
3.90807977377868,-0.862737637162945
3.90900326375069,-0.839642692932243
3.90992521872975,-0.813224225136442
3.91088234450870,-0.782277370062623
3.91189480550362,-0.745782878979796
3.91295674111390,-0.703647659115808
3.91403902205425,-0.657103203362768
3.91510295031275,-0.608397597063638
3.91611845943052,-0.559829083515706
3.91707825522714,-0.512696124308076
3.91800124636766,-0.466854560517720
3.91892365132199,-0.421151649799555
3.91988196425258,-0.374460474580141
3.92089579123954,-0.326726461393170
3.92195862923485,-0.279420855411492
3.92304092454744,-0.235082140792399
3.92410397240591,-0.196192290577522
3.92511812041727,-0.164136558539713
3.92607671455070,-0.138925765015937
3.92699922863224,-0.119745602280967
3.92792210550009,-0.105855680871553
3.92888161736838,-0.0972703874330128
3.92989680643810,-0.0948453963299405
3.93096052905243,-0.0996922165001821
3.93204281547015,-0.112267476350031
3.93310496510325,-0.131826720586679
3.93411774800816,-0.156741193007032
3.93507515218498,-0.185463497298503
3.93599721111491,-0.217392949165545
3.93692058170108,-0.253034815915728
3.93788130395418,-0.293389314987927
3.93889785081230,-0.338946947124220
3.93996244002952,-0.388864691212020
3.94104469428775,-0.440864605882989
3.94210592812409,-0.492022659962601
3.94311734230849,-0.539991640844723
3.94407356857168,-0.583858399259997
3.94499519438608,-0.624133007441464
3.94591908035579,-0.661973125026568
3.94688102409857,-0.698148347356438
3.94789892406685,-0.732328733175427
3.94896436162585,-0.763110745305506
3.95004656046907,-0.788769188202775
3.95110686119616,-0.808205692994803
3.95211690343295,-0.821411481573311
3.95307196415855,-0.829198275008430
3.95399317901592,-0.832532771356067
3.95491760188868,-0.831985168552799
3.95588077788070,-0.827590093642064
3.95690002589833,-0.819145294575434
3.95796629329811,-0.806747069353499
3.95904841348647,-0.791177960522201
3.96010776405566,-0.773805991037995
3.96111643150562,-0.756040127859741
3.96207033939919,-0.738774504115960
3.96299116557424,-0.722225990683185
3.96391614671776,-0.706219655158236
3.96488056537017,-0.690685045516662
3.96590115599520,-0.676038920572971
3.96696823450017,-0.663197420089334
3.96805025281606,-0.653182701484700
3.96910863644733,-0.646606860153663
3.97011592665994,-0.643443899751156
3.97106869475297,-0.643240388303260
3.97198915463029,-0.645534209768815
3.97291471525445,-0.650142745170463
3.97388038662706,-0.657146688729159
3.97490231403797,-0.666600161360814
3.97597018468321,-0.678157077952657
3.97705207793781,-0.690904232839548
3.97810947812452,-0.703592315596538
3.97911538903863,-0.715117227912108
3.98006703068486,-0.724853027196866
3.98098714675263,-0.732580673643813
3.98191330790347,-0.738106240621361
3.98288024170191,-0.740860998633660
3.98390349969922,-0.739769678597476
3.98497214329584,-0.733548618380949
3.98605388833571,-0.721324260173004
3.98711028884926,-0.703120759512089
3.98811481879370,-0.679729103764205
3.98906534766536,-0.651952785167466
3.98998514250892,-0.619788035529177
3.99091192506269,-0.582153125613990
3.99188013063569,-0.537371509674196
3.99290471264373,-0.484178702468549
3.99397410978433,-0.422749647007268
3.99505568349791,-0.355114956952987
3.99611106839234,-0.284528942569567
3.99711421608637,-0.214006055703984
3.99806364617030,-0.144911624165591
3.99898314246584,-0.0765115105401177
