time,value
0.00000000000000,0.00000000000000
0.00100000000000000,0.0133827851983206
0.00200000000000000,0.0267631734466747
0.00300000000000000,0.0401387682244066
0.00400000000000000,0.0535071738694041
0.00500000000000000,0.0668659960071789
0.00600000000000000,0.0802128419797156
0.00700000000000000,0.0935453212740132
0.00800000000000000,0.106861045950243
0.00900000000000000,0.120157631069445
0.0100000000000000,0.133432695120686
0.0110000000000000,0.146683860447608
0.0120000000000000,0.159908753674278
0.0130000000000000,0.173105006130282
0.0140000000000000,0.186270254274966
0.0150000000000000,0.199402140120763
0.0160000000000000,0.212498311655527
0.0170000000000000,0.225556423263794
0.0180000000000000,0.238574136146896
0.0190000000000000,0.251549118741860
0.0200000000000000,0.264479047139004
0.0210000000000000,0.277361605498166
0.0220000000000000,0.290194486463488
0.0230000000000000,0.302975391576679
0.0240000000000000,0.315702031688684
0.0250000000000000,0.328372127369689
0.0260000000000000,0.340983409317379
0.0270000000000000,0.353533618763389
0.0280000000000000,0.366020507877865
0.0290000000000000,0.378441840172065
0.0300000000000000,0.390795390898927
0.0310000000000000,0.403078947451542
0.0320000000000000,0.415290309759445
0.0330000000000000,0.427427290682662
0.0340000000000000,0.439487716403441
0.0350000000000000,0.451469426815601
0.0360000000000000,0.463370275911422
0.0370000000000000,0.475188132166007
0.0380000000000000,0.486920878919053
0.0390000000000000,0.498566414753964
0.0400000000000000,0.510122653874225
0.0410000000000000,0.521587526476983
0.0420000000000000,0.532958979123765
0.0430000000000000,0.544234975108265
0.0440000000000000,0.555413494821124
0.0450000000000000,0.566492536111666
0.0460000000000000,0.577470114646491
0.0470000000000000,0.588344264264885
0.0480000000000000,0.599113037330973
0.0490000000000000,0.609774505082555
0.0500000000000000,0.620326757976556
0.0510000000000000,0.630767906031046
0.0520000000000000,0.641096079163742
0.0530000000000000,0.651309427526959
0.0540000000000000,0.661406121838924
0.0550000000000000,0.671384353711418
0.0560000000000000,0.681242335973669
0.0570000000000000,0.690978302992449
0.0580000000000000,0.700590510988306
0.0590000000000000,0.710077238347892
0.0600000000000000,0.719436785932315
0.0610000000000000,0.728667477381463
0.0620000000000000,0.737767659414259
0.0630000000000000,0.746735702124767
0.0640000000000000,0.755569999274124
0.0650000000000000,0.764268968578230
0.0660000000000000,0.772831051991141
0.0670000000000000,0.781254715984130
0.0680000000000000,0.789538451820352
0.0690000000000000,0.797680775825068
0.0700000000000000,0.805680229651382
0.0710000000000000,0.813535380541442
0.0720000000000000,0.821244821583056
0.0730000000000000,0.828807171961678
0.0740000000000000,0.836221077207728
0.0750000000000000,0.843485209439177
0.0760000000000000,0.850598267599388
0.0770000000000000,0.857558977690142
0.0780000000000000,0.864366092999819
0.0790000000000000,0.871018394326692
0.0800000000000000,0.877514690197297
0.0810000000000000,0.883853817079833
0.0820000000000000,0.890034639592558
0.0830000000000000,0.896056050707145
0.0840000000000000,0.901916971946957
0.0850000000000000,0.907616353580211
0.0860000000000000,0.913153174807991
0.0870000000000000,0.918526443947083
0.0880000000000000,0.923735198607589
0.0890000000000000,0.928778505865298
0.0900000000000000,0.933655462428781
0.0910000000000000,0.938365194801178
0.0920000000000000,0.942906859436642
0.0930000000000000,0.947279642891431
0.0940000000000000,0.951482761969594
0.0950000000000000,0.955515463863253
0.0960000000000000,0.959377026287434
0.0970000000000000,0.963066757609432
0.0980000000000000,0.966583996972689
0.0990000000000000,0.969928114415156
0.100000000000000,0.973098510982127
0.101000000000000,0.976094618833510
0.102000000000000,0.978915901345540
0.103000000000000,0.981561853206884
0.104000000000000,0.984032000509148
0.105000000000000,0.986325900831760
0.106000000000000,0.988443143321207
0.107000000000000,0.990383348764625
0.108000000000000,0.992146169657717
0.109000000000000,0.993731290266991
0.110000000000000,0.995138426686316
0.111000000000000,0.996367326887764
0.112000000000000,0.997417770766759
0.113000000000000,0.998289570181490
0.114000000000000,0.998982568986616
0.115000000000000,0.999496643061226
0.116000000000000,0.999831700331077
0.117000000000000,0.999987680785080
0.118000000000000,0.999964556486051
0.119000000000000,0.999762331575711
0.120000000000000,0.999381042273949
0.121000000000000,0.998820756872334
0.122000000000000,0.998081575721880
0.123000000000000,0.997163631215075
0.124000000000000,0.996067087762170
0.125000000000000,0.994792141761726
0.126000000000000,0.993339021565448
0.127000000000000,0.991707987437274
0.128000000000000,0.989899331506768
0.129000000000000,0.987913377716794
0.130000000000000,0.985750481765498
0.131000000000000,0.983411031042597
0.132000000000000,0.980895444559997
0.133000000000000,0.978204172876744
0.134000000000000,0.975337698018326
0.135000000000000,0.972296533390341
0.136000000000000,0.969081223686537
0.137000000000000,0.965692344791259
0.138000000000000,0.962130503676304
0.139000000000000,0.958396338292202
0.140000000000000,0.954490517453962
0.141000000000000,0.950413740721278
0.142000000000000,0.946166738273237
0.143000000000000,0.941750270777532
0.144000000000000,0.937165129254230
0.145000000000000,0.932412134934087
0.146000000000000,0.927492139111464
0.147000000000000,0.922406022991854
0.148000000000000,0.917154697534050
0.149000000000000,0.911739103286989
0.150000000000000,0.906160210221290
0.151000000000000,0.900419017555527
0.152000000000000,0.894516553577263
0.153000000000000,0.888453875458874
0.154000000000000,0.882232069068204
0.155000000000000,0.875852248774079
0.156000000000000,0.869315557246714
0.157000000000000,0.862623165253052
0.158000000000000,0.855776271447077
0.159000000000000,0.848776102155118
0.160000000000000,0.841623911156215
0.161000000000000,0.834320979457550
0.162000000000000,0.826868615065016
0.163000000000000,0.819268152748940
0.164000000000000,0.811520953805018
0.165000000000000,0.803628405810497
0.166000000000000,0.795591922375651
0.167000000000000,0.787412942890595
0.168000000000000,0.779092932267473
0.169000000000000,0.770633380678093
0.170000000000000,0.762035803287018
0.171000000000000,0.753301739980194
0.172000000000000,0.744432755089144
0.173000000000000,0.735430437110784
0.174000000000000,0.726296398422917
0.175000000000000,0.717032274995440
0.176000000000000,0.707639726097333
0.177000000000000,0.698120433999469
0.178000000000000,0.688476103673314
0.179000000000000,0.678708462485549
0.180000000000000,0.668819259888687
0.181000000000000,0.658810267107739
0.182000000000000,0.648683276822967
0.183000000000000,0.638440102848812
0.184000000000000,0.628082579809019
0.185000000000000,0.617612562808048
0.186000000000000,0.607031927098809
0.187000000000000,0.596342567746795
0.188000000000000,0.585546399290656
0.189000000000000,0.574645355399301
0.190000000000000,0.563641388525554
0.191000000000000,0.552536469556466
0.192000000000000,0.541332587460309
0.193000000000000,0.530031748930338
0.194000000000000,0.518635978025383
0.195000000000000,0.507147315807322
0.196000000000000,0.495567819975513
0.197000000000000,0.483899564498247
0.198000000000000,0.472144639241286
0.199000000000000,0.460305149593550
0.200000000000000,0.448383216090033
0.201000000000000,0.436380974031995
0.202000000000000,0.424300573104519
0.203000000000000,0.412144176991485
0.204000000000000,0.399913962988038
0.205000000000000,0.387612121610623
0.206000000000000,0.375240856204644
0.207000000000000,0.362802382549835
0.208000000000000,0.350298928463391
0.209000000000000,0.337732733400957
0.210000000000000,0.325106048055524
0.211000000000000,0.312421133954311
0.212000000000000,0.299680263053716
0.213000000000000,0.286885717332385
0.214000000000000,0.274039788382503
0.215000000000000,0.261144776999343
0.216000000000000,0.248202992769189
0.217000000000000,0.235216753655663
0.218000000000000,0.222188385584569
0.219000000000000,0.209120222027298
0.220000000000000,0.196014603582893
0.221000000000000,0.182873877558824
0.222000000000000,0.169700397550576
0.223000000000000,0.156496523020098
0.224000000000000,0.143264618873211
0.225000000000000,0.130007055036035
0.226000000000000,0.116726206030520
0.227000000000000,0.103424450549149
0.228000000000000,0.0901041710289038
0.229000000000000,0.0767677532245481
0.230000000000000,0.0634175857813256
0.231000000000000,0.0500560598071355
0.232000000000000,0.0366855684442693
0.233000000000000,0.0233085064407815
0.234000000000000,0.00992726972157521
0.235000000000000,-0.00345574504072692
0.236000000000000,-0.0168381408550420
0.237000000000000,-0.0302175208411451
0.238000000000000,-0.0435914886589670
0.239000000000000,-0.0569576489377960
0.240000000000000,-0.0703136077053036
0.241000000000000,-0.0836569728163244
0.242000000000000,-0.0969853543813038
0.243000000000000,-0.110296365194345
0.244000000000000,-0.123587621160773
0.245000000000000,-0.136856741724145
0.246000000000000,-0.150101350292621
0.247000000000000,-0.163319074664630
0.248000000000000,-0.176507547453750
0.249000000000000,-0.189664406512718
0.250000000000000,-0.202787295356513
0.251000000000000,-0.215873863584412
0.252000000000000,-0.228921767300972
0.253000000000000,-0.241928669535829
0.254000000000000,-0.254892240662272
0.255000000000000,-0.267810158814492
0.256000000000000,-0.280680110303447
0.257000000000000,-0.293499790031256
0.258000000000000,-0.306266901904061
0.259000000000000,-0.318979159243274
0.260000000000000,-0.331634285195134
0.261000000000000,-0.344230013138510
0.262000000000000,-0.356764087090868
0.263000000000000,-0.369234262112331
0.264000000000000,-0.381638304707768
0.265000000000000,-0.393973993226824
0.266000000000000,-0.406239118261835
0.267000000000000,-0.418431483043548
0.268000000000000,-0.430548903834578
0.269000000000000,-0.442589210320530
0.270000000000000,-0.454550245998719
0.271000000000000,-0.466429868564412
0.272000000000000,-0.478225950294530
0.273000000000000,-0.489936378428742
0.274000000000000,-0.501559055547870
0.275000000000000,-0.513091899949555
0.276000000000000,-0.524532846021100
0.277000000000000,-0.535879844609441
0.278000000000000,-0.547130863388163
0.279000000000000,-0.558283887221500
0.280000000000000,-0.569336918525264
0.281000000000000,-0.580287977624626
0.282000000000000,-0.591135103108687
0.283000000000000,-0.601876352181782
0.284000000000000,-0.612509801011449
0.285000000000000,-0.623033545072999
0.286000000000000,-0.633445699490630
0.287000000000000,-0.643744399375024
0.288000000000000,-0.653927800157356
0.289000000000000,-0.663994077919677
0.290000000000000,-0.673941429721581
0.291000000000000,-0.683768073923134
0.292000000000000,-0.693472250503970
0.293000000000000,-0.703052221378528
0.294000000000000,-0.712506270707352
0.295000000000000,-0.721832705204412
0.296000000000000,-0.731029854440382
0.297000000000000,-0.740096071141827
0.298000000000000,-0.749029731486238
0.299000000000000,-0.757829235392876
0.300000000000000,-0.766493006809350
0.301000000000000,-0.775019493993904
0.302000000000000,-0.783407169793342
0.303000000000000,-0.791654531916557
0.304000000000000,-0.799760103203593
0.305000000000000,-0.807722431890223
0.306000000000000,-0.815540091867965
0.307000000000000,-0.823211682939510
0.308000000000000,-0.830735831069508
0.309000000000000,-0.838111188630662
0.310000000000000,-0.845336434645107
0.311000000000000,-0.852410275020996
0.312000000000000,-0.859331442784288
0.313000000000000,-0.866098698305669
0.314000000000000,-0.872710829522578
0.315000000000000,-0.879166652156296
0.316000000000000,-0.885465009924063
0.317000000000000,-0.891604774746166
0.318000000000000,-0.897584846947998
0.319000000000000,-0.903404155457009
0.320000000000000,-0.909061657994545
0.321000000000000,-0.914556341262529
0.322000000000000,-0.919887221124947
0.323000000000000,-0.925053342784115
0.324000000000000,-0.930053780951691
0.325000000000000,-0.934887640014398
0.326000000000000,-0.939554054194438
0.327000000000000,-0.944052187704554
0.328000000000000,-0.948381234897730
0.329000000000000,-0.952540420411487
0.330000000000000,-0.956528999306752
0.331000000000000,-0.960346257201287
0.332000000000000,-0.963991510397637
0.333000000000000,-0.967464106005585
0.334000000000000,-0.970763422059091
0.335000000000000,-0.973888867627688
0.336000000000000,-0.976839882922322
0.337000000000000,-0.979615939395618
0.338000000000000,-0.982216539836541
0.339000000000000,-0.984641218459452
0.340000000000000,-0.986889540987537
0.341000000000000,-0.988961104730582
0.342000000000000,-0.990855538657106
0.343000000000000,-0.992572503460806
0.344000000000000,-0.994111691621339
0.345000000000000,-0.995472827459391
0.346000000000000,-0.996655667186062
0.347000000000000,-0.997659998946525
0.348000000000000,-0.998485642857971
0.349000000000000,-0.999132451041831
0.350000000000000,-0.999600307650257
0.351000000000000,-0.999889128886874
0.352000000000000,-0.999998863021788
0.353000000000000,-0.999929490400854
0.354000000000000,-0.999681023449189
0.355000000000000,-0.999253506668955
0.356000000000000,-0.998647016631380
0.357000000000000,-0.997861661963054
0.358000000000000,-0.996897583326461
0.359000000000000,-0.995754953394796
0.360000000000000,-0.994433976821031
0.361000000000000,-0.992934890201263
0.362000000000000,-0.991257962032341
0.363000000000000,-0.989403492663768
0.364000000000000,-0.987371814243915
0.365000000000000,-0.985163290660527
0.366000000000000,-0.982778317475547
0.367000000000000,-0.980217321854271
0.368000000000000,-0.977480762488839
0.369000000000000,-0.974569129516077
0.370000000000000,-0.971482944429715
0.371000000000000,-0.968222759986979
0.372000000000000,-0.964789160109593
0.373000000000000,-0.961182759779191
0.374000000000000,-0.957404204927170
0.375000000000000,-0.953454172319001
0.376000000000000,-0.949333369433016
0.377000000000000,-0.945042534333689
0.378000000000000,-0.940582435539448
0.379000000000000,-0.935953871885028
0.380000000000000,-0.931157672378392
0.381000000000000,-0.926194696052250
0.382000000000000,-0.921065831810203
0.383000000000000,-0.915771998267529
0.384000000000000,-0.910314143586660
0.385000000000000,-0.904693245307352
0.386000000000000,-0.898910310171606
0.387000000000000,-0.892966373943351
0.388000000000000,-0.886862501222932
0.389000000000000,-0.880599785256432
0.390000000000000,-0.874179347739868
0.391000000000000,-0.867602338618281
0.392000000000000,-0.860869935879778
0.393000000000000,-0.853983345344543
0.394000000000000,-0.846943800448868
0.395000000000000,-0.839752562024236
0.396000000000000,-0.832410918071495
0.397000000000000,-0.824920183530172
0.398000000000000,-0.817281700042956
0.399000000000000,-0.809496835715397
0.400000000000000,-0.801566984870877
0.401000000000000,-0.793493567800869
0.402000000000000,-0.785278030510557
0.403000000000000,-0.776921844459846
0.404000000000000,-0.768426506299812
0.405000000000000,-0.759793537604643
0.406000000000000,-0.751024484599114
0.407000000000000,-0.742120917881645
0.408000000000000,-0.733084432143001
0.409000000000000,-0.723916645880666
0.410000000000000,-0.714619201108963
0.411000000000000,-0.705193763064956
0.412000000000000,-0.695642019910195
0.413000000000000,-0.685965682428354
0.414000000000000,-0.676166483718819
0.415000000000000,-0.666246178886277
0.416000000000000,-0.656206544726361
0.417000000000000,-0.646049379407423
0.418000000000000,-0.635776502148458
0.419000000000000,-0.625389752893278
0.420000000000000,-0.614890991980962
0.421000000000000,-0.604282099812653
0.422000000000000,-0.593564976514774
0.423000000000000,-0.582741541598690
0.424000000000000,-0.571813733616922
0.425000000000000,-0.560783509815932
0.426000000000000,-0.549652845785566
0.427000000000000,-0.538423735105216
0.428000000000000,-0.527098188986755
0.429000000000000,-0.515678235914311
0.430000000000000,-0.504165921280957
0.431000000000000,-0.492563307022364
0.432000000000000,-0.480872471247494
0.433000000000000,-0.469095507866396
0.434000000000000,-0.457234526215173
0.435000000000000,-0.445291650678187
0.436000000000000,-0.433269020307561
0.437000000000000,-0.421168788440067
0.438000000000000,-0.408993122311443
0.439000000000000,-0.396744202668230
0.440000000000000,-0.384424223377181
0.441000000000000,-0.372035391032329
0.442000000000000,-0.359579924559766
0.443000000000000,-0.347060054820222
0.444000000000000,-0.334478024209498
0.445000000000000,-0.321836086256843
0.446000000000000,-0.309136505221323
0.447000000000000,-0.296381555686286
0.448000000000000,-0.283573522151960
0.449000000000000,-0.270714698626290
0.450000000000000,-0.257807388214061
0.451000000000000,-0.244853902704393
0.452000000000000,-0.231856562156694
0.453000000000000,-0.218817694485108
0.454000000000000,-0.205739635041581
0.455000000000000,-0.192624726197574
0.456000000000000,-0.179475316924536
0.457000000000000,-0.166293762373180
0.458000000000000,-0.153082423451663
0.459000000000000,-0.139843666402730
0.460000000000000,-0.126579862379905
0.461000000000000,-0.113293387022795
0.462000000000000,-0.0999866200316059
0.463000000000000,-0.0866619447409124
0.464000000000000,-0.0733217476927938
0.465000000000000,-0.0599684182093805
0.466000000000000,-0.0466043479649163
0.467000000000000,-0.0332319305573900
0.468000000000000,-0.0198535610798227
0.469000000000000,-0.00647163569129619
0.470000000000000,0.00691144881222279
0.471000000000000,0.0202932954271585
0.472000000000000,0.0336715073716530
0.473000000000000,0.0470436885148399
0.474000000000000,0.0604074438060146
0.475000000000000,0.0737603797035977
0.476000000000000,0.0871001046038421
0.477000000000000,0.100424229269179
0.478000000000000,0.113730367256154
0.479000000000000,0.127016135342846
0.480000000000000,0.140279153955732
0.481000000000000,0.153517047595872
0.482000000000000,0.166727445264388
0.483000000000000,0.179907980887119
0.484000000000000,0.193056293738404
0.485000000000000,0.206170028863909
0.486000000000000,0.219246837502405
0.487000000000000,0.232284377506459
0.488000000000000,0.245280313761919
0.489000000000000,0.258232318606160
0.490000000000000,0.271138072244973
0.491000000000000,0.283995263168064
0.492000000000000,0.296801588563059
0.493000000000000,0.309554754727956
0.494000000000000,0.322252477481936
0.495000000000000,0.334892482574488
0.496000000000000,0.347472506092729
0.497000000000000,0.359990294866897
0.498000000000000,0.372443606873906
0.499000000000000,0.384830211638906
0.500000000000000,0.397147890634781
0.501000000000000,0.409394437679494
0.502000000000000,0.421567659331244
0.503000000000000,0.433665375281310
0.504000000000000,0.445685418744575
0.505000000000000,0.457625636847598
0.506000000000000,0.469483891014221
0.507000000000000,0.481258057348595
0.508000000000000,0.492946027015588
0.509000000000000,0.504545706618488
0.510000000000000,0.516055018573953
0.511000000000000,0.527471901484110
0.512000000000000,0.538794310505778
0.513000000000000,0.550020217716700
0.514000000000000,0.561147612478767
0.515000000000000,0.572174501798140
0.516000000000000,0.583098910682196
0.517000000000000,0.593918882493280
0.518000000000000,0.604632479299135
0.519000000000000,0.615237782220015
0.520000000000000,0.625732891772357
0.521000000000000,0.636115928209002
0.522000000000000,0.646385031855861
0.523000000000000,0.656538363445006
0.524000000000000,0.666574104444084
0.525000000000000,0.676490457382041
0.526000000000000,0.686285646171052
0.527000000000000,0.695957916424636
0.528000000000000,0.705505535771875
0.529000000000000,0.714926794167699
0.530000000000000,0.724220004199162
0.531000000000000,0.733383501387671
0.532000000000000,0.742415644487106
0.533000000000000,0.751314815777779
0.534000000000000,0.760079421356178
0.535000000000000,0.768707891420447
0.536000000000000,0.777198680551548
0.537000000000000,0.785550267990055
0.538000000000000,0.793761157908536
0.539000000000000,0.801829879679463
0.540000000000000,0.809754988138612
0.541000000000000,0.817535063843903
0.542000000000000,0.825168713329633
0.543000000000000,0.832654569356052
0.544000000000000,0.839991291154248
0.545000000000000,0.847177564666288
0.546000000000000,0.854212102780571
0.547000000000000,0.861093645562366
0.548000000000000,0.867820960479468
0.549000000000000,0.874392842622957
0.550000000000000,0.880808114923003
0.551000000000000,0.887065628359692
0.552000000000000,0.893164262168817
0.553000000000000,0.899102924042619
0.554000000000000,0.904880550325427
0.555000000000000,0.910496106204166
0.556000000000000,0.915948585893694
0.557000000000000,0.921237012816953
0.558000000000000,0.926360439779877
0.559000000000000,0.931317949141041
0.560000000000000,0.936108652976015
0.561000000000000,0.940731693236401
0.562000000000000,0.945186241903517
0.563000000000000,0.949471501136693
0.564000000000000,0.953586703416178
0.565000000000000,0.957531111680604
0.566000000000000,0.961304019459000
0.567000000000000,0.964904750997325
0.568000000000000,0.968332661379501
0.569000000000000,0.971587136642923
0.570000000000000,0.974667593888420
0.571000000000000,0.977573481384663
0.572000000000000,0.980304278666976
0.573000000000000,0.982859496630563
0.574000000000000,0.985238677618102
0.575000000000000,0.987441395501721
0.576000000000000,0.989467255759316
0.577000000000000,0.991315895545218
0.578000000000000,0.992986983755174
0.579000000000000,0.994480221085657
0.580000000000000,0.995795340087468
0.581000000000000,0.996932105213642
0.582000000000000,0.997890312861632
0.583000000000000,0.998669791409782
0.584000000000000,0.999270401248057
0.585000000000000,0.999692034803056
0.586000000000000,0.999934616557275
0.587000000000000,0.999998103062634
0.588000000000000,0.999882482948257
0.589000000000000,0.999587776922512
0.590000000000000,0.999114037769299
0.591000000000000,0.998461350338597
0.592000000000000,0.997629831531267
0.593000000000000,0.996619630278116
0.594000000000000,0.995430927513217
0.595000000000000,0.994063936141509
0.596000000000000,0.992518901000659
0.597000000000000,0.990796098817215
0.598000000000000,0.988895838157037
0.599000000000000,0.986818459370035
0.600000000000000,0.984564334529205
0.601000000000000,0.982133867363997
0.602000000000000,0.979527493187991
0.603000000000000,0.976745678820945
0.604000000000000,0.973788922505169
0.605000000000000,0.970657753816299
0.606000000000000,0.967352733568436
0.607000000000000,0.963874453713710
0.608000000000000,0.960223537236250
0.609000000000000,0.956400638040603
0.610000000000000,0.952406440834623
0.611000000000000,0.948241661006827
0.612000000000000,0.943907044498265
0.613000000000000,0.939403367668923
0.614000000000000,0.934731437158661
0.615000000000000,0.929892089742751
0.616000000000000,0.924886192181993
0.617000000000000,0.919714641067480
0.618000000000000,0.914378362660005
0.619000000000000,0.908878312724172
0.620000000000000,0.903215476357199
0.621000000000000,0.897390867812493
0.622000000000000,0.891405530317977
0.623000000000000,0.885260535889253
0.624000000000000,0.878956985137591
0.625000000000000,0.872496007072797
0.626000000000000,0.865878758901010
0.627000000000000,0.859106425817428
0.628000000000000,0.852180220794041
0.629000000000000,0.845101384362368
0.630000000000000,0.837871184391283
0.631000000000000,0.830490915859916
0.632000000000000,0.822961900625726
0.633000000000000,0.815285487187737
0.634000000000000,0.807463050445024
0.635000000000000,0.799495991450443
0.636000000000000,0.791385737159710
0.637000000000000,0.783133740175809
0.638000000000000,0.774741478488833
0.639000000000000,0.766210455211253
0.640000000000000,0.757542198308710
0.641000000000000,0.748738260326342
0.642000000000000,0.739800218110715
0.643000000000000,0.730729672527391
0.644000000000000,0.721528248174211
0.645000000000000,0.712197593090315
0.646000000000000,0.702739378460963
0.647000000000000,0.693155298318224
0.648000000000000,0.683447069237546
0.649000000000000,0.673616430030325
0.650000000000000,0.663665141432458
0.651000000000000,0.653594985788992
0.652000000000000,0.643407766734881
0.653000000000000,0.633105308871959
0.654000000000000,0.622689457442126
0.655000000000000,0.612162077996867
0.656000000000000,0.601525056063101
0.657000000000000,0.590780296805486
0.658000000000000,0.579929724685184
0.659000000000000,0.568975283115176
0.660000000000000,0.557918934112184
0.661000000000000,0.546762657945262
0.662000000000000,0.535508452781111
0.663000000000000,0.524158334326202
0.664000000000000,0.512714335465741
0.665000000000000,0.501178505899567
0.666000000000000,0.489552911775039
0.667000000000000,0.477839635316973
0.668000000000000,0.466040774454705
0.669000000000000,0.454158442446322
0.670000000000000,0.442194767500188
0.671000000000000,0.430151892393743
0.672000000000000,0.418031974089735
0.673000000000000,0.405837183349875
0.674000000000000,0.393569704346059
0.675000000000000,0.381231734269149
0.676000000000000,0.368825482935454
0.677000000000000,0.356353172390928
0.678000000000000,0.343817036513191
0.679000000000000,0.331219320611421
0.680000000000000,0.318562281024213
0.681000000000000,0.305848184715444
0.682000000000000,0.293079308868244
0.683000000000000,0.280257940477141
0.684000000000000,0.267386375938449
0.685000000000000,0.254466920638953
0.686000000000000,0.241501888543011
0.687000000000000,0.228493601778099
0.688000000000000,0.215444390218909
0.689000000000000,0.202356591070050
0.690000000000000,0.189232548447431
0.691000000000000,0.176074612958424
0.692000000000000,0.162885141280844
0.693000000000000,0.149666495740866
0.694000000000000,0.136421043889897
0.695000000000000,0.123151158080547
0.696000000000000,0.109859215041714
0.697000000000000,0.0965475954529041
0.698000000000000,0.0832186835178269
0.699000000000000,0.0698748665373719
0.700000000000000,0.0565185344820249
0.701000000000000,0.0431520795638138
0.702000000000000,0.0297778958078363
0.703000000000000,0.0163983786234807
0.704000000000000,0.00301592437538742
0.705000000000000,-0.0103670700457490
0.706000000000000,-0.0237482076524924
0.707000000000000,-0.0371250917899663
0.708000000000000,-0.0504953265651325
0.709000000000000,-0.0638565172758874
0.710000000000000,-0.0772062708399911
0.711000000000000,-0.0905421962236693
0.712000000000000,-0.103861904869876
0.713000000000000,-0.117163011126097
0.714000000000000,-0.130443132671629
0.715000000000000,-0.143699890944281
0.716000000000000,-0.156930911566387
0.717000000000000,-0.170133824770074
0.718000000000000,-0.183306265821699
0.719000000000000,-0.196445875445396
0.720000000000000,-0.209550300245639
0.721000000000000,-0.222617193128746
0.722000000000000,-0.235644213723259
0.723000000000000,-0.248629028799133
0.724000000000000,-0.261569312685614
0.725000000000000,-0.274462747687808
0.726000000000000,-0.287307024501768
0.727000000000000,-0.300099842628131
0.728000000000000,-0.312838910784135
0.729000000000000,-0.325521947314021
0.730000000000000,-0.338146680597674
0.731000000000000,-0.350710849457506
0.732000000000000,-0.363212203563428
0.733000000000000,-0.375648503835923
0.734000000000000,-0.388017522847059
0.735000000000000,-0.400317045219447
0.736000000000000,-0.412544868023036
0.737000000000000,-0.424698801169657
0.738000000000000,-0.436776667805304
0.739000000000000,-0.448776304700003
0.740000000000000,-0.460695562635277
0.741000000000000,-0.472532306789074
0.742000000000000,-0.484284417118145
0.743000000000000,-0.495949788737735
0.744000000000000,-0.507526332298606
0.745000000000000,-0.519011974361235
0.746000000000000,-0.530404657767201
0.747000000000000,-0.541702342007612
0.748000000000000,-0.552903003588600
0.749000000000000,-0.564004636393719
0.750000000000000,-0.575005252043278
0.751000000000000,-0.585902880250451
0.752000000000000,-0.596695569174187
0.753000000000000,-0.607381385768786
0.754000000000000,-0.617958416130129
0.755000000000000,-0.628424765838469
0.756000000000000,-0.638778560297730
0.757000000000000,-0.649017945071270
0.758000000000000,-0.659141086214011
0.759000000000000,-0.669146170600928
0.760000000000000,-0.679031406251773
0.761000000000000,-0.688795022652047
0.762000000000000,-0.698435271070100
0.763000000000000,-0.707950424870353
0.764000000000000,-0.717338779822536
0.765000000000000,-0.726598654406942
0.766000000000000,-0.735728390115586
0.767000000000000,-0.744726351749267
0.768000000000000,-0.753590927710434
0.769000000000000,-0.762320530291840
0.770000000000000,-0.770913595960907
0.771000000000000,-0.779368585639772
0.772000000000000,-0.787683984980941
0.773000000000000,-0.795858304638523
0.774000000000000,-0.803890080534974
0.775000000000000,-0.811777874123337
0.776000000000000,-0.819520272644884
0.777000000000000,-0.827115889382158
0.778000000000000,-0.834563363907339
0.779000000000000,-0.841861362325906
0.780000000000000,-0.849008577515557
0.781000000000000,-0.856003729360308
0.782000000000000,-0.862845564979781
0.783000000000000,-0.869532858953599
0.784000000000000,-0.876064413540876
0.785000000000000,-0.882439058894724
0.786000000000000,-0.888655653271800
0.787000000000000,-0.894713083236783
0.788000000000000,-0.900610263861812
0.789000000000000,-0.906346138920795
0.790000000000000,-0.911919681078591
0.791000000000000,-0.917329892075009
0.792000000000000,-0.922575802903608
0.793000000000000,-0.927656473985250
0.794000000000000,-0.932570995336386
0.795000000000000,-0.937318486732038
0.796000000000000,-0.941898097863457
0.797000000000000,-0.946309008490419
0.798000000000000,-0.950550428588132
0.799000000000000,-0.954621598488739
0.800000000000000,-0.958521789017375
0.801000000000000,-0.962250301622777
0.802000000000000,-0.965806468502386
0.803000000000000,-0.969189652721967
0.804000000000000,-0.972399248329678
0.805000000000000,-0.975434680464611
0.806000000000000,-0.978295405459745
0.807000000000000,-0.980980910939323
0.808000000000000,-0.983490715910626
0.809000000000000,-0.985824370850115
0.810000000000000,-0.987981457783949
0.811000000000000,-0.989961590362848
0.812000000000000,-0.991764413931284
0.813000000000000,-0.993389605591011
0.814000000000000,-0.994836874258891
0.815000000000000,-0.996105960719034
0.816000000000000,-0.997196637669223
0.817000000000000,-0.998108709761625
0.818000000000000,-0.998842013637781
0.819000000000000,-0.999396417957863
0.820000000000000,-0.999771823424200
0.821000000000000,-0.999968162799059
0.822000000000000,-0.999985400916692
0.823000000000000,-0.999823534689633
0.824000000000000,-0.999482593109248
0.825000000000000,-0.998962637240549
0.826000000000000,-0.998263760211249
0.827000000000000,-0.997386087195089
0.828000000000000,-0.996329775389413
0.829000000000000,-0.995095013987018
0.830000000000000,-0.993682024142264
0.831000000000000,-0.992091058931466
0.832000000000000,-0.990322403307565
0.833000000000000,-0.988376374049093
0.834000000000000,-0.986253319703432
0.835000000000000,-0.983953620524394
0.836000000000000,-0.981477688404103
0.837000000000000,-0.978825966799235
0.838000000000000,-0.975998930651583
0.839000000000000,-0.972997086302998
0.840000000000000,-0.969820971404691
0.841000000000000,-0.966471154820947
0.842000000000000,-0.962948236527227
0.843000000000000,-0.959252847502718
0.844000000000000,-0.955385649617309
0.845000000000000,-0.951347335513056
0.846000000000000,-0.947138628480121
0.847000000000000,-0.942760282327224
0.848000000000000,-0.938213081246631
0.849000000000000,-0.933497839673701
0.850000000000000,-0.928615402141018
0.851000000000000,-0.923566643127120
0.852000000000000,-0.918352466899887
0.853000000000000,-0.912973807354566
0.854000000000000,-0.907431627846516
0.855000000000000,-0.901726921018657
0.856000000000000,-0.895860708623685
0.857000000000000,-0.889834041341064
0.858000000000000,-0.883647998588847
0.859000000000000,-0.877303688330344
0.860000000000000,-0.870802246875675
0.861000000000000,-0.864144838678250
0.862000000000000,-0.857332656126211
0.863000000000000,-0.850366919328860
0.864000000000000,-0.843248875898139
0.865000000000000,-0.835979800725162
0.866000000000000,-0.828560995751881
0.867000000000000,-0.820993789737899
0.868000000000000,-0.813279538022477
0.869000000000000,-0.805419622281786
0.870000000000000,-0.797415450281432
0.871000000000000,-0.789268455624329
0.872000000000000,-0.780980097493916
0.873000000000000,-0.772551860392821
0.874000000000000,-0.763985253876961
0.875000000000000,-0.755281812285185
0.876000000000000,-0.746443094464450
0.877000000000000,-0.737470683490636
0.878000000000000,-0.728366186384987
0.879000000000000,-0.719131233826300
0.880000000000000,-0.709767479858847
0.881000000000000,-0.700276601596133
0.882000000000000,-0.690660298920504
0.883000000000000,-0.680920294178696
0.884000000000000,-0.671058331873341
0.885000000000000,-0.661076178350524
0.886000000000000,-0.650975621483412
0.887000000000000,-0.640758470352034
0.888000000000000,-0.630426554919262
0.889000000000000,-0.619981725703057
0.890000000000000,-0.609425853445024
0.891000000000000,-0.598760828775344
0.892000000000000,-0.587988561874161
0.893000000000000,-0.577110982129444
0.894000000000000,-0.566130037791433
0.895000000000000,-0.555047695623674
0.896000000000000,-0.543865940550781
0.897000000000000,-0.532586775302905
0.898000000000000,-0.521212220057041
0.899000000000000,-0.509744312075193
0.900000000000000,-0.498185105339492
0.901000000000000,-0.486536670184309
0.902000000000000,-0.474801092925451
0.903000000000000,-0.462980475486476
0.904000000000000,-0.451076935022233
0.905000000000000,-0.439092603539661
0.906000000000000,-0.427029627515936
0.907000000000000,-0.414890167514014
0.908000000000000,-0.402676397795666
0.909000000000000,-0.390390505932049
0.910000000000000,-0.378034692411901
0.911000000000000,-0.365611170247417
0.912000000000000,-0.353122164577870
0.913000000000000,-0.340569912271099
0.914000000000000,-0.327956661522846
0.915000000000000,-0.315284671454104
0.916000000000000,-0.302556211706485
0.917000000000000,-0.289773562035712
0.918000000000000,-0.276939011903300
0.919000000000000,-0.264054860066504
0.920000000000000,-0.251123414166583
0.921000000000000,-0.238146990315493
0.922000000000000,-0.225127912681055
0.923000000000000,-0.212068513070682
0.924000000000000,-0.198971130513729
0.925000000000000,-0.185838110842564
0.926000000000000,-0.172671806272406
0.927000000000000,-0.159474574980039
0.928000000000000,-0.146248780681431
0.929000000000000,-0.132996792208387
0.930000000000000,-0.119720983084266
0.931000000000000,-0.106423731098879
0.932000000000000,-0.0931074178825965
0.933000000000000,-0.0797744284797925
0.934000000000000,-0.0664271509216584
0.935000000000000,-0.0530679757984933
0.936000000000000,-0.0396992958315384
0.937000000000000,-0.0263235054444133
0.938000000000000,-0.0129430003342649
0.939000000000000,0.000439822957321886
0.940000000000000,0.0138225674735543
0.941000000000000,0.0272028362717541
0.942000000000000,0.0405782328526598
0.943000000000000,0.0539463615896595
0.944000000000000,0.0673048281578576
0.945000000000000,0.0806512399629271
0.946000000000000,0.0939832065696242
0.947000000000000,0.107298340129953
0.948000000000000,0.120594255810821
0.949000000000000,0.133868572221201
0.950000000000000,0.147118911838635
0.951000000000000,0.160342901435090
0.952000000000000,0.173538172501991
0.953000000000000,0.186702361674461
0.954000000000000,0.199833111154599
0.955000000000000,0.212928069133797
0.956000000000000,0.225984890213941
0.957000000000000,0.239001235827507
0.958000000000000,0.251974774656409
0.959000000000000,0.264903183049555
0.960000000000000,0.277784145439027
0.961000000000000,0.290615354754813
0.962000000000000,0.303394512838029
0.963000000000000,0.316119330852522
0.964000000000000,0.328787529694833
0.965000000000000,0.341396840402380
0.966000000000000,0.353945004559865
0.967000000000000,0.366429774703754
0.968000000000000,0.378848914724832
0.969000000000000,0.391200200268685
0.970000000000000,0.403481419134118
0.971000000000000,0.415690371669357
0.972000000000000,0.427824871166039
0.973000000000000,0.439882744250851
0.974000000000000,0.451861831274809
0.975000000000000,0.463759986700056
0.976000000000000,0.475575079484154
0.977000000000000,0.487304993461756
0.978000000000000,0.498947627723634
0.979000000000000,0.510500896992967
0.980000000000000,0.521962731998819
0.981000000000000,0.533331079846779
0.982000000000000,0.544603904386625
0.983000000000000,0.555779186577031
0.984000000000000,0.566854924847178
0.985000000000000,0.577829135455267
0.986000000000000,0.588699852843798
0.987000000000000,0.599465129991636
0.988000000000000,0.610123038762717
0.989000000000000,0.620671670251414
0.990000000000000,0.631109135124408
0.991000000000000,0.641433563959106
0.992000000000000,0.651643107578447
0.993000000000000,0.661735937382116
0.994000000000000,0.671710245674056
0.995000000000000,0.681564245986236
0.996000000000000,0.691296173398619
0.997000000000000,0.700904284855277
0.998000000000000,0.710386859476582
0.999000000000000,0.719742198867425
1.00000000000000,0.728968627421412
1.00100000000000,0.738064492620975
1.00200000000000,0.747028165333360
1.00300000000000,0.755858040102398
1.00400000000000,0.764552535436067
1.00500000000000,0.773110094089742
1.00600000000000,0.781529183345116
1.00700000000000,0.789808295284707
1.00800000000000,0.797945947061950
1.00900000000000,0.805940681166777
1.01000000000000,0.813791065686670
1.01100000000000,0.821495694563128
1.01200000000000,0.829053187843500
1.01300000000000,0.836462191928140
1.01400000000000,0.843721379812856
1.01500000000000,0.850829451326577
1.01600000000000,0.857785133364227
1.01700000000000,0.864587180114743
1.01800000000000,0.871234373284214
1.01900000000000,0.877725522314084
1.02000000000000,0.884059464594386
1.02100000000000,0.890235065671976
1.02200000000000,0.896251219453720
1.02300000000000,0.902106848404610
1.02400000000000,0.907800903740746
1.02500000000000,0.913332365617192
1.02600000000000,0.918700243310627
1.02700000000000,0.923903575396801
1.02800000000000,0.928941429922723
1.02900000000000,0.933812904573587
1.03000000000000,0.938517126834380
1.03100000000000,0.943053254146157
1.03200000000000,0.947420474056946
1.03300000000000,0.951618004367269
1.03400000000000,0.955645093270232
1.03500000000000,0.959501019486189
1.03600000000000,0.963185092391918
1.03700000000000,0.966696652144322
1.03800000000000,0.970035069798611
1.03900000000000,0.973199747420950
1.04000000000000,0.976190118195552
1.04100000000000,0.979005646526200
1.04200000000000,0.981645828132174
1.04300000000000,0.984110190138576
1.04400000000000,0.986398291161019
1.04500000000000,0.988509721384686
1.04600000000000,0.990444102637729
1.04700000000000,0.992201088459003
1.04800000000000,0.993780364160121
1.04900000000000,0.995181646881813
1.05000000000000,0.996404685644592
1.05100000000000,0.997449261393704
1.05200000000000,0.998315187038361
1.05300000000000,0.999002307485255
1.05400000000000,0.999510499666332
1.05500000000000,0.999839672560835
1.05600000000000,0.999989767211609
1.05700000000000,0.999960756735655
1.05800000000000,0.999752646328954
1.05900000000000,0.999365473265526
1.06000000000000,0.998799306890762
1.06100000000000,0.998054248609000
1.06200000000000,0.997130431865364
1.06300000000000,0.996028022121861
1.06400000000000,0.994747216827749
1.06500000000000,0.993288245384170
1.06600000000000,0.991651369103062
1.06700000000000,0.989836881160360
1.06800000000000,0.987845106543483
1.06900000000000,0.985676401993125
1.07000000000000,0.983331155939365
1.07100000000000,0.980809788432093
1.07200000000000,0.978112751065777
1.07300000000000,0.975240526898579
1.07400000000000,0.972193630365837
1.07500000000000,0.968972607187923
1.07600000000000,0.965578034272508
1.07700000000000,0.962010519611223
1.07800000000000,0.958270702170773
1.07900000000000,0.954359251778489
1.08000000000000,0.950276869002358
1.08100000000000,0.946024285025545
1.08200000000000,0.941602261515439
1.08300000000000,0.937011590487223
1.08400000000000,0.932253094162028
1.08500000000000,0.927327624819662
1.08600000000000,0.922236064645964
1.08700000000000,0.916979325574795
1.08800000000000,0.911558349124706
1.08900000000000,0.905974106230308
1.09000000000000,0.900227597068366
1.09100000000000,0.894319850878666
1.09200000000000,0.888251925779661
1.09300000000000,0.882024908578970
1.09400000000000,0.875639914578707
1.09500000000000,0.869098087375738
1.09600000000000,0.862400598656839
1.09700000000000,0.855548647988852
1.09800000000000,0.848543462603828
1.09900000000000,0.841386297179223
1.10000000000000,0.834078433613172
1.10100000000000,0.826621180794901
1.10200000000000,0.819015874370287
1.10300000000000,0.811263876502642
1.10400000000000,0.803366575628731
1.10500000000000,0.795325386210104
1.10600000000000,0.787141748479746
1.10700000000000,0.778817128184131
1.10800000000000,0.770353016320689
1.10900000000000,0.761750928870759
1.11000000000000,0.753012406528070
1.11100000000000,0.744139014422789
1.11200000000000,0.735132341841198
1.11300000000000,0.725994001941036
1.11400000000000,0.716725631462579
1.11500000000000,0.707328890435481
1.11600000000000,0.697805461881460
1.11700000000000,0.688157051512843
1.11800000000000,0.678385387427079
1.11900000000000,0.668492219797210
1.12000000000000,0.658479320558411
1.12100000000000,0.648348483090620
1.12200000000000,0.638101521897332
1.12300000000000,0.627740272280610
1.12400000000000,0.617266590012371
1.12500000000000,0.606682351002001
1.12600000000000,0.595989450960366
1.12700000000000,0.585189805060281
1.12800000000000,0.574285347593487
1.12900000000000,0.563278031624207
1.13000000000000,0.552169828639335
1.13100000000000,0.540962728195331
1.13200000000000,0.529658737561883
1.13300000000000,0.518259881362386
1.13400000000000,0.506768201211309
1.13500000000000,0.495185755348549
1.13600000000000,0.483514618270764
1.13700000000000,0.471756880359833
1.13800000000000,0.459914647508442
1.13900000000000,0.447990040742911
1.14000000000000,0.435985195843298
1.14100000000000,0.423902262960878
1.14200000000000,0.411743406233017
1.14300000000000,0.399510803395576
1.14400000000000,0.387206645392854
1.14500000000000,0.374833135985182
1.14600000000000,0.362392491354208
1.14700000000000,0.349886939705966
1.14800000000000,0.337318720871786
1.14900000000000,0.324690085907133
1.15000000000000,0.312003296688417
1.15100000000000,0.299260625507880
1.15200000000000,0.286464354666611
1.15300000000000,0.273616776065778
1.15400000000000,0.260720190796116
1.15500000000000,0.247776908725805
1.15600000000000,0.234789248086740
1.15700000000000,0.221759535059327
1.15800000000000,0.208690103355854
1.15900000000000,0.195583293802493
1.16000000000000,0.182441453920052
1.16100000000000,0.169266937503513
1.16200000000000,0.156062104200457
1.16300000000000,0.142829319088426
1.16400000000000,0.129570952251327
1.16500000000000,0.116289378354930
1.16600000000000,0.102986976221557
1.16700000000000,0.0896661284040059
1.16800000000000,0.0763292207588270
1.16900000000000,0.0629786420189960
1.17000000000000,0.0496167833660819
1.17100000000000,0.0362460380019576
1.17200000000000,0.0228688007201768
1.17300000000000,0.00948746747702828
1.17400000000000,-0.00389556503757155
1.17500000000000,-0.0172778998293638
1.17600000000000,-0.0306571400290476
1.17700000000000,-0.0440308893215978
1.17800000000000,-0.0573967523754379
1.17900000000000,-0.0707523352714736
1.18000000000000,-0.0840952459318621
1.18100000000000,-0.0974230945484441
1.18200000000000,-0.110733494010779
1.18300000000000,-0.124024060333687
1.18400000000000,-0.137292413084244
1.18500000000000,-0.150536175808133
1.18600000000000,-0.163752976455281
1.18700000000000,-0.176940447804707
1.18800000000000,-0.190096227888518
1.18900000000000,-0.203217960414938
1.19000000000000,-0.216303295190357
1.19100000000000,-0.229349888540246
1.19200000000000,-0.242355403728940
1.19300000000000,-0.255317511378153
1.19400000000000,-0.268233889884202
1.19500000000000,-0.281102225833800
1.19600000000000,-0.293920214418422
1.19700000000000,-0.306685559847108
1.19800000000000,-0.319395975757650
1.19900000000000,-0.332049185626104
1.20000000000000,-0.344642923174516
1.20100000000000,-0.357174932776848
1.20200000000000,-0.369642969862965
1.20300000000000,-0.382044801320652
1.20400000000000,-0.394378205895590
1.20500000000000,-0.406640974589177
1.20600000000000,-0.418830911054201
1.20700000000000,-0.430945831988206
1.20800000000000,-0.442983567524538
1.20900000000000,-0.454941961620987
1.21000000000000,-0.466818872445945
1.21100000000000,-0.478612172762028
1.21200000000000,-0.490319750307075
1.21300000000000,-0.501939508172463
1.21400000000000,-0.513469365178695
1.21500000000000,-0.524907256248138
1.21600000000000,-0.536251132774900
1.21700000000000,-0.547498962991748
1.21800000000000,-0.558648732334013
1.21900000000000,-0.569698443800401
1.22000000000000,-0.580646118310700
1.22100000000000,-0.591489795060205
1.22200000000000,-0.602227531870948
1.22300000000000,-0.612857405539536
1.22400000000000,-0.623377512181617
1.22500000000000,-0.633785967572876
1.22600000000000,-0.644080907486516
1.22700000000000,-0.654260488027153
1.22800000000000,-0.664322885961062
1.22900000000000,-0.674266299042748
1.23000000000000,-0.684088946337725
1.23100000000000,-0.693789068541505
1.23200000000000,-0.703364928294689
1.23300000000000,-0.712814810494153
1.23400000000000,-0.722137022600229
1.23500000000000,-0.731329894939856
1.23600000000000,-0.740391781005613
1.23700000000000,-0.749321057750644
1.23800000000000,-0.758116125879338
1.23900000000000,-0.766775410133788
1.24000000000000,-0.775297359575916
1.24100000000000,-0.783680447865268
1.24200000000000,-0.791923173532390
1.24300000000000,-0.800024060247755
1.24400000000000,-0.807981657086167
1.24500000000000,-0.815794538786655
1.24600000000000,-0.823461306007735
1.24700000000000,-0.830980585578036
1.24800000000000,-0.838351030742258
1.24900000000000,-0.845571321402379
1.25000000000000,-0.852640164354093
1.25100000000000,-0.859556293518427
1.25200000000000,-0.866318470168520
1.25300000000000,-0.872925483151471
1.25400000000000,-0.879376149105275
1.25500000000000,-0.885669312670763
1.25600000000000,-0.891803846698545
1.25700000000000,-0.897778652450883
1.25800000000000,-0.903592659798487
1.25900000000000,-0.909244827412174
1.26000000000000,-0.914734142949393
1.26100000000000,-0.920059623235526
1.26200000000000,-0.925220314439993
1.26300000000000,-0.930215292247081
1.26400000000000,-0.935043662021503
1.26500000000000,-0.939704558968631
1.26600000000000,-0.944197148289382
1.26700000000000,-0.948520625329744
1.26800000000000,-0.952674215724889
1.26900000000000,-0.956657175537872
1.27000000000000,-0.960468791392869
1.27100000000000,-0.964108380602955
1.27200000000000,-0.967575291292372
1.27300000000000,-0.970868902513289
1.27400000000000,-0.973988624357012
1.27500000000000,-0.976933898059649
1.27600000000000,-0.979704196102180
1.27700000000000,-0.982299022304950
1.27800000000000,-0.984717911916523
1.27900000000000,-0.986960431696938
1.28000000000000,-0.989026179995295
1.28100000000000,-0.990914786821697
1.28200000000000,-0.992625913913517
1.28300000000000,-0.994159254795985
1.28400000000000,-0.995514534837077
1.28500000000000,-0.996691511296707
1.28600000000000,-0.997689973370198
1.28700000000000,-0.998509742226046
1.28800000000000,-0.999150671037942
1.28900000000000,-0.999612645011076
1.29000000000000,-0.999895581402694
1.29100000000000,-0.999999429536920
1.29200000000000,-0.999924170813829
1.29300000000000,-0.999669818712783
1.29400000000000,-0.999236418790014
1.29500000000000,-0.998624048670463
1.29600000000000,-0.997832818033881
1.29700000000000,-0.996862868595182
1.29800000000000,-0.995714374079060
1.29900000000000,-0.994387540188876
1.30000000000000,-0.992882604569814
1.30100000000000,-0.991199836766316
1.30200000000000,-0.989339538173809
1.30300000000000,-0.987302041984716
1.30400000000000,-0.985087713128785
1.30500000000000,-0.982696948207724
1.30600000000000,-0.980130175424169
1.30700000000000,-0.977387854504990
1.30800000000000,-0.974470476618946
1.30900000000000,-0.971378564288724
1.31000000000000,-0.968112671297339
1.31100000000000,-0.964673382588952
1.31200000000000,-0.961061314164109
1.31300000000000,-0.957277112969403
1.31400000000000,-0.953321456781604
1.31500000000000,-0.949195054086263
1.31600000000000,-0.944898643950822
1.31700000000000,-0.940432995892237
1.31800000000000,-0.935798909739153
1.31900000000000,-0.930997215488652
1.32000000000000,-0.926028773157591
1.32100000000000,-0.920894472628569
1.32200000000000,-0.915595233490544
1.32300000000000,-0.910132004874123
1.32400000000000,-0.904505765281576
1.32500000000000,-0.898717522411568
1.32600000000000,-0.892768312978680
1.32700000000000,-0.886659202527726
1.32800000000000,-0.880391285242903
1.32900000000000,-0.873965683751818
1.33000000000000,-0.867383548924418
1.33100000000000,-0.860646059666857
1.33200000000000,-0.853754422710353
1.33300000000000,-0.846709872395046
1.33400000000000,-0.839513670448923
1.33500000000000,-0.832167105761837
1.33600000000000,-0.824671494154652
1.33700000000000,-0.817028178143569
1.33800000000000,-0.809238526699679
1.33900000000000,-0.801303935003772
1.34000000000000,-0.793225824196439
1.34100000000000,-0.785005641123544
1.34200000000000,-0.776644858077084
1.34300000000000,-0.768144972531491
1.34400000000000,-0.759507506875424
1.34500000000000,-0.750734008139087
1.34600000000000,-0.741826047717165
1.34700000000000,-0.732785221087368
1.34800000000000,-0.723613147524662
1.34900000000000,-0.714311469811256
1.35000000000000,-0.704881853942361
1.35100000000000,-0.695325988827809
1.35200000000000,-0.685645585989544
1.35300000000000,-0.675842379255087
1.35400000000000,-0.665918124446982
1.35500000000000,-0.655874599068340
1.35600000000000,-0.645713601984453
1.35700000000000,-0.635436953100609
1.35800000000000,-0.625046493036151
1.35900000000000,-0.614544082794786
1.36000000000000,-0.603931603431278
1.36100000000000,-0.593210955714537
1.36200000000000,-0.582384059787188
1.36300000000000,-0.571452854821631
1.36400000000000,-0.560419298672756
1.36500000000000,-0.549285367527252
1.36600000000000,-0.538053055549682
1.36700000000000,-0.526724374525287
1.36800000000000,-0.515301353499682
1.36900000000000,-0.503786038415428
1.37000000000000,-0.492180491745605
1.37100000000000,-0.480486792124383
1.37200000000000,-0.468707033974747
1.37300000000000,-0.456843327133362
1.37400000000000,-0.444897796472694
1.37500000000000,-0.432872581520416
1.37600000000000,-0.420769836076212
1.37700000000000,-0.408591727826026
1.37800000000000,-0.396340437953796
1.37900000000000,-0.384018160750805
1.38000000000000,-0.371627103222647
1.38100000000000,-0.359169484693969
1.38200000000000,-0.346647536410946
1.38300000000000,-0.334063501141662
1.38400000000000,-0.321419632774408
1.38500000000000,-0.308718195914011
1.38600000000000,-0.295961465476204
1.38700000000000,-0.283151726280194
1.38800000000000,-0.270291272639408
1.38900000000000,-0.257382407950606
1.39000000000000,-0.244427444281290
1.39100000000000,-0.231428701955613
1.39200000000000,-0.218388509138786
1.39300000000000,-0.205309201420104
1.39400000000000,-0.192193121394600
1.39500000000000,-0.179042618243487
1.39600000000000,-0.165860047313403
1.39700000000000,-0.152647769694542
1.39800000000000,-0.139408151797779
1.39900000000000,-0.126143564930816
1.40000000000000,-0.112856384873482
1.40100000000000,-0.0995489914521951
1.40200000000000,-0.0862237681137283
1.40300000000000,-0.0728831014983154
1.40400000000000,-0.0595293810122021
1.40500000000000,-0.0461649983996517
1.40600000000000,-0.0327923473146031
1.40700000000000,-0.0194138228919289
1.40800000000000,-0.00603182131846802
1.40900000000000,0.00735126059616941
1.41000000000000,0.0207330258488731
1.41100000000000,0.0341110776723594
1.41200000000000,0.0474830199644354
1.41300000000000,0.0608464577171746
1.41400000000000,0.0741989974458799
1.41500000000000,0.0875382476177590
1.41600000000000,0.100861819080265
1.41700000000000,0.114167325489026
1.41800000000000,0.127452383735246
1.41900000000000,0.140714614372539
1.42000000000000,0.153951642043093
1.42100000000000,0.167161095903128
1.42200000000000,0.180340610047537
1.42300000000000,0.193487823933605
1.42400000000000,0.206600382803830
1.42500000000000,0.219675938107662
1.42600000000000,0.232712147922149
1.42700000000000,0.245706677371382
1.42800000000000,0.258657199044705
1.42900000000000,0.271561393413557
1.43000000000000,0.284416949246919
1.43100000000000,0.297221564025274
1.43200000000000,0.309972944353002
1.43300000000000,0.322668806369143
1.43400000000000,0.335306876156456
1.43500000000000,0.347884890148681
1.43600000000000,0.360400595535979
1.43700000000000,0.372851750668412
1.43800000000000,0.385236125457442
1.43900000000000,0.397551501775356
1.44000000000000,0.409795673852546
1.44100000000000,0.421966448672580
1.44200000000000,0.434061646364989
1.44300000000000,0.446079100595683
1.44400000000000,0.458016658954977
1.44500000000000,0.469872183343093
1.44600000000000,0.481643550353098
1.44700000000000,0.493328651651239
1.44800000000000,0.504925394354556
1.44900000000000,0.516431701405723
1.45000000000000,0.527845511945065
1.45100000000000,0.539164781679682
1.45200000000000,0.550387483249588
1.45300000000000,0.561511606590830
1.45400000000000,0.572535159295495
1.45500000000000,0.583456166968574
1.45600000000000,0.594272673581595
1.45700000000000,0.604982741822945
1.45800000000000,0.615584453444860
1.45900000000000,0.626075909607010
1.46000000000000,0.636455231216580
1.46100000000000,0.646720559264838
1.46200000000000,0.656870055160083
1.46300000000000,0.666901901056968
1.46400000000000,0.676814300182075
1.46500000000000,0.686605477155741
1.46600000000000,0.696273678310023
1.46700000000000,0.705817172002809
1.46800000000000,0.715234248927965
1.46900000000000,0.724523222421469
1.47000000000000,0.733682428763525
1.47100000000000,0.742710227476534
1.47200000000000,0.751605001618921
1.47300000000000,0.760365158074724
1.47400000000000,0.768989127838966
1.47500000000000,0.777475366298639
1.47600000000000,0.785822353509378
1.47700000000000,0.794028594467678
1.47800000000000,0.802092619378675
1.47900000000000,0.810012983919385
1.48000000000000,0.817788269497401
1.48100000000000,0.825417083504956
1.48200000000000,0.832898059568375
1.48300000000000,0.840229857792780
1.48400000000000,0.847411165002084
1.48500000000000,0.854440694974185
1.48600000000000,0.861317188671345
1.48700000000000,0.868039414465687
1.48800000000000,0.874606168359785
1.48900000000000,0.881016274202316
1.49000000000000,0.887268583898712
1.49100000000000,0.893361977616798
1.49200000000000,0.899295363987348
1.49300000000000,0.905067680299570
1.49400000000000,0.910677892691441
1.49500000000000,0.916124996334878
1.49600000000000,0.921408015615708
1.49700000000000,0.926526004308411
1.49800000000000,0.931478045745592
1.49900000000000,0.936263252982171
1.50000000000000,0.940880768954225
1.50100000000000,0.945329766632508
1.50200000000000,0.949609449170574
1.50300000000000,0.953719050047498
1.50400000000000,0.957657833205158
1.50500000000000,0.961425093180081
1.50600000000000,0.965020155229788
1.50700000000000,0.968442375453644
1.50800000000000,0.971691140908192
1.50900000000000,0.974765869716927
1.51000000000000,0.977666011174524
1.51100000000000,0.980391045845462
1.51200000000000,0.982940485657067
1.51300000000000,0.985313873986927
1.51400000000000,0.987510785744674
1.51500000000000,0.989530827448121
1.51600000000000,0.991373637293743
1.51700000000000,0.993038885221470
1.51800000000000,0.994526272973810
1.51900000000000,0.995835534149265
1.52000000000000,0.996966434250046
1.52100000000000,0.997918770724074
1.52200000000000,0.998692373001261
1.52300000000000,0.999287102524053
1.52400000000000,0.999702852772254
1.52500000000000,0.999939549282101
1.52600000000000,0.999997149659603
1.52700000000000,0.999875643588130
1.52800000000000,0.999575052830266
1.52900000000000,0.999095431223908
1.53000000000000,0.998436864672622
1.53100000000000,0.997599471130262
1.53200000000000,0.996583400579840
1.53300000000000,0.995388835006660
1.53400000000000,0.994015988365733
1.53500000000000,0.992465106543445
1.53600000000000,0.990736467313523
1.53700000000000,0.988830380287285
1.53800000000000,0.986747186858182
1.53900000000000,0.984487260140656
1.54000000000000,0.982051004903310
1.54100000000000,0.979438857496410
1.54200000000000,0.976651285773739
1.54300000000000,0.973688789008790
1.54400000000000,0.970551897805352
1.54500000000000,0.967241174002470
1.54600000000000,0.963757210573820
1.54700000000000,0.960100631521497
1.54800000000000,0.956272091764258
1.54900000000000,0.952272277020217
1.55000000000000,0.948101903684033
1.55100000000000,0.943761718698593
1.55200000000000,0.939252499421234
1.55300000000000,0.934575053484509
1.55400000000000,0.929730218651540
1.55500000000000,0.924718862665962
1.55600000000000,0.919541883096508
1.55700000000000,0.914200207176250
1.55800000000000,0.908694791636521
1.55900000000000,0.903026622535556
1.56000000000000,0.897196715081888
1.56100000000000,0.891206113452519
1.56200000000000,0.885055890605891
1.56300000000000,0.878747148089717
1.56400000000000,0.872281015843686
1.56500000000000,0.865658651997089
1.56600000000000,0.858881242661378
1.56700000000000,0.851950001717729
1.56800000000000,0.844866170599633
1.56900000000000,0.837631018070546
1.57000000000000,0.830245839996638
1.57100000000000,0.822711959114700
1.57200000000000,0.815030724795226
1.57300000000000,0.807203512800744
1.57400000000000,0.799231725039396
1.57500000000000,0.791116789313849
1.57600000000000,0.782860159065563
1.57700000000000,0.774463313114483
1.57800000000000,0.765927755394154
1.57900000000000,0.757255014682365
1.58000000000000,0.748446644327341
1.58100000000000,0.739504221969509
1.58200000000000,0.730429349258951
1.58300000000000,0.721223651568525
1.58400000000000,0.711888777702754
1.58500000000000,0.702426399602514
1.58600000000000,0.692838212045575
1.58700000000000,0.683125932343056
1.58800000000000,0.673291300031848
1.58900000000000,0.663336076563040
1.59000000000000,0.653262044986440
1.59100000000000,0.643071009631208
1.59200000000000,0.632764795782711
1.59300000000000,0.622345249355566
1.59400000000000,0.611814236563056
1.59500000000000,0.601173643582859
1.59600000000000,0.590425376219238
1.59700000000000,0.579571359561676
1.59800000000000,0.568613537640092
1.59900000000000,0.557553873076660
1.60000000000000,0.546394346734272
1.60100000000000,0.535136957361755
1.60200000000000,0.523783721235891
1.60300000000000,0.512336671800290
1.60400000000000,0.500797859301166
1.60500000000000,0.489169350420144
1.60600000000000,0.477453227904090
1.60700000000000,0.465651590192090
1.60800000000000,0.453766551039589
1.60900000000000,0.441800239139816
1.61000000000000,0.429754797742502
1.61100000000000,0.417632384270042
1.61200000000000,0.405435169931050
1.61300000000000,0.393165339331502
1.61400000000000,0.380825090083446
1.61500000000000,0.368416632411410
1.61600000000000,0.355942188756518
1.61700000000000,0.343403993378444
1.61800000000000,0.330804291955239
1.61900000000000,0.318145341181115
1.62000000000000,0.305429408362256
1.62100000000000,0.292658771010724
1.62200000000000,0.279835716436551
1.62300000000000,0.266962541338050
1.62400000000000,0.254041551390472
1.62500000000000,0.241075060833038
1.62600000000000,0.228065392054455
1.62700000000000,0.215014875176933
1.62800000000000,0.201925847638874
1.62900000000000,0.188800653776197
1.63000000000000,0.175641644402477
1.63100000000000,0.162451176387868
1.63200000000000,0.149231612236990
1.63300000000000,0.135985319665781
1.63400000000000,0.122714671177435
1.63500000000000,0.109422043637453
1.63600000000000,0.0961098178479310
1.63700000000000,0.0827803781211532
1.63800000000000,0.0694361118525482
1.63900000000000,0.0560794090930705
1.64000000000000,0.0427126621211400
1.64100000000000,0.0293382650141618
1.64200000000000,0.0159586132197438
1.64300000000000,0.00257610312663783
1.64400000000000,-0.0108068683644736
1.64500000000000,-0.0241879042702471
1.64600000000000,-0.0375646079540303
1.64700000000000,-0.0509345835550984
1.64800000000000,-0.0642954364177766
1.64900000000000,-0.0776447735203254
1.65000000000000,-0.0909802039035687
1.65100000000000,-0.104299339099117
1.65200000000000,-0.117599793557162
1.65300000000000,-0.130879185073747
1.65400000000000,-0.144135135217433
1.65500000000000,-0.157365269755294
1.65600000000000,-0.170567219078164
1.65700000000000,-0.183738618625032
1.65800000000000,-0.196877109306577
1.65900000000000,-0.209980337927681
1.66000000000000,-0.223045957608907
1.66100000000000,-0.236071628206838
1.66200000000000,-0.249055016733219
1.66300000000000,-0.261993797772808
1.66400000000000,-0.274885653899876
1.66500000000000,-0.287728276093262
1.66600000000000,-0.300519364149959
1.66700000000000,-0.313256627097078
1.66800000000000,-0.325937783602174
1.66900000000000,-0.338560562381862
1.67000000000000,-0.351122702608623
1.67100000000000,-0.363621954315715
1.67200000000000,-0.376056078800162
1.67300000000000,-0.388422849023737
1.67400000000000,-0.400720050011828
1.67500000000000,-0.412945479250157
1.67600000000000,-0.425096947079259
1.67700000000000,-0.437172277086678
1.67800000000000,-0.449169306496778
1.67900000000000,-0.461085886558099
1.68000000000000,-0.472919882928210
1.68100000000000,-0.484669176056009
1.68200000000000,-0.496331661561325
1.68300000000000,-0.507905250611843
1.68400000000000,-0.519387870297212
1.68500000000000,-0.530777464000336
1.68600000000000,-0.542071991765715
1.68700000000000,-0.553269430664829
1.68800000000000,-0.564367775158435
1.68900000000000,-0.575365037455798
1.69000000000000,-0.586259247870709
1.69100000000000,-0.597048455174257
1.69200000000000,-0.607730726944331
1.69300000000000,-0.618304149911713
1.69400000000000,-0.628766830302765
1.69500000000000,-0.639116894178613
1.69600000000000,-0.649352487770785
1.69700000000000,-0.659471777813236
1.69800000000000,-0.669472951870696
1.69900000000000,-0.679354218663282
1.70000000000000,-0.689113808387347
1.70100000000000,-0.698749973032449
1.70200000000000,-0.708260986694440
1.70300000000000,-0.717645145884574
1.70400000000000,-0.726900769834637
1.70500000000000,-0.736026200797965
1.70600000000000,-0.745019804346365
1.70700000000000,-0.753879969662847
1.70800000000000,-0.762605109830142
1.70900000000000,-0.771193662114925
1.71000000000000,-0.779644088247707
1.71100000000000,-0.787954874698356
1.71200000000000,-0.796124532947185
1.71300000000000,-0.804151599751544
1.71400000000000,-0.812034637407900
1.71500000000000,-0.819772234009350
1.71600000000000,-0.827363003698492
1.71700000000000,-0.834805586915649
1.71800000000000,-0.842098650642365
1.71900000000000,-0.849240888640175
1.72000000000000,-0.856231021684544
1.72100000000000,-0.863067797794001
1.72200000000000,-0.869749992454360
1.72300000000000,-0.876276408838054
1.72400000000000,-0.882645878018488
1.72500000000000,-0.888857259179405
1.72600000000000,-0.894909439819208
1.72700000000000,-0.900801335950226
1.72800000000000,-0.906531892292858
1.72900000000000,-0.912100082464580
1.73000000000000,-0.917504909163781
1.73100000000000,-0.922745404348385
1.73200000000000,-0.927820629409234
1.73300000000000,-0.932729675338195
1.73400000000000,-0.937471662890981
1.73500000000000,-0.942045742744618
1.73600000000000,-0.946451095649573
1.73700000000000,-0.950686932576477
1.73800000000000,-0.954752494857462
1.73900000000000,-0.958647054322027
1.74000000000000,-0.962369913427470
1.74100000000000,-0.965920405383812
1.74200000000000,-0.969297894273237
1.74300000000000,-0.972501775163979
1.74400000000000,-0.975531474218673
1.74500000000000,-0.978386448797132
1.74600000000000,-0.981066187553540
1.74700000000000,-0.983570210528037
1.74800000000000,-0.985898069232682
1.74900000000000,-0.988049346731779
1.75000000000000,-0.990023657716557
1.75100000000000,-0.991820648574178
1.75200000000000,-0.993439997451074
1.75300000000000,-0.994881414310590
1.75400000000000,-0.996144640984935
1.75500000000000,-0.997229451221422
1.75600000000000,-0.998135650722986
1.75700000000000,-0.998863077182990
1.75800000000000,-0.999411600314293
1.75900000000000,-0.999781121872585
1.76000000000000,-0.999971575673983
1.76100000000000,-0.999982927606885
1.76200000000000,-0.999815175638081
1.76300000000000,-0.999468349813117
1.76400000000000,-0.998942512250911
1.76500000000000,-0.998237757132631
1.76600000000000,-0.997354210684822
1.76700000000000,-0.996292031156803
1.76800000000000,-0.995051408792319
1.76900000000000,-0.993632565795469
1.77000000000000,-0.992035756290910
1.77100000000000,-0.990261266278337
1.77200000000000,-0.988309413581259
1.77300000000000,-0.986180547790079
1.77400000000000,-0.983875050199476
1.77500000000000,-0.981393333740114
1.77600000000000,-0.978735842904681
1.77700000000000,-0.975903053668282
1.77800000000000,-0.972895473403183
1.77900000000000,-0.969713640787942
1.78000000000000,-0.966358125710923
1.78100000000000,-0.962829529168230
1.78200000000000,-0.959128483156058
1.78300000000000,-0.955255650557510
1.78400000000000,-0.951211725023854
1.78500000000000,-0.946997430850298
1.78600000000000,-0.942613522846256
1.78700000000000,-0.938060786200163
1.78800000000000,-0.933340036338839
1.78900000000000,-0.928452118781435
1.79000000000000,-0.923397908988002
1.79100000000000,-0.918178312202693
1.79200000000000,-0.912794263291614
1.79300000000000,-0.907246726575398
1.79400000000000,-0.901536695656476
1.79500000000000,-0.895665193241127
1.79600000000000,-0.889633270956296
1.79700000000000,-0.883442009161245
1.79800000000000,-0.877092516754043
1.79900000000000,-0.870585930972976
1.80000000000000,-0.863923417192837
1.80100000000000,-0.857106168716211
1.80200000000000,-0.850135406559747
1.80300000000000,-0.843012379235460
1.80400000000000,-0.835738362527116
1.80500000000000,-0.828314659261729
1.80600000000000,-0.820742599076222
1.80700000000000,-0.813023538179270
1.80800000000000,-0.805158859108400
1.80900000000000,-0.797149970482368
1.81000000000000,-0.788998306748866
1.81100000000000,-0.780705327927600
1.81200000000000,-0.772272519348791
1.81300000000000,-0.763701391387141
1.81400000000000,-0.754993479191327
1.81500000000000,-0.746150342409017
1.81600000000000,-0.737173564907556
1.81700000000000,-0.728064754490265
1.81800000000000,-0.718825542608488
1.81900000000000,-0.709457584069371
1.82000000000000,-0.699962556739481
1.82100000000000,-0.690342161244299
1.82200000000000,-0.680598120663611
1.82300000000000,-0.670732180222894
1.82400000000000,-0.660746106980743
1.82500000000000,-0.650641689512378
1.82600000000000,-0.640420737589287
1.82700000000000,-0.630085081855092
1.82800000000000,-0.619636573497663
1.82900000000000,-0.609077083917569
1.83000000000000,-0.598408504392879
1.83100000000000,-0.587632745740437
1.83200000000000,-0.576751737973603
1.83300000000000,-0.565767429956603
1.83400000000000,-0.554681789055444
1.83500000000000,-0.543496800785564
1.83600000000000,-0.532214468456199
1.83700000000000,-0.520836812811595
1.83800000000000,-0.509365871669058
1.83900000000000,-0.497803699553982
1.84000000000000,-0.486152367331849
1.84100000000000,-0.474413961837358
1.84200000000000,-0.462590585500622
1.84300000000000,-0.450684355970626
1.84400000000000,-0.438697405735944
1.84500000000000,-0.426631881742786
1.84600000000000,-0.414489945010466
1.84700000000000,-0.402273770244354
1.84800000000000,-0.389985545446377
1.84900000000000,-0.377627471523107
1.85000000000000,-0.365201761891592
1.85100000000000,-0.352710642082901
1.85200000000000,-0.340156349343530
1.85300000000000,-0.327541132234677
1.85400000000000,-0.314867250229521
1.85500000000000,-0.302136973308531
1.85600000000000,-0.289352581552908
1.85700000000000,-0.276516364736180
1.85800000000000,-0.263630621914114
1.85900000000000,-0.250697661012925
1.86000000000000,-0.237719798415925
1.86100000000000,-0.224699358548619
1.86200000000000,-0.211638673462405
1.86300000000000,-0.198540082416873
1.86400000000000,-0.185405931460845
1.86500000000000,-0.172238573012166
1.86600000000000,-0.159040365436360
1.86700000000000,-0.145813672624269
1.86800000000000,-0.132560863568622
1.86900000000000,-0.119284311939753
1.87000000000000,-0.105986395660455
1.87100000000000,-0.0926694964800859
1.87200000000000,-0.0793359995479650
1.87300000000000,-0.0659882929861869
1.87400000000000,-0.0526287674618902
1.87500000000000,-0.0392598157590716
1.87600000000000,-0.0258838323500223
1.87700000000000,-0.0125032129664608
1.87800000000000,0.000879645829562552
1.87900000000000,0.0142623470748924
1.88000000000000,0.0276424938346024
1.88100000000000,0.0410176896312890
1.88200000000000,0.0543855388743004
1.88300000000000,0.0677436472888038
1.88400000000000,0.0810896223446166
1.88500000000000,0.0944210736847250
1.88600000000000,0.107735613553417
1.88700000000000,0.121030857223934
1.88800000000000,0.134304423425609
1.88900000000000,0.147553934770361
1.89000000000000,0.160777018178493
1.89100000000000,0.173971305303739
1.89200000000000,0.187134432957457
1.89300000000000,0.200264043531875
1.89400000000000,0.213357785422358
1.89500000000000,0.226413313448611
1.89600000000000,0.239428289274703
1.89700000000000,0.252400381827891
1.89800000000000,0.265327267716112
1.89900000000000,0.278206631644140
1.90000000000000,0.291036166828267
1.90100000000000,0.303813575409455
1.90200000000000,0.316536568864897
1.90300000000000,0.329202868417921
1.90400000000000,0.341810205446128
1.90500000000000,0.354356321887718
1.90600000000000,0.366838970645915
1.90700000000000,0.379255915991457
1.90800000000000,0.391604933963015
1.90900000000000,0.403883812765535
1.91000000000000,0.416090353166360
1.91100000000000,0.428222368889157
1.91200000000000,0.440277687005479
1.91300000000000,0.452254148323948
1.91400000000000,0.464149607776993
1.91500000000000,0.475961934805040
1.91600000000000,0.487689013738112
1.91700000000000,0.499328744174757
1.91800000000000,0.510879041358246
1.91900000000000,0.522337836549970
1.92000000000000,0.533703077399966
1.92100000000000,0.544972728314496
1.92200000000000,0.556144770820652
1.92300000000000,0.567217203927870
1.92400000000000,0.578188044486325
1.92500000000000,0.589055327542113
1.92600000000000,0.599817106689216
1.92700000000000,0.610471454418090
1.92800000000000,0.621016462460910
1.92900000000000,0.631450242133343
1.93000000000000,0.641770924672838
1.93100000000000,0.651976661573329
1.93200000000000,0.662065624916303
1.93300000000000,0.672036007698214
1.93400000000000,0.681886024154120
1.93500000000000,0.691613910077524
1.93600000000000,0.701217923136351
1.93700000000000,0.710696343185024
1.93800000000000,0.720047472572549
1.93900000000000,0.729269636446575
1.94000000000000,0.738361183053367
1.94100000000000,0.747320484033656
1.94200000000000,0.756145934714282
1.94300000000000,0.764835954395617
1.94400000000000,0.773388986634648
1.94500000000000,0.781803499523780
1.94600000000000,0.790077985965193
1.94700000000000,0.798210963940783
1.94800000000000,0.806200976777587
1.94900000000000,0.814046593408702
1.95000000000000,0.821746408629587
1.95100000000000,0.829299043349754
1.95200000000000,0.836703144839757
1.95300000000000,0.843957386973492
1.95400000000000,0.851060470465708
1.95500000000000,0.858011123104715
1.95600000000000,0.864808099980255
1.95700000000000,0.871450183706464
1.95800000000000,0.877936184639925
1.95900000000000,0.884264941092724
1.96000000000000,0.890435319540543
1.96100000000000,0.896446214825656
1.96200000000000,0.902296550354887
1.96300000000000,0.907985278292424
1.96400000000000,0.913511379747504
1.96500000000000,0.918873864956898
1.96600000000000,0.924071773462186
1.96700000000000,0.929104174281775
1.96800000000000,0.933970166077661
1.96900000000000,0.938668877316846
1.97000000000000,0.943199466427449
1.97100000000000,0.947561121949425
1.97200000000000,0.951753062679918
1.97300000000000,0.955774537813169
1.97400000000000,0.959624827074996
1.97500000000000,0.963303240851792
1.97600000000000,0.966809120314052
1.97700000000000,0.970141837534367
1.97800000000000,0.973300795599886
1.97900000000000,0.976285428719236
1.98000000000000,0.979095202323853
1.98100000000000,0.981729613163732
1.98200000000000,0.984188189397554
1.98300000000000,0.986470490677208
1.98400000000000,0.988576108226649
1.98500000000000,0.990504664915122
1.98600000000000,0.992255815324701
1.98700000000000,0.993829245812161
1.98800000000000,0.995224674565151
1.98900000000000,0.996441851652670
1.99000000000000,0.997480559069831
1.99100000000000,0.998340610776906
1.99200000000000,0.999021852732650
1.99300000000000,0.999524162921886
1.99400000000000,0.999847451377365
1.99500000000000,0.999991660195873
1.99600000000000,0.999956763548609
1.99700000000000,0.999742767685803
1.99800000000000,0.999349710935605
1.99900000000000,0.998777663697214
2.00000000000000,0.998026728428272
2.00100000000000,0.997097039626511
2.00200000000000,0.995988763805666
2.00300000000000,0.994702099465649
2.00400000000000,0.993237277056998
2.00500000000000,0.991594558939602
2.00600000000000,0.989774239335707
2.00700000000000,0.987776644277223
2.00800000000000,0.985602131547327
2.00900000000000,0.983251090616382
2.01000000000000,0.980723942572183
2.01100000000000,0.978021140044530
2.01200000000000,0.975143167124166
2.01300000000000,0.972090539276071
2.01400000000000,0.968863803247137
2.01500000000000,0.965463536968244
2.01600000000000,0.961890349450745
2.01700000000000,0.958144880677394
2.01800000000000,0.954227801487713
2.01900000000000,0.950139813457849
2.02000000000000,0.945881648774903
2.02100000000000,0.941454070105809
2.02200000000000,0.936857870460718
2.02300000000000,0.932093873050974
2.02400000000000,0.927162931141669
2.02500000000000,0.922065927898816
2.02600000000000,0.916803776231167
2.02700000000000,0.911377418626709
2.02800000000000,0.905787826983852
2.02900000000000,0.900036002437361
2.03000000000000,0.894122975179042
2.03100000000000,0.888049804273226
2.03200000000000,0.881817577467094
2.03300000000000,0.875427410995836
2.03400000000000,0.868880449382740
2.03500000000000,0.862177865234193
2.03600000000000,0.855320859029668
2.03700000000000,0.848310658906692
2.03800000000000,0.841148520440896
2.03900000000000,0.833835726421122
2.04000000000000,0.826373586619677
2.04100000000000,0.818763437557729
2.04200000000000,0.811006642265937
2.04300000000000,0.803104590040324
2.04400000000000,0.795058696193438
2.04500000000000,0.786870401800860
2.04600000000000,0.778541173443099
2.04700000000000,0.770072502942928
2.04800000000000,0.761465907098167
2.04900000000000,0.752722927410031
2.05000000000000,0.743845129807025
2.05100000000000,0.734834104364491
2.05200000000000,0.725691465019794
2.05300000000000,0.716418849283272
2.05400000000000,0.707017917944929
2.05500000000000,0.697490354776999
2.05600000000000,0.687837866232353
2.05700000000000,0.678062181138863
2.05800000000000,0.668165050389761
2.05900000000000,0.658148246630049
2.06000000000000,0.648013563938990
2.06100000000000,0.637762817508787
2.06200000000000,0.627397843319460
2.06300000000000,0.616920497810027
2.06400000000000,0.606332657545985
2.06500000000000,0.595636218883207
2.06600000000000,0.584833097628306
2.06700000000000,0.573925228695479
2.06800000000000,0.562914565759966
2.06900000000000,0.551803080908124
2.07000000000000,0.540592764284230
2.07100000000000,0.529285623733999
2.07200000000000,0.517883684444999
2.07300000000000,0.506388988583906
2.07400000000000,0.494803594930751
2.07500000000000,0.483129578510163
2.07600000000000,0.471369030219729
2.07700000000000,0.459524056455491
2.07800000000000,0.447596778734695
2.07900000000000,0.435589333315779
2.08000000000000,0.423503870815787
2.08100000000000,0.411342555825157
2.08200000000000,0.399107566520048
2.08300000000000,0.386801094272189
2.08400000000000,0.374425343256409
2.08500000000000,0.361982530055838
2.08600000000000,0.349474883264924
2.08700000000000,0.336904643090253
2.08800000000000,0.324274060949314
2.08900000000000,0.311585399067280
2.09000000000000,0.298840930071797
2.09100000000000,0.286042936585958
2.09200000000000,0.273193710819460
2.09300000000000,0.260295554158069
2.09400000000000,0.247350776751404
2.09500000000000,0.234361697099191
2.09600000000000,0.221330641635982
2.09700000000000,0.208259944314512
2.09800000000000,0.195151946187632
2.09900000000000,0.182008994989031
2.10000000000000,0.168833444712735
2.10100000000000,0.155627655191500
2.10200000000000,0.142393991674130
2.10300000000000,0.129134824401862
2.10400000000000,0.115852528183831
2.10500000000000,0.102549481971728
2.10600000000000,0.0892280684337121
2.10700000000000,0.0758906735276575
2.10800000000000,0.0625396860738102
2.10900000000000,0.0491774973269462
2.11000000000000,0.0358065005480607
2.11100000000000,0.0224290905757285
2.11200000000000,0.00904766339718627
2.11300000000000,-0.00433538428084110
2.11400000000000,-0.0177176554613717
2.11500000000000,-0.0310967532865069
2.11600000000000,-0.0444702814667073
2.11700000000000,-0.0578358447100066
2.11800000000000,-0.0711910491510103
2.11900000000000,-0.0845335027796613
2.12000000000000,-0.0978608158696507
2.12100000000000,-0.111170601406453
2.12200000000000,-0.124460475514856
2.12300000000000,-0.137728057885917
2.12400000000000,-0.150970972203290
2.12500000000000,-0.164186846568860
2.12600000000000,-0.177373313927552
2.12700000000000,-0.190528012491297
2.12800000000000,-0.203648586162022
2.12900000000000,-0.216732684953676
2.13000000000000,-0.229777965413102
2.13100000000000,-0.242782091039792
2.13200000000000,-0.255742732704333
2.13300000000000,-0.268657569065609
2.13400000000000,-0.281524286986548
2.13500000000000,-0.294340581948419
2.13600000000000,-0.307104158463603
2.13700000000000,-0.319812730486718
2.13800000000000,-0.332464021824069
2.13900000000000,-0.345055766541331
2.14000000000000,-0.357585709369394
2.14100000000000,-0.370051606108294
2.14200000000000,-0.382451224029173
2.14300000000000,-0.394782342274159
2.14400000000000,-0.407042752254161
2.14500000000000,-0.419230258044423
2.14600000000000,-0.431342676777845
2.14700000000000,-0.443377839035924
2.14800000000000,-0.455333589237351
2.14900000000000,-0.467207786024056
2.15000000000000,-0.478998302644759
2.15100000000000,-0.490703027335872
2.15200000000000,-0.502319863699746
2.15300000000000,-0.513846731080144
2.15400000000000,-0.525281564934891
2.15500000000000,-0.536622317205664
2.15600000000000,-0.547866956684810
2.15700000000000,-0.559013469379143
2.15800000000000,-0.570059858870658
2.15900000000000,-0.581004146674123
2.16000000000000,-0.591844372591427
2.16100000000000,-0.602578595062667
2.16200000000000,-0.613204891513888
2.16300000000000,-0.623721358701447
2.16400000000000,-0.634126113052876
2.16500000000000,-0.644417291004268
2.16600000000000,-0.654593049334024
2.16700000000000,-0.664651565493010
2.16800000000000,-0.674591037930980
2.16900000000000,-0.684409686419249
2.17000000000000,-0.694105752369536
2.17100000000000,-0.703677499148951
2.17200000000000,-0.713123212391029
2.17300000000000,-0.722441200302800
2.17400000000000,-0.731629793967771
2.17500000000000,-0.740687347644872
2.17600000000000,-0.749612239063206
2.17700000000000,-0.758402869712603
2.17800000000000,-0.767057665129937
2.17900000000000,-0.775575075181115
2.18000000000000,-0.783953574338724
2.18100000000000,-0.792191661955248
2.18200000000000,-0.800287862531867
2.18300000000000,-0.808240725982711
2.18400000000000,-0.816048827894591
2.18500000000000,-0.823710769782109
2.18600000000000,-0.831225179338152
2.18700000000000,-0.838590710679672
2.18800000000000,-0.845806044588747
2.18900000000000,-0.852869888748854
2.19000000000000,-0.859780977976349
2.19100000000000,-0.866538074447051
2.19200000000000,-0.873139967917957
2.19300000000000,-0.879585475943999
2.19400000000000,-0.885873444089833
2.19500000000000,-0.892002746136603
2.19600000000000,-0.897972284283657
2.19700000000000,-0.903780989345166
2.19800000000000,-0.909427820941626
2.19900000000000,-0.914911767686204
2.20000000000000,-0.920231847365869
2.20100000000000,-0.925387107117327
2.20200000000000,-0.930376623597677
2.20300000000000,-0.935199503149795
2.20400000000000,-0.939854881962386
2.20500000000000,-0.944341926224707
2.20600000000000,-0.948659832275902
2.20700000000000,-0.952807826748949
2.20800000000000,-0.956785166709168
2.20900000000000,-0.960591139787293
2.21000000000000,-0.964225064307057
2.21100000000000,-0.967686289407290
2.21200000000000,-0.970974195158485
2.21300000000000,-0.974088192673843
2.21400000000000,-0.977027724214736
2.21500000000000,-0.979792263290607
2.21600000000000,-0.982381314753268
2.21700000000000,-0.984794414885584
2.21800000000000,-0.987031131484526
2.21900000000000,-0.989091063938587
2.22000000000000,-0.990973843299527
2.22100000000000,-0.992679132348459
2.22200000000000,-0.994206625656247
2.22300000000000,-0.995556049638208
2.22400000000000,-0.996727162603117
2.22500000000000,-0.997719754796490
2.22600000000000,-0.998533648438159
2.22700000000000,-0.999168697754108
2.22800000000000,-0.999624789002584
2.22900000000000,-0.999901840494471
2.23000000000000,-0.999999802607918
2.23100000000000,-0.999918657797230
2.23200000000000,-0.999658420596006
2.23300000000000,-0.999219137614541
2.23400000000000,-0.998600887531472
2.23500000000000,-0.997803781079695
2.23600000000000,-0.996827961026520
2.23700000000000,-0.995673602148111
2.23800000000000,-0.994340911198176
2.23900000000000,-0.992830126870940
2.24000000000000,-0.991141519758390
2.24100000000000,-0.989275392301813
2.24200000000000,-0.987232078737621
2.24300000000000,-0.985011945037495
2.24400000000000,-0.982615388842833
2.24500000000000,-0.980042839393526
2.24600000000000,-0.977294757451085
2.24700000000000,-0.974371635216112
2.24800000000000,-0.971273996240143
2.24900000000000,-0.968002395331874
2.25000000000000,-0.964557418457799
2.25100000000000,-0.960939682637250
2.25200000000000,-0.957149835831891
2.25300000000000,-0.953188556829658
2.25400000000000,-0.949056555123191
2.25500000000000,-0.944754570782753
2.25600000000000,-0.940283374323677
2.25700000000000,-0.935643766568366
2.25800000000000,-0.930836578502861
2.25900000000000,-0.925862671127997
2.26000000000000,-0.920722935305202
2.26100000000000,-0.915418291596930
2.26200000000000,-0.909949690101790
2.26300000000000,-0.904318110284367
2.26400000000000,-0.898524560799798
2.26500000000000,-0.892570079313118
2.26600000000000,-0.886455732313402
2.26700000000000,-0.880182614922747
2.26800000000000,-0.873751850700136
2.26900000000000,-0.867164591440198
2.27000000000000,-0.860422016966911
2.27100000000000,-0.853525334922286
2.27200000000000,-0.846475780550073
2.27300000000000,-0.839274616474526
2.27400000000000,-0.831923132474245
2.27500000000000,-0.824422645251179
2.27600000000000,-0.816774498194783
2.27700000000000,-0.808980061141428
2.27800000000000,-0.801040730129035
2.27900000000000,-0.792957927147040
2.28000000000000,-0.784733099881708
2.28100000000000,-0.776367721456847
2.28200000000000,-0.767863290169950
2.28300000000000,-0.759221329223848
2.28400000000000,-0.750443386453885
2.28500000000000,-0.741531034050707
2.28600000000000,-0.732485868278652
2.28700000000000,-0.723309509189859
2.28800000000000,-0.714003600334106
2.28900000000000,-0.704569808464432
2.29000000000000,-0.695009823238616
2.29100000000000,-0.685325356916541
2.29200000000000,-0.675518144053533
2.29300000000000,-0.665589941189660
2.29400000000000,-0.655542526535154
2.29500000000000,-0.645377699651900
2.29600000000000,-0.635097281131142
2.29700000000000,-0.624703112267380
2.29800000000000,-0.614197054728596
2.29900000000000,-0.603580990222809
2.30000000000000,-0.592856820161063
2.30100000000000,-0.582026465316842
2.30200000000000,-0.571091865482075
2.30300000000000,-0.560054979119689
2.30400000000000,-0.548917783012849
2.30500000000000,-0.537682271910883
2.30600000000000,-0.526350458172023
2.30700000000000,-0.514924371402971
2.30800000000000,-0.503406058095393
2.30900000000000,-0.491797581259363
2.31000000000000,-0.480101020053864
2.31100000000000,-0.468318469414417
2.31200000000000,-0.456452039677841
2.31300000000000,-0.444503856204284
2.31400000000000,-0.432476058996559
2.31500000000000,-0.420370802316857
2.31600000000000,-0.408190254300894
2.31700000000000,-0.395936596569593
2.31800000000000,-0.383612023838322
2.31900000000000,-0.371218743523842
2.32000000000000,-0.358758975348903
2.32100000000000,-0.346234950944700
2.32200000000000,-0.333648913451160
2.32300000000000,-0.321003117115199
2.32400000000000,-0.308299826886944
2.32500000000000,-0.295541318014084
2.32600000000000,-0.282729875634351
2.32700000000000,-0.269867794366236
2.32800000000000,-0.256957377898007
2.32900000000000,-0.244000938575105
2.33000000000000,-0.231000796985979
2.33100000000000,-0.217959281546468
2.33200000000000,-0.204878728082746
2.33300000000000,-0.191761479412970
2.33400000000000,-0.178609884927676
2.33500000000000,-0.165426300168954
2.33600000000000,-0.152213086408589
2.33700000000000,-0.138972610225120
2.33800000000000,-0.125707243079984
2.33900000000000,-0.112419360892754
2.34000000000000,-0.0991113436156067
2.34100000000000,-0.0857855748070501
2.34200000000000,-0.0724444412050251
2.34300000000000,-0.0590903322994075
2.34400000000000,-0.0457256399040330
2.34500000000000,-0.0323527577283210
2.34600000000000,-0.0189740809485447
2.34700000000000,-0.00559200577882053
2.34800000000000,0.00779107095805611
2.34900000000000,0.0211727522599058
2.35000000000000,0.0345506413744707
2.35100000000000,0.0479223422287070
2.35200000000000,0.0612854598579386
2.35300000000000,0.0746376008347976
2.35400000000000,0.0879763736979040
2.35500000000000,0.101299389380210
2.35600000000000,0.114604261636890
2.35700000000000,0.127888607472720
2.35800000000000,0.141150047568912
2.35900000000000,0.154386206709252
2.36000000000000,0.167594714205521
2.36100000000000,0.180773204322102
2.36200000000000,0.193919316699700
2.36300000000000,0.207030696778097
2.36400000000000,0.220104996217877
2.36500000000000,0.233139873321012
2.36600000000000,0.246132993450301
2.36700000000000,0.259082029447502
2.36800000000000,0.271984662050151
2.36900000000000,0.284838580306952
2.37000000000000,0.297641481991688
2.37100000000000,0.310391074015567
2.37200000000000,0.323085072837930
2.37300000000000,0.335721204875237
2.37400000000000,0.348297206908302
2.37500000000000,0.360810826487642
2.37600000000000,0.373259822336895
2.37700000000000,0.385641964754267
2.37800000000000,0.397955036011882
2.37900000000000,0.410196830752988
2.38000000000000,0.422365156386941
2.38100000000000,0.434457833481940
2.38200000000000,0.446472696155356
2.38300000000000,0.458407592461672
2.38400000000000,0.470260384777892
2.38500000000000,0.482028950186426
2.38600000000000,0.493711180855303
2.38700000000000,0.505304984415716
2.38800000000000,0.516808284336753
2.38900000000000,0.528219020297343
2.39000000000000,0.539535148555262
2.39100000000000,0.550754642313188
2.39200000000000,0.561875492081699
2.39300000000000,0.572895706039217
2.39400000000000,0.583813310388716
2.39500000000000,0.594626349711286
2.39600000000000,0.605332887316322
2.39700000000000,0.615931005588437
2.39800000000000,0.626418806330884
2.39900000000000,0.636794411105557
2.40000000000000,0.647055961569442
2.40100000000000,0.657201619807431
2.40200000000000,0.667229568661518
2.40300000000000,0.677138012056281
2.40400000000000,0.686925175320554
2.40500000000000,0.696589305505278
2.40600000000000,0.706128671697475
2.40700000000000,0.715541565330280
2.40800000000000,0.724826300488930
2.40900000000000,0.733981214212736
2.41000000000000,0.743004666792947
2.41100000000000,0.751895042066396
2.41200000000000,0.760650747705010
2.41300000000000,0.769270215500964
2.41400000000000,0.777751901647598
2.41500000000000,0.786094287015886
2.41600000000000,0.794295877426558
2.41700000000000,0.802355203917689
2.41800000000000,0.810270823007810
2.41900000000000,0.818041316954463
2.42000000000000,0.825665294008096
2.42100000000000,0.833141388661366
2.42200000000000,0.840468261893683
2.42300000000000,0.847644601411069
2.42400000000000,0.854669121881167
2.42500000000000,0.861540565163472
2.42600000000000,0.868257700534677
2.42700000000000,0.874819324909084
2.42800000000000,0.881224263054101
2.42900000000000,0.887471367800733
2.43000000000000,0.893559520249048
2.43100000000000,0.899487629968566
2.43200000000000,0.905254635193580
2.43300000000000,0.910859503013322
2.43400000000000,0.916301229556954
2.43500000000000,0.921578840173386
2.43600000000000,0.926691389605824
2.43700000000000,0.931637962161081
2.43800000000000,0.936417671873590
2.43900000000000,0.941029662664079
2.44000000000000,0.945473108492899
2.44100000000000,0.949747213507974
2.44200000000000,0.953851212187357
2.44300000000000,0.957784369476318
2.44400000000000,0.961545980919013
2.44500000000000,0.965135372784656
2.44600000000000,0.968551902188185
2.44700000000000,0.971794957205404
2.44800000000000,0.974863956982589
2.44900000000000,0.977758351840524
2.45000000000000,0.980477623372943
2.45100000000000,0.983021284539393
2.45200000000000,0.985388879752454
2.45300000000000,0.987579984959349
2.45400000000000,0.989594207717883
2.45500000000000,0.991431187266745
2.45600000000000,0.993090594590110
2.45700000000000,0.994572132476581
2.45800000000000,0.995875535572410
2.45900000000000,0.997000570429032
2.46000000000000,0.997947035544875
2.46100000000000,0.998714761401449
2.46200000000000,0.999303610493711
2.46300000000000,0.999713477354690
2.46400000000000,0.999944288574378
2.46500000000000,0.999996002812880
2.46600000000000,0.999868610807817
2.46700000000000,0.999562135375981
2.46800000000000,0.999076631409258
2.46900000000000,0.998412185864784
2.47000000000000,0.997568917749383
2.47100000000000,0.996546978098242
2.47200000000000,0.995346549947864
2.47300000000000,0.993967848303286
2.47400000000000,0.992411120099569
2.47500000000000,0.990676644157566
2.47600000000000,0.988764731133989
2.47700000000000,0.986675723465768
2.47800000000000,0.984409995308714
2.47900000000000,0.981967952470509
2.48000000000000,0.979350032338020
2.48100000000000,0.976556703798964
2.48200000000000,0.973588467157919
2.48300000000000,0.970445854046728
2.48400000000000,0.967129427329269
2.48500000000000,0.963639781000644
2.48600000000000,0.959977540080804
2.48700000000000,0.956143360502580
2.48800000000000,0.952137928994221
2.48900000000000,0.947961962956383
2.49000000000000,0.943616210333650
2.49100000000000,0.939101449480556
2.49200000000000,0.934418489022192
2.49300000000000,0.929568167709371
2.49400000000000,0.924551354268390
2.49500000000000,0.919368947245456
2.49600000000000,0.914021874845729
2.49700000000000,0.908511094767094
2.49800000000000,0.902837594028609
2.49900000000000,0.897002388793747
2.50000000000000,0.891006524188366
2.50100000000000,0.884851074113559
2.50200000000000,0.878537141053266
2.50300000000000,0.872065855876836
2.50400000000000,0.865438377636488
2.50500000000000,0.858655893359693
2.50600000000000,0.851719617836593
2.50700000000000,0.844630793402396
2.50800000000000,0.837390689714910
2.50900000000000,0.830000603527083
2.51000000000000,0.822461858454779
2.51100000000000,0.814775804739715
2.51200000000000,0.806943819007594
2.51300000000000,0.798967304021576
2.51400000000000,0.790847688430997
2.51500000000000,0.782586426515524
2.51600000000000,0.774184997924660
2.51700000000000,0.765644907412739
2.51800000000000,0.756967684569402
2.51900000000000,0.748154883545645
2.52000000000000,0.739208082775473
2.52100000000000,0.730128884693160
2.52200000000000,0.720918915446279
2.52300000000000,0.711579824604403
2.52400000000000,0.702113284863718
2.52500000000000,0.692520991747358
2.52600000000000,0.682804663301788
2.52700000000000,0.672966039789049
2.52800000000000,0.663006883375077
2.52900000000000,0.652928977814109
2.53000000000000,0.642734128129151
2.53100000000000,0.632424160288753
2.53200000000000,0.622000920879893
2.53300000000000,0.611466276777300
2.53400000000000,0.600822114809036
2.53500000000000,0.590070341418601
2.53600000000000,0.579212882323428
2.53700000000000,0.568251682170000
2.53800000000000,0.557188704185552
2.53900000000000,0.546025929826436
2.54000000000000,0.534765358423232
2.54100000000000,0.523409006822634
2.54200000000000,0.511958909026260
2.54300000000000,0.500417115826307
2.54400000000000,0.488785694438255
2.54500000000000,0.477066728130636
2.54600000000000,0.465262315851856
2.54700000000000,0.453374571854330
2.54800000000000,0.441405625315723
2.54900000000000,0.429357619957670
2.55000000000000,0.417232713661766
2.55100000000000,0.405033078083125
2.55200000000000,0.392760898261376
2.55300000000000,0.380418372229319
2.55400000000000,0.368007710619292
2.55500000000000,0.355531136267139
2.55600000000000,0.342990883814173
2.55700000000000,0.330389199306867
2.55800000000000,0.317728339794631
2.55900000000000,0.305010572925505
2.56000000000000,0.292238176540056
2.56100000000000,0.279413438263353
2.56200000000000,0.266538655095282
2.56300000000000,0.253616132999118
2.56400000000000,0.240648186488487
2.56500000000000,0.227637138212875
2.56600000000000,0.214585318541563
2.56700000000000,0.201495065146303
2.56800000000000,0.188368722582565
2.56900000000000,0.175208641869663
2.57000000000000,0.162017180069646
2.57100000000000,0.148796699865114
2.57200000000000,0.135549569136095
2.57300000000000,0.122278160535880
2.57400000000000,0.108984851066127
2.57500000000000,0.0956720216510617
2.57600000000000,0.0823420567110902
2.57700000000000,0.0689973437357030
2.57800000000000,0.0556402728558736
2.57900000000000,0.0422732364159477
2.58000000000000,0.0288986285451725
2.58100000000000,0.0155188447289122
2.58200000000000,0.00213628137955058
2.58300000000000,-0.0112466645926664
2.58400000000000,-0.0246275962089980
2.58500000000000,-0.0380041168514389
2.58600000000000,-0.0513738306920624
2.58700000000000,-0.0647343431220803
2.58800000000000,-0.0780832611807200
2.58900000000000,-0.0914181939838697
2.59000000000000,-0.104736753152246
2.59100000000000,-0.118036553239225
2.59200000000000,-0.131315212158045
2.59300000000000,-0.144570351608480
2.59400000000000,-0.157799597502799
2.59500000000000,-0.171000580391001
2.59600000000000,-0.184170935885185
2.59700000000000,-0.197308305083009
2.59800000000000,-0.210410334990234
2.59900000000000,-0.223474678942115
2.60000000000000,-0.236498997023726
2.60100000000000,-0.249480956489052
2.60200000000000,-0.262418232178816
2.60300000000000,-0.275308506936894
2.60400000000000,-0.288149472025373
2.60500000000000,-0.300938827538045
2.60600000000000,-0.313674282812317
2.60700000000000,-0.326353556839539
2.60800000000000,-0.338974378673462
2.60900000000000,-0.351534487837083
2.61000000000000,-0.364031634727425
2.61100000000000,-0.376463581018519
2.61200000000000,-0.388828100062251
2.61300000000000,-0.401122977287218
2.61400000000000,-0.413346010595347
2.61500000000000,-0.425495010756301
2.61600000000000,-0.437567801799600
2.61700000000000,-0.449562221404342
2.61800000000000,-0.461476121286513
2.61900000000000,-0.473307367583716
2.62000000000000,-0.485053841237407
2.62100000000000,-0.496713438372412
2.62200000000000,-0.508284070673732
2.62300000000000,-0.519763665760596
2.62400000000000,-0.531150167557626
2.62500000000000,-0.542441536663118
2.62600000000000,-0.553635750714272
2.62700000000000,-0.564730804749456
2.62800000000000,-0.575724711567265
2.62900000000000,-0.586615502082481
2.63000000000000,-0.597401225678742
2.63100000000000,-0.608079950557864
2.63200000000000,-0.618649764085921
2.63300000000000,-0.629108773135737
2.63400000000000,-0.639455104426014
2.63500000000000,-0.649686904856801
2.63600000000000,-0.659802341841444
2.63700000000000,-0.669799603634770
2.63800000000000,-0.679676899657627
2.63900000000000,-0.689432460817550
2.64000000000000,-0.699064539825638
2.64100000000000,-0.708571411509514
2.64200000000000,-0.717951373122289
2.64300000000000,-0.727202744647567
2.64400000000000,-0.736323869100314
2.64500000000000,-0.745313112823675
2.64600000000000,-0.754168865781521
2.64700000000000,-0.762889541846875
2.64800000000000,-0.771473579085967
2.64900000000000,-0.779919440037976
2.65000000000000,-0.788225611990438
2.65100000000000,-0.796390607250140
2.65200000000000,-0.804412963409615
2.65300000000000,-0.812291243609039
2.65400000000000,-0.820024036793596
2.65500000000000,-0.827609957966218
2.65600000000000,-0.835047648435621
2.65700000000000,-0.842335776059687
2.65800000000000,-0.849473035484029
2.65900000000000,-0.856458148375821
2.66000000000000,-0.863289863652723
2.66100000000000,-0.869966957706995
2.66200000000000,-0.876488234624607
2.66300000000000,-0.882852526399488
2.66400000000000,-0.889058693142690
2.66500000000000,-0.895105623286552
2.66600000000000,-0.900992233783808
2.66700000000000,-0.906717470301543
2.66800000000000,-0.912280307410062
2.66900000000000,-0.917679748766512
2.67000000000000,-0.922914827293378
2.67100000000000,-0.927984605351656
2.67200000000000,-0.932888174908816
2.67300000000000,-0.937624657701427
2.67400000000000,-0.942193205392451
2.67500000000000,-0.946592999723208
2.67600000000000,-0.950823252659909
2.67700000000000,-0.954883206534814
2.67800000000000,-0.958772134181926
2.67900000000000,-0.962489339067243
2.68000000000000,-0.966034155413496
2.68100000000000,-0.969405948319410
2.68200000000000,-0.972604113873410
2.68300000000000,-0.975628079261785
2.68400000000000,-0.978477302871293
2.68500000000000,-0.981151274386151
2.68600000000000,-0.983649514879455
2.68700000000000,-0.985971576898944
2.68800000000000,-0.988117044547151
2.68900000000000,-0.990085533555889
2.69000000000000,-0.991876691355077
2.69100000000000,-0.993490197135888
2.69200000000000,-0.994925761908206
2.69300000000000,-0.996183128552390
2.69400000000000,-0.997262071865324
2.69500000000000,-0.998162398600751
2.69600000000000,-0.998883947503888
2.69700000000000,-0.999426589340303
2.69800000000000,-0.999790226919068
2.69900000000000,-0.999974795110162
2.70000000000000,-0.999980260856137
2.70100000000000,-0.999806623178040
2.70200000000000,-0.999453913175587
2.70300000000000,-0.998922194021595
2.70400000000000,-0.998211560950665
2.70500000000000,-0.997322141242125
2.70600000000000,-0.996254094197235
2.70700000000000,-0.995007611110652
2.70800000000000,-0.993582915236175
2.70900000000000,-0.991980261746749
2.71000000000000,-0.990199937688767
2.71100000000000,-0.988242261930658
2.71200000000000,-0.986107585105776
2.71300000000000,-0.983796289549594
2.71400000000000,-0.981308789231233
2.71500000000000,-0.978645529679314
2.71600000000000,-0.975806987902153
2.71700000000000,-0.972793672302342
2.71800000000000,-0.969606122585672
2.71900000000000,-0.966244909664484
2.72000000000000,-0.962710635555401
2.72100000000000,-0.959003933271518
2.72200000000000,-0.955125466709003
2.72300000000000,-0.951075930528218
2.72400000000000,-0.946856050029272
2.72500000000000,-0.942466581022129
2.72600000000000,-0.937908309691240
2.72700000000000,-0.933182052454719
2.72800000000000,-0.928288655818134
2.72900000000000,-0.923228996222872
2.73000000000000,-0.918003979889188
2.73100000000000,-0.912614542653867
2.73200000000000,-0.907061649802622
2.73300000000000,-0.901346295897213
2.73400000000000,-0.895469504597295
2.73500000000000,-0.889432328477097
2.73600000000000,-0.883235848836869
2.73700000000000,-0.876881175509243
2.73800000000000,-0.870369446660437
2.73900000000000,-0.863701828586411
2.74000000000000,-0.856879515503961
2.74100000000000,-0.849903729336835
2.74200000000000,-0.842775719496893
2.74300000000000,-0.835496762660295
2.74400000000000,-0.828068162538878
2.74500000000000,-0.820491249646609
2.74600000000000,-0.812767381061336
2.74700000000000,-0.804897940181665
2.74800000000000,-0.796884336479232
2.74900000000000,-0.788728005246226
2.75000000000000,-0.780430407338332
2.75100000000000,-0.771993028913091
2.75200000000000,-0.763417381163684
2.75300000000000,-0.754705000048324
2.75400000000000,-0.745857446015089
2.75500000000000,-0.736876303722490
2.75600000000000,-0.727763181755606
2.75700000000000,-0.718519712338014
2.75800000000000,-0.709147551039411
2.75900000000000,-0.699648376479107
2.76000000000000,-0.690023890025379
2.76100000000000,-0.680275815490733
2.76200000000000,-0.670405898823166
2.76300000000000,-0.660415907793430
2.76400000000000,-0.650307631678456
2.76500000000000,-0.640082880940839
2.76600000000000,-0.629743486904590
2.76700000000000,-0.619291301427148
2.76800000000000,-0.608728196567657
2.76900000000000,-0.598056064251735
2.77000000000000,-0.587276815932534
2.77100000000000,-0.576392382248458
2.77200000000000,-0.565404712677318
2.77300000000000,-0.554315775187216
2.77400000000000,-0.543127555884022
2.77500000000000,-0.531842058655666
2.77600000000000,-0.520461304813268
2.77700000000000,-0.508987332729026
2.77800000000000,-0.497422197471207
2.77900000000000,-0.485767970436009
2.78000000000000,-0.474026738976615
2.78100000000000,-0.462200606029280
2.78200000000000,-0.450291689736730
2.78300000000000,-0.438302123068742
2.78400000000000,-0.426234053440153
2.78500000000000,-0.414089642326227
2.78600000000000,-0.401871064875502
2.78700000000000,-0.389580509520246
2.78800000000000,-0.377220177584447
2.78900000000000,-0.364792282889589
2.79000000000000,-0.352299051358090
2.79100000000000,-0.339742720614672
2.79200000000000,-0.327125539585562
2.79300000000000,-0.314449768095678
2.79400000000000,-0.301717676463926
2.79500000000000,-0.288931545096510
2.79600000000000,-0.276093664078559
2.79700000000000,-0.263206332763893
2.79800000000000,-0.250271859363247
2.79900000000000,-0.237292560530831
2.80000000000000,-0.224270760949383
2.80100000000000,-0.211208792913845
2.80200000000000,-0.198108995913584
2.80300000000000,-0.184973716213424
2.80400000000000,-0.171805306433360
2.80500000000000,-0.158606125127244
2.80600000000000,-0.145378536360286
2.80700000000000,-0.132124909285719
2.80800000000000,-0.118847617720377
2.80900000000000,-0.105549039719576
2.81000000000000,-0.0922315571512000
2.81100000000000,-0.0788975552690469
2.81200000000000,-0.0655494222856654
2.81300000000000,-0.0521895489445549
2.81400000000000,-0.0388203280920158
2.81500000000000,-0.0254441542485458
2.81600000000000,-0.0120634231799786
2.81700000000000,0.00131946853163547
2.81800000000000,0.0147021239172598
2.81900000000000,0.0280821460501641
2.82000000000000,0.0414571384752805
2.82100000000000,0.0548247056383754
2.82200000000000,0.0681824533151385
2.82300000000000,0.0815279890399907
2.82400000000000,0.0948589225346197
2.82500000000000,0.108172866136046
2.82600000000000,0.121467435224319
2.82700000000000,0.134740248649599
2.82800000000000,0.147988929158616
2.82900000000000,0.161211103820507
2.83000000000000,0.174404404451742
2.83100000000000,0.187566468040382
2.83200000000000,0.200694937169221
2.83300000000000,0.213787460438086
2.83400000000000,0.226841692884928
2.83500000000000,0.239855296405872
2.83600000000000,0.252825940173965
2.83700000000000,0.265751301056634
2.83800000000000,0.278629064031790
2.83900000000000,0.291456922602455
2.84000000000000,0.304232579209897
2.84100000000000,0.316953745645092
2.84200000000000,0.329618143458606
2.84300000000000,0.342223504368659
2.84400000000000,0.354767570667378
2.84500000000000,0.367248095625189
2.84600000000000,0.379662843893208
2.84700000000000,0.392009591903632
2.84800000000000,0.404286128267953
2.84900000000000,0.416490254173082
2.85000000000000,0.428619783775123
2.85100000000000,0.440672544590914
2.85200000000000,0.452646377887126
2.85300000000000,0.464539139066857
2.85400000000000,0.476348698053832
2.85500000000000,0.488072939673836
2.85600000000000,0.499709764033611
2.85700000000000,0.511257086896917
2.85800000000000,0.522712840057876
2.85900000000000,0.534074971711361
2.86000000000000,0.545341446820529
2.86100000000000,0.556510247481272
2.86200000000000,0.567579373283658
2.86300000000000,0.578546841670232
2.86400000000000,0.589410688291066
2.86500000000000,0.600168967355635
2.86600000000000,0.610819751981275
2.86700000000000,0.621361134538352
2.86800000000000,0.631791226991865
2.86900000000000,0.642108161239680
2.87000000000000,0.652310089447076
2.87100000000000,0.662395184377702
2.87200000000000,0.672361639720878
2.87300000000000,0.682207670415080
2.87400000000000,0.691931512967699
2.87500000000000,0.701531425770855
2.87600000000000,0.711005689413349
2.87700000000000,0.720352606988637
2.87800000000000,0.729570504398722
2.87900000000000,0.738657730654035
2.88000000000000,0.747612658169102
2.88100000000000,0.756433683054093
2.88200000000000,0.765119225402051
2.88300000000000,0.773667729571910
2.88400000000000,0.782077664467059
2.88500000000000,0.790347523809642
2.88600000000000,0.798475826410298
2.88700000000000,0.806461116433456
2.88800000000000,0.814301963658106
2.88900000000000,0.821996963733934
2.89000000000000,0.829544738432886
2.89100000000000,0.836943935895969
2.89200000000000,0.844193230875433
2.89300000000000,0.851291324972089
2.89400000000000,0.858236946867889
2.89500000000000,0.865028852553617
2.89600000000000,0.871665825551690
2.89700000000000,0.878146677134060
2.89800000000000,0.884470246535102
2.89900000000000,0.890635401159528
2.90000000000000,0.896641036785234
2.90100000000000,0.902486077761091
2.90200000000000,0.908169477199576
2.90300000000000,0.913690217164297
2.90400000000000,0.919047308852309
2.90500000000000,0.924239792771201
2.90600000000000,0.929266738910977
2.90700000000000,0.934127246910585
2.90800000000000,0.938820446219225
2.90900000000000,0.943345496252233
2.91000000000000,0.947701586541659
2.91100000000000,0.951887936881417
2.91200000000000,0.955903797467023
2.91300000000000,0.959748449029904
2.91400000000000,0.963421202966200
2.91500000000000,0.966921401460126
2.91600000000000,0.970248417601768
2.91700000000000,0.973401655499386
2.91800000000000,0.976380550386123
2.91900000000000,0.979184568721175
2.92000000000000,0.981813208285345
2.92100000000000,0.984265998270992
2.92200000000000,0.986542499366359
2.92300000000000,0.988642303834256
2.92400000000000,0.990565035585091
2.92500000000000,0.992310350244223
2.92600000000000,0.993877935213654
2.92700000000000,0.995267509728004
2.92800000000000,0.996478824904807
2.92900000000000,0.997511663789086
2.93000000000000,0.998365841392207
2.93100000000000,0.999041204725018
2.93200000000000,0.999537632825245
2.93300000000000,0.999855036779161
2.93400000000000,0.999993359737508
2.93500000000000,0.999952576925682
2.93600000000000,0.999732695648169
2.93700000000000,0.999333755287236
2.93800000000000,0.998755827295877
2.93900000000000,0.997999015185018
2.94000000000000,0.997063454504975
2.94100000000000,0.995949312821178
2.94200000000000,0.994656789684154
2.94300000000000,0.993186116593794
2.94400000000000,0.991537556957882
2.94500000000000,0.989711406044925
2.94600000000000,0.987707990931258
2.94700000000000,0.985527670442470
2.94800000000000,0.983170835089137
2.94900000000000,0.980637906996871
2.95000000000000,0.977929339830723
2.95100000000000,0.975045618713919
2.95200000000000,0.971987260140986
2.95300000000000,0.968754811885226
2.95400000000000,0.965348852900616
2.95500000000000,0.961769993218118
2.95600000000000,0.958018873836404
2.95700000000000,0.954096166607064
2.95800000000000,0.950002574114261
2.95900000000000,0.945738829548900
2.96000000000000,0.941305696577306
2.96100000000000,0.936703969204451
2.96200000000000,0.931934471631729
2.96300000000000,0.926998058109346
2.96400000000000,0.921895612783325
2.96500000000000,0.916628049537128
2.96600000000000,0.911196311827998
2.96700000000000,0.905601372517952
2.96800000000000,0.899844233699570
2.96900000000000,0.893925926516473
2.97000000000000,0.887847510978670
2.97100000000000,0.881610075772686
2.97200000000000,0.875214738066571
2.97300000000000,0.868662643309823
2.97400000000000,0.861954965028203
2.97500000000000,0.855092904613585
2.97600000000000,0.848077691108738
2.97700000000000,0.840910580987228
2.97800000000000,0.833592857928350
2.97900000000000,0.826125832587240
2.98000000000000,0.818510842360100
2.98100000000000,0.810749251144671
2.98200000000000,0.802842449095960
2.98300000000000,0.794791852377241
2.98400000000000,0.786598902906421
2.98500000000000,0.778265068097758
2.98600000000000,0.769791840599075
2.98700000000000,0.761180738024382
2.98800000000000,0.752433302682075
2.98900000000000,0.743551101298710
2.99000000000000,0.734535724738356
2.99100000000000,0.725388787717717
2.99200000000000,0.716111928516857
2.99300000000000,0.706706808685830
2.99400000000000,0.697175112747044
2.99500000000000,0.687518547893587
2.99600000000000,0.677738843683423
2.99700000000000,0.667837751729629
2.99800000000000,0.657817045386699
2.99900000000000,0.647678519432865
3.00000000000000,0.637423989748693
3.00100000000000,0.627055292991806
3.00200000000000,0.616574286267965
3.00300000000000,0.605982846798404
3.00400000000000,0.595282871583656
3.00500000000000,0.584476277063737
3.00600000000000,0.573564998774938
3.00700000000000,0.562550991003145
3.00800000000000,0.551436226433789
3.00900000000000,0.540222695798570
3.01000000000000,0.528912407518853
3.01100000000000,0.517507387345994
3.01200000000000,0.506009677998469
3.01300000000000,0.494421338796044
3.01400000000000,0.482744445290927
3.01500000000000,0.470981088895996
3.01600000000000,0.459133376510263
3.01700000000000,0.447203430141456
3.01800000000000,0.435193386526009
3.01900000000000,0.423105396746305
3.02000000000000,0.410941625845446
3.02100000000000,0.398704252439460
3.02200000000000,0.386395468327077
3.02300000000000,0.374017478097208
3.02400000000000,0.361572498734035
3.02500000000000,0.349062759219984
3.02600000000000,0.336490500136452
3.02700000000000,0.323857973262549
3.02800000000000,0.311167441171736
3.02900000000000,0.298421176826655
3.03000000000000,0.285621463171946
3.03100000000000,0.272770592725396
3.03200000000000,0.259870867167351
3.03300000000000,0.246924596928421
3.03400000000000,0.233934100775719
3.03500000000000,0.220901705397499
3.03600000000000,0.207829744986479
3.03700000000000,0.194720560821743
3.03800000000000,0.181576500849415
3.03900000000000,0.168399919262105
3.04000000000000,0.155193176077270
3.04100000000000,0.141958636714542
3.04200000000000,0.128698671572011
3.04300000000000,0.115415655601725
3.04400000000000,0.102111967884286
3.04500000000000,0.0887899912027587
3.04600000000000,0.0754521116158671
3.04700000000000,0.0621007180306839
3.04800000000000,0.0487382017747122
3.04900000000000,0.0353669561676025
3.05000000000000,0.0219893760925142
3.05100000000000,0.00860785756711875
3.05200000000000,-0.00477520268545907
3.05300000000000,-0.0181574076660101
3.05400000000000,-0.0315363605284747
3.05500000000000,-0.0449096650092916
3.05600000000000,-0.0582749258565641
3.05700000000000,-0.0716297492590449
3.05800000000000,-0.0849717432749339
3.05900000000000,-0.0982985182602424
3.06000000000000,-0.111607687296823
3.06100000000000,-0.124896866619869
3.06200000000000,-0.138163676044892
3.06300000000000,-0.151405739393979
3.06400000000000,-0.164620684921434
3.06500000000000,-0.177806145738551
3.06600000000000,-0.190959760237526
3.06700000000000,-0.204079172514460
3.06800000000000,-0.217162032791302
3.06900000000000,-0.230205997836742
3.07000000000000,-0.243208731385846
3.07100000000000,-0.256167904558556
3.07200000000000,-0.269081196276756
3.07300000000000,-0.281946293680034
3.07400000000000,-0.294760892539925
3.07500000000000,-0.307522697672563
3.07600000000000,-0.320229423349854
3.07700000000000,-0.332878793708783
3.07800000000000,-0.345468543159098
3.07900000000000,-0.357996416789042
3.08000000000000,-0.370460170769273
3.08100000000000,-0.382857572754699
3.08200000000000,-0.395186402284357
3.08300000000000,-0.407444451179071
3.08400000000000,-0.419629523936966
3.08500000000000,-0.431739438126723
3.08600000000000,-0.443772024778419
3.08700000000000,-0.455725128772056
3.08800000000000,-0.467596609223510
3.08900000000000,-0.479384339868030
3.09000000000000,-0.491086209440996
3.09100000000000,-0.502700122056143
3.09200000000000,-0.514223997580898
3.09300000000000,-0.525655772008944
3.09400000000000,-0.536993397829933
3.09500000000000,-0.548234844396164
3.09600000000000,-0.559378098286335
3.09700000000000,-0.570421163666117
3.09800000000000,-0.581362062645639
3.09900000000000,-0.592198835633764
3.10000000000000,-0.602929541689020
3.10100000000000,-0.613552258867282
3.10200000000000,-0.624065084565965
3.10300000000000,-0.634466135864832
3.10400000000000,-0.644753549863200
3.10500000000000,-0.654925484013643
3.10600000000000,-0.664980116451940
3.10700000000000,-0.674915646323458
3.10800000000000,-0.684730294105657
3.10900000000000,-0.694422301926802
3.11000000000000,-0.703989933880852
3.11100000000000,-0.713431476338327
3.11200000000000,-0.722745238253282
3.11300000000000,-0.731929551466117
3.11400000000000,-0.740982771002432
3.11500000000000,-0.749903275367594
3.11600000000000,-0.758689466837194
3.11700000000000,-0.767339771743195
3.11800000000000,-0.775852640755780
3.11900000000000,-0.784226549160870
3.12000000000000,-0.792459997133189
3.12100000000000,-0.800551510004904
3.12200000000000,-0.808499638529742
3.12300000000000,-0.816302959142579
3.12400000000000,-0.823960074214377
3.12500000000000,-0.831469612302540
3.12600000000000,-0.838830228396541
3.12700000000000,-0.846040604158800
3.12800000000000,-0.853099448160851
3.12900000000000,-0.860005496114592
3.13000000000000,-0.866757511098783
3.13100000000000,-0.873354283780542
3.13200000000000,-0.879794632631975
3.13300000000000,-0.886077404141785
3.13400000000000,-0.892201473021864
3.13500000000000,-0.898165742408863
3.13600000000000,-0.903969144060615
3.13700000000000,-0.909610638547504
3.13800000000000,-0.915089215438600
3.13900000000000,-0.920403893482660
3.14000000000000,-0.925553720783852
3.14100000000000,-0.930537774972270
3.14200000000000,-0.935355163369125
3.14300000000000,-0.940005023146625
3.14400000000000,-0.944486521482524
3.14500000000000,-0.948798855709278
3.14600000000000,-0.952941253457821
3.14700000000000,-0.956912972795882
3.14800000000000,-0.960713302360891
3.14900000000000,-0.964341561487371
3.15000000000000,-0.967797100328863
3.15100000000000,-0.971079299974315
3.15200000000000,-0.974187572558921
3.15300000000000,-0.977121361369435
3.15400000000000,-0.979880140943860
3.15500000000000,-0.982463417165577
3.15600000000000,-0.984870727351833
3.15700000000000,-0.987101640336624
3.15800000000000,-0.989155756547907
3.15900000000000,-0.991032708079171
3.16000000000000,-0.992732158755337
3.16100000000000,-0.994253804192960
3.16200000000000,-0.995597371854752
3.16300000000000,-0.996762621098395
3.16400000000000,-0.997749343219640
3.16500000000000,-0.998557361489687
3.16600000000000,-0.999186531186841
3.16700000000000,-0.999636739622431
3.16800000000000,-0.999907906160993
3.16900000000000,-0.999999982234712
3.17000000000000,-0.999912951352123
3.17100000000000,-0.999646829101062
3.17200000000000,-0.999201663145878
3.17300000000000,-0.998577533218889
3.17400000000000,-0.997774551106110
3.17500000000000,-0.996792860627227
3.17600000000000,-0.995632637609835
3.17700000000000,-0.994294089857952
3.17800000000000,-0.992777457114794
3.17900000000000,-0.991083011019844
3.18000000000000,-0.989211055060186
3.18100000000000,-0.987161924516163
3.18200000000000,-0.984935986401315
3.18300000000000,-0.982533639396651
3.18400000000000,-0.979955313779239
3.18500000000000,-0.977201471345137
3.18600000000000,-0.974272605326696
3.18700000000000,-0.971169240304198
3.18800000000000,-0.967891932111921
3.18900000000000,-0.964441267738564
3.19000000000000,-0.960817865222140
3.19100000000000,-0.957022373539250
3.19200000000000,-0.953055472488874
3.19300000000000,-0.948917872570594
3.19400000000000,-0.944610314857351
3.19500000000000,-0.940133570862713
3.19600000000000,-0.935488442402678
3.19700000000000,-0.930675761452091
3.19800000000000,-0.925696389995597
3.19900000000000,-0.920551219873282
3.20000000000000,-0.915241172620921
3.20100000000000,-0.909767199304929
3.20200000000000,-0.904130280352028
3.20300000000000,-0.898331425373628
3.20400000000000,-0.892371672985014
3.20500000000000,-0.886252090619317
3.20600000000000,-0.879973774336330
3.20700000000000,-0.873537848626188
3.20800000000000,-0.866945466207982
3.20900000000000,-0.860197807823280
3.21000000000000,-0.853296082024656
3.21100000000000,-0.846241524959238
3.21200000000000,-0.839035400147284
3.21300000000000,-0.831678998255912
3.21400000000000,-0.824173636867886
3.21500000000000,-0.816520660245674
3.21600000000000,-0.808721439090639
3.21700000000000,-0.800777370297579
3.21800000000000,-0.792689876704497
3.21900000000000,-0.784460406837771
3.22000000000000,-0.776090434652744
3.22100000000000,-0.767581459269673
3.22200000000000,-0.758935004705276
3.22300000000000,-0.750152619599730
3.22400000000000,-0.741235876939340
3.22500000000000,-0.732186373774760
3.22600000000000,-0.723005730934999
3.22700000000000,-0.713695592737072
3.22800000000000,-0.704257626691527
3.22900000000000,-0.694693523203774
3.23000000000000,-0.685004995271296
3.23100000000000,-0.675193778176885
3.23200000000000,-0.665261629177793
3.23300000000000,-0.655210327191039
3.23400000000000,-0.645041672474750
3.23500000000000,-0.634757486305759
3.23600000000000,-0.624359610653389
3.23700000000000,-0.613849907849519
3.23800000000000,-0.603230260255078
3.23900000000000,-0.592502569922844
3.24000000000000,-0.581668758256827
3.24100000000000,-0.570730765668082
3.24200000000000,-0.559690551227211
3.24300000000000,-0.548550092313460
3.24400000000000,-0.537311384260541
3.24500000000000,-0.525976439999293
3.24600000000000,-0.514547289697108
3.24700000000000,-0.503025980394357
3.24800000000000,-0.491414575637708
3.24900000000000,-0.479715155110572
3.25000000000000,-0.467929814260572
3.25100000000000,-0.456060663924296
3.25200000000000,-0.444109829949163
3.25300000000000,-0.432079452812701
3.25400000000000,-0.419971687239194
3.25500000000000,-0.407788701813707
3.25600000000000,-0.395532678593730
3.25700000000000,-0.383205812718305
3.25800000000000,-0.370810312014905
3.25900000000000,-0.358348396603973
3.26000000000000,-0.345822298501293
3.26100000000000,-0.333234261218204
3.26200000000000,-0.320586539359785
3.26300000000000,-0.307881398221054
3.26400000000000,-0.295121113381197
3.26500000000000,-0.282307970296041
3.26600000000000,-0.269444263888685
3.26700000000000,-0.256532298138480
3.26800000000000,-0.243574385668336
3.26900000000000,-0.230572847330573
3.27000000000000,-0.217530011791184
3.27100000000000,-0.204448215112778
3.27200000000000,-0.191329800336197
3.27300000000000,-0.178177117060803
3.27400000000000,-0.164992521023737
3.27500000000000,-0.151778373677884
3.27600000000000,-0.138537041769012
3.27700000000000,-0.125270896911812
3.27800000000000,-0.111982315165147
3.27900000000000,-0.0986736766065031
3.28000000000000,-0.0853473649056533
3.28100000000000,-0.0720057668977747
3.28200000000000,-0.0586512721559213
3.28300000000000,-0.0452862725630490
3.28400000000000,-0.0319131618835841
3.28500000000000,-0.0185343353347337
3.28600000000000,-0.00515218915743526
3.28700000000000,0.00823087981280497
3.28800000000000,0.0216124745751880
3.28900000000000,0.0349901983929628
3.29000000000000,0.0483616552226844
3.29100000000000,0.0617244501433902
3.29200000000000,0.0750761897854976
3.29300000000000,0.0884144827595295
3.29400000000000,0.101736940084372
3.29500000000000,0.115041175615209
3.29600000000000,0.128324806470879
3.29700000000000,0.141585453460621
3.29800000000000,0.154820741510292
3.29900000000000,0.168028300087678
3.30000000000000,0.181205763627135
3.30100000000000,0.194350771953219
3.30200000000000,0.207460970703471
3.30300000000000,0.220534011750041
3.30400000000000,0.233567553620309
3.30500000000000,0.246559261916212
3.30600000000000,0.259506809732372
3.30700000000000,0.272407878072881
3.30800000000000,0.285260156266601
3.30900000000000,0.298061342381075
3.31000000000000,0.310809143634766
3.31100000000000,0.323501276807766
3.31200000000000,0.336135468650686
3.31300000000000,0.348709456291833
3.31400000000000,0.361220987642524
3.31500000000000,0.373667821800408
3.31600000000000,0.386047729450876
3.31700000000000,0.398358493266298
3.31800000000000,0.410597908303211
3.31900000000000,0.422763782397194
3.32000000000000,0.434853936555523
3.32100000000000,0.446866205347460
3.32200000000000,0.458798437292052
3.32300000000000,0.470648495243528
3.32400000000000,0.482414256774026
3.32500000000000,0.494093614553784
3.32600000000000,0.505684476728531
3.32700000000000,0.517184767294201
3.32800000000000,0.528592426468694
3.32900000000000,0.539905411060874
3.33000000000000,0.551121694836471
3.33100000000000,0.562239268880992
3.33200000000000,0.573256141959563
3.33300000000000,0.584170340873534
3.33400000000000,0.594979910813937
3.33500000000000,0.605682915711545
3.33600000000000,0.616277438583711
3.33700000000000,0.626761581877644
3.33800000000000,0.637133467810322
3.33900000000000,0.647391238704797
3.34000000000000,0.657533057322901
3.34100000000000,0.667557107194349
3.34200000000000,0.677461592942041
3.34300000000000,0.687244740603651
3.34400000000000,0.696904797949340
3.34500000000000,0.706440034795619
3.34600000000000,0.715848743315199
3.34700000000000,0.725129238342909
3.34800000000000,0.734279857677507
3.34900000000000,0.743298962379376
3.35000000000000,0.752184937064112
3.35100000000000,0.760936190191786
3.35200000000000,0.769551154352073
3.35300000000000,0.778028286544928
3.35400000000000,0.786366068456982
3.35500000000000,0.794563006733473
3.35600000000000,0.802617633245701
3.35700000000000,0.810528505354013
3.35800000000000,0.818294206166143
3.35900000000000,0.825913344791042
3.36000000000000,0.833384556587949
3.36100000000000,0.840706503410844
3.36200000000000,0.847877873848085
3.36300000000000,0.854897383457322
3.36400000000000,0.861763774995537
3.36500000000000,0.868475818644213
3.36600000000000,0.875032312229620
3.36700000000000,0.881432081438126
3.36800000000000,0.887673980026531
3.36900000000000,0.893756890027352
3.37000000000000,0.899679721949080
3.37100000000000,0.905441414971291
3.37200000000000,0.911040937134671
3.37300000000000,0.916477285525836
3.37400000000000,0.921749486456942
3.37500000000000,0.926856595640120
3.37600000000000,0.931797698356567
3.37700000000000,0.936571909620404
3.37800000000000,0.941178374337163
3.37900000000000,0.945616267456959
3.38000000000000,0.949884794122246
3.38100000000000,0.953983189810189
3.38200000000000,0.957910720469604
3.38300000000000,0.961666682652410
3.38400000000000,0.965250403639645
3.38500000000000,0.968661241561935
3.38600000000000,0.971898585514476
3.38700000000000,0.974961855666430
3.38800000000000,0.977850503364799
3.38900000000000,0.980564011232674
3.39000000000000,0.983101893261911
3.39100000000000,0.985463694900177
3.39200000000000,0.987648993132361
3.39300000000000,0.989657396556343
3.39400000000000,0.991488545453090
3.39500000000000,0.993142111851093
3.39600000000000,0.994617799585099
3.39700000000000,0.995915344349166
3.39800000000000,0.997034513743999
3.39900000000000,0.997975107318567
3.40000000000000,0.998736956606017
3.40100000000000,0.999319925153839
3.40200000000000,0.999723908548309
3.40300000000000,0.999948834433189
3.40400000000000,0.999994662522688
3.40500000000000,0.999861384608676
3.40600000000000,0.999549024562156
3.40700000000000,0.999057638328984
3.40800000000000,0.998387313919857
3.40900000000000,0.997538171394539
3.41000000000000,0.996510362840368
3.41100000000000,0.995304072345008
3.41200000000000,0.993919515963482
3.41300000000000,0.992356941679474
3.41400000000000,0.990616629360913
3.41500000000000,0.988698890709848
3.41600000000000,0.986604069206615
3.41700000000000,0.984332540048327
3.41800000000000,0.981884710081661
3.41900000000000,0.979261017730005
3.42000000000000,0.976461932914915
3.42100000000000,0.973487956971964
3.42200000000000,0.970339622560940
3.42300000000000,0.967017493570445
3.42400000000000,0.963522165016904
3.42500000000000,0.959854262937983
3.42600000000000,0.956014444280475
3.42700000000000,0.952003396782622
3.42800000000000,0.947821838850950
3.42900000000000,0.943470519431580
3.43000000000000,0.938950217876109
3.43100000000000,0.934261743802001
3.43200000000000,0.929405936947591
3.43300000000000,0.924383667021685
3.43400000000000,0.919195833547770
3.43500000000000,0.913843365702939
3.43600000000000,0.908327222151423
3.43700000000000,0.902648390872928
3.43800000000000,0.896807888985653
3.43900000000000,0.890806762564138
3.44000000000000,0.884646086451886
3.44100000000000,0.878326964068859
3.44200000000000,0.871850527213866
3.44300000000000,0.865217935861811
3.44400000000000,0.858430377955970
3.44500000000000,0.851489069195196
3.44600000000000,0.844395252816203
3.44700000000000,0.837150199370867
3.44800000000000,0.829755206498689
3.44900000000000,0.822211598694349
3.45000000000000,0.814520727070510
3.45100000000000,0.806683969115808
3.45200000000000,0.798702728448124
3.45300000000000,0.790578434563215
3.45400000000000,0.782312542578649
3.45500000000000,0.773906532973215
3.45600000000000,0.765361911321726
3.45700000000000,0.756680208025391
3.45800000000000,0.747862978037694
3.45900000000000,0.738911800585882
3.46000000000000,0.729828278888140
3.46100000000000,0.720614039866411
3.46200000000000,0.711270733855041
3.46300000000000,0.701800034305151
3.46400000000000,0.692203637484947
3.46500000000000,0.682483262175889
3.46600000000000,0.672640649364835
3.46700000000000,0.662677561932250
3.46800000000000,0.652595784336419
3.46900000000000,0.642397122293884
3.47000000000000,0.632083402455985
3.47100000000000,0.621656472081734
3.47200000000000,0.611118198706910
3.47300000000000,0.600470469809637
3.47400000000000,0.589715192472253
3.47500000000000,0.578854293039774
3.47600000000000,0.567889716774887
3.47700000000000,0.556823427509497
3.47800000000000,0.545657407293039
3.47900000000000,0.534393656037431
3.48000000000000,0.523034191158920
3.48100000000000,0.511581047216721
3.48200000000000,0.500036275548628
3.48300000000000,0.488401943903587
3.48400000000000,0.476680136071358
3.48500000000000,0.464872951509314
3.48600000000000,0.452982504966370
3.48700000000000,0.441010926104259
3.48800000000000,0.428960359116072
3.48900000000000,0.416832962342228
3.49000000000000,0.404630907883877
3.49100000000000,0.392356381213906
3.49200000000000,0.380011580785459
3.49300000000000,0.367598717638200
3.49400000000000,0.355120015002319
3.49500000000000,0.342577707900283
3.49600000000000,0.329974042746610
3.49700000000000,0.317311276945423
3.49800000000000,0.304591678486217
3.49900000000000,0.291817525537592
3.50000000000000,0.278991106039235
3.50100000000000,0.266114717292157
3.50200000000000,0.253190665547182
3.50300000000000,0.240221265591930
3.50400000000000,0.227208840336193
3.50500000000000,0.214155720395901
3.50600000000000,0.201064243675665
3.50700000000000,0.187936754950088
3.50800000000000,0.174775605443756
3.50900000000000,0.161583152410133
3.51000000000000,0.148361758709377
3.51100000000000,0.135113792385114
3.51200000000000,0.121841626240319
3.51300000000000,0.108547637412301
3.51400000000000,0.0952342069469940
3.51500000000000,0.0819037193724339
3.51600000000000,0.0685585622717331
3.51700000000000,0.0552011258553969
3.51800000000000,0.0418338025332341
3.51900000000000,0.0284589864859098
3.52000000000000,0.0150790732360387
3.52100000000000,0.00169645921921556
3.52200000000000,-0.0116864586452674
3.52300000000000,-0.0250672833836680
3.52400000000000,-0.0384436183971663
3.52500000000000,-0.0518130678910545
3.52600000000000,-0.0651732373038980
3.52700000000000,-0.0785217337363679
3.52800000000000,-0.0918561663798473
3.52900000000000,-0.105174146944663
3.53000000000000,-0.118473290087795
3.53100000000000,-0.131751213840167
3.53200000000000,-0.145005540033211
3.53300000000000,-0.158233894724877
3.53400000000000,-0.171433908624771
3.53500000000000,-0.184603217518531
3.53600000000000,-0.197739462691296
3.53700000000000,-0.210840291350120
3.53800000000000,-0.223903357045429
3.53900000000000,-0.236926320091231
3.54000000000000,-0.249906847984226
3.54100000000000,-0.262842615821522
3.54200000000000,-0.275731306717067
3.54300000000000,-0.288570612216637
3.54400000000000,-0.301358232711247
3.54500000000000,-0.314091877849086
3.54600000000000,-0.326769266945677
3.54700000000000,-0.339388129392416
3.54800000000000,-0.351946205063207
3.54900000000000,-0.364441244719317
3.55000000000000,-0.376871010412160
3.55100000000000,-0.389233275884208
3.55200000000000,-0.401525826967687
3.55300000000000,-0.413746461981134
3.55400000000000,-0.425892992123782
3.55500000000000,-0.437963241867537
3.55600000000000,-0.449955049346685
3.55700000000000,-0.461866266745024
3.55800000000000,-0.473694760680642
3.55900000000000,-0.485438412587942
3.56000000000000,-0.497095119097144
3.56100000000000,-0.508662792410993
3.56200000000000,-0.520139360678681
3.56300000000000,-0.531522768366973
3.56400000000000,-0.542810976628323
3.56500000000000,-0.554001963666072
3.56600000000000,-0.565093725096550
3.56700000000000,-0.576084274308100
3.56800000000000,-0.586971642816874
3.56900000000000,-0.597753880619390
3.57000000000000,-0.608429056541831
3.57100000000000,-0.618995258585884
3.57200000000000,-0.629450594271244
3.57300000000000,-0.639793190974503
3.57400000000000,-0.650021196264630
3.57500000000000,-0.660132778234685
3.57600000000000,-0.670126125829970
3.57700000000000,-0.679999449172388
3.57800000000000,-0.689750979881005
3.57900000000000,-0.699378971388820
3.58000000000000,-0.708881699255528
3.58100000000000,-0.718257461476450
3.58200000000000,-0.727504578787310
3.58300000000000,-0.736621394965054
3.58400000000000,-0.745606277124445
3.58500000000000,-0.754457616010563
3.58600000000000,-0.763173826287019
3.58700000000000,-0.771753346819885
3.58800000000000,-0.780194640957327
3.58900000000000,-0.788496196804812
3.59000000000000,-0.796656527495921
3.59100000000000,-0.804674171458629
3.59200000000000,-0.812547692677111
3.59300000000000,-0.820275680948912
3.59400000000000,-0.827856752137556
3.59500000000000,-0.835289548420438
3.59600000000000,-0.842572738532001
3.59700000000000,-0.849705018002220
3.59800000000000,-0.856685109390198
3.59900000000000,-0.863511762512996
3.60000000000000,-0.870183754669522
3.60100000000000,-0.876699890859556
3.60200000000000,-0.883059003997752
3.60300000000000,-0.889259955122689
3.60400000000000,-0.895301633600870
3.60500000000000,-0.901182957325628
3.60600000000000,-0.906902872910958
3.60700000000000,-0.912460355880164
3.60800000000000,-0.917854410849377
3.60900000000000,-0.923084071705805
3.61000000000000,-0.928148401780799
3.61100000000000,-0.933046494017594
3.61200000000000,-0.937777471133781
3.61300000000000,-0.942340485778436
3.61400000000000,-0.946734720683877
3.61500000000000,-0.950959388812055
3.61600000000000,-0.955013733495502
3.61700000000000,-0.958897028572876
3.61800000000000,-0.962608578518994
3.61900000000000,-0.966147718569434
3.62000000000000,-0.969513814839584
3.62100000000000,-0.972706264438174
3.62200000000000,-0.975724495575264
3.62300000000000,-0.978567967664650
3.62400000000000,-0.981236171420695
3.62500000000000,-0.983728628949535
3.62600000000000,-0.986044893834681
3.62700000000000,-0.988184551216970
3.62800000000000,-0.990147217868875
3.62900000000000,-0.991932542263141
3.63000000000000,-0.993540204635742
3.63100000000000,-0.994969917043161
3.63200000000000,-0.996221423413953
3.63300000000000,-0.997294499594620
3.63400000000000,-0.998188953389747
3.63500000000000,-0.998904624596436
3.63600000000000,-0.999441385032993
3.63700000000000,-0.999799138561888
3.63800000000000,-0.999977821106974
3.63900000000000,-0.999977400664965
3.64000000000000,-0.999797877311163
3.64100000000000,-0.999439283199452
3.64200000000000,-0.998901682556531
3.64300000000000,-0.998185171670419
3.64400000000000,-0.997289878873200
3.64500000000000,-0.996215964518046
3.64600000000000,-0.994963620950493
3.64700000000000,-0.993533072473986
3.64800000000000,-0.991924575309717
3.64900000000000,-0.990138417550719
3.65000000000000,-0.988174919110281
3.65100000000000,-0.986034431664636
3.65200000000000,-0.983717338589983
3.65300000000000,-0.981224054893819
3.65400000000000,-0.978555027140602
3.65500000000000,-0.975710733371782
3.65600000000000,-0.972691683020162
3.65700000000000,-0.969498416818679
3.65800000000000,-0.966131506703527
3.65900000000000,-0.962591555711744
3.66000000000000,-0.958879197873184
3.66100000000000,-0.954995098096977
3.66200000000000,-0.950939952052422
3.66300000000000,-0.946714486044393
3.66400000000000,-0.942319456883267
3.66500000000000,-0.937755651749349
3.66600000000000,-0.933023888051903
3.66700000000000,-0.928125013282735
3.66800000000000,-0.923059904864413
3.66900000000000,-0.917829469993101
3.67000000000000,-0.912434645476090
3.67100000000000,-0.906876397563993
3.67200000000000,-0.901155721777694
3.67300000000000,-0.895273642730043
3.67400000000000,-0.889231213942329
3.67500000000000,-0.883029517655604
3.67600000000000,-0.876669664636829
3.67700000000000,-0.870152793979947
3.67800000000000,-0.863480072901844
3.67900000000000,-0.856652696533295
3.68000000000000,-0.849671887704939
3.68100000000000,-0.842538896728208
3.68200000000000,-0.835255001171436
3.68300000000000,-0.827821505631001
3.68400000000000,-0.820239741497696
3.68500000000000,-0.812511066718234
3.68600000000000,-0.804636865552060
3.68700000000000,-0.796618548323408
3.68800000000000,-0.788457551168688
3.68900000000000,-0.780155335779296
3.69000000000000,-0.771713389139777
3.69100000000000,-0.763133223261536
3.69200000000000,-0.754416374911987
3.69300000000000,-0.745564405339342
3.69400000000000,-0.736578899992943
3.69500000000000,-0.727461468239352
3.69600000000000,-0.718213743074038
3.69700000000000,-0.708837380828933
3.69800000000000,-0.699334060875780
3.69900000000000,-0.689705485325310
3.70000000000000,-0.679953378722426
3.70100000000000,-0.670079487737278
3.70200000000000,-0.660085580852464
3.70300000000000,-0.649973448046261
3.70400000000000,-0.639744900472035
3.70500000000000,-0.629401770133836
3.70600000000000,-0.618945909558284
3.70700000000000,-0.608379191462789
3.70800000000000,-0.597703508420088
3.70900000000000,-0.586920772519317
3.71000000000000,-0.576032915023519
3.71100000000000,-0.565041886023750
3.71200000000000,-0.553949654089791
3.71300000000000,-0.542758205917572
3.71400000000000,-0.531469545973358
3.71500000000000,-0.520085696134698
3.71600000000000,-0.508608695328334
3.71700000000000,-0.497040599164968
3.71800000000000,-0.485383479571155
3.71900000000000,-0.473639424418122
3.72000000000000,-0.461810537147894
3.72100000000000,-0.449898936396496
3.72200000000000,-0.437906755614517
3.72300000000000,-0.425836142685005
3.72400000000000,-0.413689259538730
3.72500000000000,-0.401468281767005
3.72600000000000,-0.389175398232001
3.72700000000000,-0.376812810674718
3.72800000000000,-0.364382733320612
3.72900000000000,-0.351887392483056
3.73000000000000,-0.339329026164550
3.73100000000000,-0.326709883655894
3.73200000000000,-0.314032225133341
3.73300000000000,-0.301298321253763
3.73400000000000,-0.288510452747972
3.73500000000000,-0.275670910012201
3.73600000000000,-0.262781992697925
3.73700000000000,-0.249846009299922
3.73800000000000,-0.236865276742858
3.73900000000000,-0.223842119966269
3.74000000000000,-0.210778871508153
3.74100000000000,-0.197677871087250
3.74200000000000,-0.184541465183891
3.74300000000000,-0.171372006619810
3.74400000000000,-0.158171854136675
3.74500000000000,-0.144943371973676
3.74600000000000,-0.131688929444017
3.74700000000000,-0.118410900510613
3.74800000000000,-0.105111663360842
3.74900000000000,-0.0917935999806396
3.75000000000000,-0.0784590957278509
3.75100000000000,-0.0651105389049749
3.75200000000000,-0.0517503203314519
3.75300000000000,-0.0383808329153947
3.75400000000000,-0.0250044712250583
3.75500000000000,-0.0116236310599001
3.75600000000000,0.00175929097847545
3.75700000000000,0.0151418979155859
3.75800000000000,0.0285217928334069
3.75900000000000,0.0418965792996272
3.76000000000000,0.0552638617969232
3.76100000000000,0.0686212461519560
3.76200000000000,0.0819663399642412
3.76300000000000,0.0952967530345948
3.76400000000000,0.108610097793256
3.76500000000000,0.121903989727539
3.76600000000000,0.135176047808864
3.76700000000000,0.148423894919278
3.76800000000000,0.161645158277151
3.76900000000000,0.174837469862214
3.77000000000000,0.187998466839639
3.77100000000000,0.201125791983294
3.77200000000000,0.214217094097857
3.77300000000000,0.227270028440026
3.77400000000000,0.240282257138424
3.77500000000000,0.253251449612320
3.77600000000000,0.266175282989097
3.77700000000000,0.279051442520239
3.77800000000000,0.291877621995983
3.77900000000000,0.304651524158295
3.78000000000000,0.317370861112418
3.78100000000000,0.330033354736569
3.78200000000000,0.342636737090023
3.78300000000000,0.355178750819294
3.78400000000000,0.367657149562424
3.78500000000000,0.380069698351367
3.78600000000000,0.392414174012245
3.78700000000000,0.404688365563554
3.78800000000000,0.416890074612159
3.78900000000000,0.429017115747059
3.79000000000000,0.441067316930795
3.79100000000000,0.453038519888459
3.79200000000000,0.464928580494300
3.79300000000000,0.476735369155702
3.79400000000000,0.488456771194665
3.79500000000000,0.500090687226486
3.79600000000000,0.511635033535853
3.79700000000000,0.523087742449990
3.79800000000000,0.534446762709030
3.79900000000000,0.545710059833398
3.80000000000000,0.556875616488179
3.80100000000000,0.567941432844490
3.80200000000000,0.578905526937583
3.80300000000000,0.589765935021920
3.80400000000000,0.600520711922819
3.80500000000000,0.611167931384900
3.80600000000000,0.621705686417048
3.80700000000000,0.632132089634003
3.80800000000000,0.642445273594394
3.80900000000000,0.652643391135192
3.81000000000000,0.662724615702573
3.81100000000000,0.672687141679050
3.81200000000000,0.682529184706899
3.81300000000000,0.692248982007706
3.81400000000000,0.701844792698141
3.81500000000000,0.711314898101717
3.81600000000000,0.720657602056654
3.81700000000000,0.729871231219662
3.81800000000000,0.738954135365618
3.81900000000000,0.747904687683191
3.82000000000000,0.756721285066160
3.82100000000000,0.765402348400583
3.82200000000000,0.773946322847594
3.82300000000000,0.782351678121911
3.82400000000000,0.790616908765916
3.82500000000000,0.798740534419262
3.82600000000000,0.806721100084070
3.82700000000000,0.814557176385482
3.82800000000000,0.822247359827705
3.82900000000000,0.829790273045357
3.83000000000000,0.837184565050192
3.83100000000000,0.844428911473046
3.83200000000000,0.851522014801064
3.83300000000000,0.858462604610072
3.83400000000000,0.865249437792128
3.83500000000000,0.871881298778185
3.83600000000000,0.878356999755778
3.83700000000000,0.884675380881801
3.83800000000000,0.890835310490215
3.83900000000000,0.896835685294768
3.84000000000000,0.902675430586558
3.84100000000000,0.908353500426570
3.84200000000000,0.913868877832981
3.84300000000000,0.919220574963308
3.84400000000000,0.924407633291356
3.84500000000000,0.929429123778872
3.84600000000000,0.934284147041970
3.84700000000000,0.938971833512190
3.84800000000000,0.943491343592264
3.84900000000000,0.947841867806479
3.85000000000000,0.952022626945674
3.85100000000000,0.956032872206793
3.85200000000000,0.959871885326997
3.85300000000000,0.963538978712322
3.85400000000000,0.967033495560817
3.85500000000000,0.970354809980201
3.85600000000000,0.973502327099939
3.85700000000000,0.976475483177815
3.85800000000000,0.979273745700882
3.85900000000000,0.981896613480847
3.86000000000000,0.984343616743839
3.86100000000000,0.986614317214542
3.86200000000000,0.988708308194701
3.86300000000000,0.990625214635955
3.86400000000000,0.992364693207022
3.86500000000000,0.993926432355183
3.86600000000000,0.995310152362087
3.86700000000000,0.996515605393853
3.86800000000000,0.997542575545452
3.86900000000000,0.998390878879384
3.87000000000000,0.999060363458616
3.87100000000000,0.999550909373803
3.87200000000000,0.999862428764755
3.87300000000000,0.999994865836184
3.87400000000000,0.999948196867687
3.87500000000000,0.999722430218001
3.87600000000000,0.999317606323504
3.87700000000000,0.998733797690975
3.87800000000000,0.997971108884600
3.87900000000000,0.997029676507255
3.88000000000000,0.995909669176028
3.88100000000000,0.994611287492029
3.88200000000000,0.993134764004453
3.88300000000000,0.991480363168932
3.88400000000000,0.989648381300170
3.88500000000000,0.987639146518867
3.88600000000000,0.985453018692959
3.88700000000000,0.983090389373153
3.88800000000000,0.980551681722802
3.88900000000000,0.977837350442114
3.89000000000000,0.974947881686714
3.89100000000000,0.971883792980562
3.89200000000000,0.968645633123274
3.89300000000000,0.965233982091811
3.89400000000000,0.961649450936620
3.89500000000000,0.957892681672178
3.89600000000000,0.953964347162002
3.89700000000000,0.949865150998145
3.89800000000000,0.945595827375166
3.89900000000000,0.941157140958641
3.90000000000000,0.936549886748197
3.90100000000000,0.931774889935121
3.90200000000000,0.926833005754585
3.90300000000000,0.921725119332430
3.90400000000000,0.916452145526669
3.90500000000000,0.911015028763602
3.90600000000000,0.905414742868686
3.90700000000000,0.899652290892094
3.90800000000000,0.893728704929082
3.90900000000000,0.887645045935125
3.91000000000000,0.881402403535880
3.91100000000000,0.875001895832054
3.91200000000000,0.868444669199114
3.91300000000000,0.861731898081992
3.91400000000000,0.854864784784705
3.91500000000000,0.847844559255044
3.91600000000000,0.840672478864247
3.91700000000000,0.833349828181841
3.91800000000000,0.825877918745518
3.91900000000000,0.818258088826254
3.92000000000000,0.810491703188627
3.92100000000000,0.802580152846345
3.92200000000000,0.794524854813144
3.92300000000000,0.786327251848955
3.92400000000000,0.777988812201522
3.92500000000000,0.769511029343418
3.92600000000000,0.760895421704559
3.92700000000000,0.752143532400228
3.92800000000000,0.743256928954705
3.92900000000000,0.734237203020521
3.93000000000000,0.725085970093355
3.93100000000000,0.715804869222717
3.93200000000000,0.706395562718364
3.93300000000000,0.696859735852580
3.93400000000000,0.687199096558316
3.93500000000000,0.677415375123298
3.93600000000000,0.667510323880136
3.93700000000000,0.657485716892429
3.93800000000000,0.647343349637068
3.93900000000000,0.637085038682595
3.94000000000000,0.626712621363919
3.94100000000000,0.616227955453150
3.94200000000000,0.605632918826933
3.94300000000000,0.594929409130058
3.94400000000000,0.584119343435597
3.94500000000000,0.573204657901559
3.94600000000000,0.562187307424073
3.94700000000000,0.551069265287291
3.94800000000000,0.539852522809934
3.94900000000000,0.528539088988650
3.95000000000000,0.517130990138159
3.95100000000000,0.505630269528373
3.95200000000000,0.494038987018385
3.95300000000000,0.482359218687556
3.95400000000000,0.470593056463687
3.95500000000000,0.458742607748317
3.95600000000000,0.446809995039291
3.95700000000000,0.434797355550577
3.95800000000000,0.422706840829523
3.95900000000000,0.410540616371446
3.96000000000000,0.398300861231829
3.96100000000000,0.385989767635996
3.96200000000000,0.373609540586473
3.96300000000000,0.361162397468113
3.96400000000000,0.348650567650853
3.96500000000000,0.336076292090504
3.96600000000000,0.323441822927314
3.96700000000000,0.310749423082656
3.96800000000000,0.298001365853658
3.96900000000000,0.285199934506106
3.97000000000000,0.272347421865430
3.97100000000000,0.259446129906100
3.97200000000000,0.246498369339297
3.97300000000000,0.233506459199035
3.97400000000000,0.220472726426853
3.97500000000000,0.207399505454982
3.97600000000000,0.194289137788297
3.97700000000000,0.181143971584873
3.97800000000000,0.167966361235469
3.97900000000000,0.154758666941814
3.98000000000000,0.141523254293862
3.98100000000000,0.128262493846142
3.98200000000000,0.114978760693127
3.98300000000000,0.101674434043885
3.98400000000000,0.0883518967958961
3.98500000000000,0.0750135351083071
3.98600000000000,0.0616617379745313
3.98700000000000,0.0482988967943429
3.98800000000000,0.0349274049456101
3.98900000000000,0.0215496573555675
3.99000000000000,0.00816805007192496
3.99100000000000,-0.00521502016633802
3.99200000000000,-0.0185971563581882
3.99300000000000,-0.0319759616699221
3.99400000000000,-0.0453490398643704
3.99500000000000,-0.0587139957301727
3.99600000000000,-0.0720684355107274
3.99700000000000,-0.0854099673329155
3.99800000000000,-0.0987362016355515
3.99900000000000,-0.112044751597314
