time,value
0.00000000000000,0.00000000000000
0.00100000000000000,0.0752481926560555
0.00200000000000000,0.149600111100479
0.00300000000000000,0.222178939910706
0.00400000000000000,0.292146312220692
0.00500000000000000,0.358720372954097
0.00600000000000000,0.421192480745261
0.00700000000000000,0.478942147170953
0.00800000000000000,0.531449855161103
0.00900000000000000,0.578307450482008
0.0100000000000000,0.619225859710541
0.0110000000000000,0.654039953678010
0.0120000000000000,0.682710445344132
0.0130000000000000,0.705322783743263
0.0140000000000000,0.722083079238160
0.0150000000000000,0.733311168010508
0.0160000000000000,0.739430993723909
0.0170000000000000,0.740958549891896
0.0180000000000000,0.738487686057380
0.0190000000000000,0.732674132975897
0.0200000000000000,0.724218145312432
0.0210000000000000,0.713846193846166
0.0220000000000000,0.702292162006680
0.0230000000000000,0.690278513179306
0.0240000000000000,0.678497895332676
0.0250000000000000,0.667595638137638
0.0260000000000000,0.658153575146356
0.0270000000000000,0.650675590342552
0.0280000000000000,0.645575245279831
0.0290000000000000,0.643165791158539
0.0300000000000000,0.643652810832255
0.0310000000000000,0.647129670346899
0.0320000000000000,0.653575889811181
0.0330000000000000,0.662858470897921
0.0340000000000000,0.674736144869302
0.0350000000000000,0.688866432515237
0.0360000000000000,0.704815337580333
0.0370000000000000,0.722069429852829
0.0380000000000000,0.740050014710843
0.0390000000000000,0.758129034031631
0.0400000000000000,0.775646300247952
0.0410000000000000,0.791927632045836
0.0420000000000000,0.806303437561608
0.0430000000000000,0.818127279511952
0.0440000000000000,0.826793956762129
0.0450000000000000,0.831756648403780
0.0460000000000000,0.832542689191686
0.0470000000000000,0.828767578618724
0.0480000000000000,0.820146869167939
0.0490000000000000,0.806505631305952
0.0500000000000000,0.787785252292473
0.0510000000000000,0.764047391411890
0.0520000000000000,0.735474984171484
0.0530000000000000,0.702370260635146
0.0540000000000000,0.665149816583263
0.0550000000000000,0.624336848798525
0.0560000000000000,0.580550735685600
0.0570000000000000,0.534494209918329
0.0580000000000000,0.486938429258383
0.0590000000000000,0.438706303639572
0.0600000000000000,0.390654479782452
0.0610000000000000,0.343654417930414
0.0620000000000000,0.298573017959515
0.0630000000000000,0.256253263550670
0.0640000000000000,0.217495353041518
0.0650000000000000,0.183038773996628
0.0660000000000000,0.153545755732177
0.0670000000000000,0.129586500564577
0.0680000000000000,0.111626551244063
0.0690000000000000,0.100016599948295
0.0700000000000000,0.0949849846282125
0.0710000000000000,0.0966330528836803
0.0720000000000000,0.104933503513244
0.0730000000000000,0.119731743152923
0.0740000000000000,0.140750221781751
0.0750000000000000,0.167595638137638
0.0760000000000000,0.199768836044553
0.0770000000000000,0.236677147023279
0.0780000000000000,0.277648874956479
0.0790000000000000,0.321949566469780
0.0800000000000000,0.368799667354438
0.0810000000000000,0.417393131858612
0.0820000000000000,0.466916528835632
0.0830000000000000,0.516568177118813
0.0840000000000000,0.565576842377013
0.0850000000000000,0.613219539093699
0.0860000000000000,0.658838003922048
0.0870000000000000,0.701853439940513
0.0880000000000000,0.741779174445950
0.0890000000000000,0.778230924811053
0.0900000000000000,0.810934426319783
0.0910000000000000,0.839730241314525
0.0920000000000000,0.864575638829091
0.0930000000000000,0.885543506421007
0.0940000000000000,0.902818329367109
0.0950000000000000,0.916689344938087
0.0960000000000000,0.927541049332679
0.0970000000000000,0.935841300308921
0.0980000000000000,0.942127317985701
0.0990000000000000,0.946989938238134
0.100000000000000,0.951056516295153
0.101000000000000,0.954972911503254
0.102000000000000,0.959385006924538
0.103000000000000,0.964920228931039
0.104000000000000,0.972169531957206
0.105000000000000,0.981670302078795
0.106000000000000,0.993890610382023
0.107000000000000,1.00921521373144
0.108000000000000,1.02793365736002
0.109000000000000,1.05023078175472
0.110000000000000,1.07617987687493
0.111000000000000,1.10573866128452
0.112000000000000,1.13874819391318
0.113000000000000,1.17493475361095
0.114000000000000,1.21391464820956
0.115000000000000,1.25520184226464
0.116000000000000,1.29821822281252
0.117000000000000,1.34230625705532
0.118000000000000,1.38674373650119
0.119000000000000,1.43076025019669
0.120000000000000,1.47355498657585
0.121000000000000,1.51431543017838
0.122000000000000,1.55223649687992
0.123000000000000,1.58653963988845
0.124000000000000,1.61649145887645
0.125000000000000,1.64142135623731
0.126000000000000,1.66073780729294
0.127000000000000,1.67394284477821
0.128000000000000,1.68064440126396
0.129000000000000,1.68056620528936
0.130000000000000,1.67355498657585
0.131000000000000,1.65958481132377
0.132000000000000,1.63875843863521
0.133000000000000,1.61130566184091
0.134000000000000,1.57757867214601
0.135000000000000,1.53804455473926
0.136000000000000,1.49327509754304
0.137000000000000,1.44393415839653
0.138000000000000,1.39076289604720
0.139000000000000,1.33456322241160
0.140000000000000,1.27617987687492
0.141000000000000,1.21648155686570
0.142000000000000,1.15634156174406
0.143000000000000,1.09661841862120
0.144000000000000,1.03813695879852
0.145000000000000,0.981670302078795
0.146000000000000,0.927923183540712
0.147000000000000,0.877517024041275
0.148000000000000,0.830977102540498
0.149000000000000,0.788722136392272
0.150000000000000,0.751056516295154
0.151000000000000,0.718165377111060
0.152000000000000,0.690112615851682
0.153000000000000,0.666841895523339
0.154000000000000,0.648180599999195
0.155000000000000,0.633846632463469
0.156000000000000,0.623457880033625
0.157000000000000,0.616544101635425
0.158000000000000,0.612560936695071
0.159000000000000,0.610905680187452
0.160000000000000,0.610934426319783
0.161000000000000,0.611980149700073
0.162000000000000,0.613371270061909
0.163000000000000,0.614450235050748
0.164000000000000,0.614591655505554
0.165000000000000,0.613219539093699
0.166000000000000,0.609823190793507
0.167000000000000,0.603971382008577
0.168000000000000,0.595324433219673
0.169000000000000,0.583643906969594
0.170000000000000,0.568799667354438
0.171000000000000,0.550774127596854
0.172000000000000,0.529663577090499
0.173000000000000,0.505676551808862
0.174000000000000,0.479129285378037
0.175000000000000,0.450438350612257
0.176000000000000,0.420110671115236
0.177000000000000,0.388731147938506
0.178000000000000,0.356948205647265
0.179000000000000,0.325457614010754
0.180000000000000,0.294984984628213
0.181000000000000,0.266267375059276
0.182000000000000,0.240034455628104
0.183000000000000,0.216989705454341
0.184000000000000,0.197792104148672
0.185000000000000,0.183038773996628
0.186000000000000,0.173249004625023
0.187000000000000,0.168850058660906
0.188000000000000,0.170165113575474
0.189000000000000,0.177403642819433
0.190000000000000,0.190654479782452
0.191000000000000,0.209881742512498
0.192000000000000,0.234923727124364
0.193000000000000,0.265494805132747
0.194000000000000,0.301190286352116
0.195000000000000,0.341494136323907
0.196000000000000,0.385789367249779
0.197000000000000,0.433370855849563
0.198000000000000,0.483460282037464
0.199000000000000,0.535222830284816
0.200000000000000,0.587785252292473
0.201000000000000,0.640254856194972
0.202000000000000,0.691738964783898
0.203000000000000,0.741364373728960
0.204000000000000,0.788296340775192
0.205000000000000,0.831756648403781
0.206000000000000,0.871040305178625
0.207000000000000,0.905530484401717
0.208000000000000,0.934711341945649
0.209000000000000,0.958178407156817
0.210000000000000,0.975646300247952
0.211000000000000,0.986953595158705
0.212000000000000,0.992064716844863
0.213000000000000,0.991068834638411
0.214000000000000,0.984175786913817
0.215000000000000,0.971709144989856
0.216000000000000,0.954096594202786
0.217000000000000,0.931857875683504
0.218000000000000,0.905590591945202
0.219000000000000,0.875954231473973
0.220000000000000,0.843652810832254
0.221000000000000,0.809416566269519
0.222000000000000,0.773983149663871
0.223000000000000,0.738078795232316
0.224000000000000,0.702399923562851
0.225000000000000,0.667595638137638
0.226000000000000,0.634251546916181
0.227000000000000,0.602875308289541
0.228000000000000,0.573884257622638
0.229000000000000,0.547595418735185
0.230000000000000,0.524218145312432
0.231000000000000,0.503849571848823
0.232000000000000,0.486472983923360
0.233000000000000,0.471959145106313
0.234000000000000,0.460070544390425
0.235000000000000,0.450468455535889
0.236000000000000,0.442722629904676
0.237000000000000,0.436323378957680
0.238000000000000,0.430695743210113
0.239000000000000,0.425215392550938
0.240000000000000,0.419225859710541
0.241000000000000,0.412056675371027
0.242000000000000,0.403041950777063
0.243000000000000,0.391538942281190
0.244000000000000,0.376946132328767
0.245000000000000,0.358720372954098
0.246000000000000,0.336392660637187
0.247000000000000,0.309582144800471
0.248000000000000,0.278008015484521
0.249000000000000,0.241498967767037
0.250000000000000,0.200000000000000
0.251000000000000,0.153576368471019
0.252000000000000,0.102414591033542
0.253000000000000,0.0468204648748767
0.254000000000000,-0.0127858628872076
0.255000000000000,-0.0758776604794777
0.256000000000000,-0.141832031411777
0.257000000000000,-0.209942742385370
0.258000000000000,-0.279435153027083
0.259000000000000,-0.349482889354934
0.260000000000000,-0.419225859710541
0.261000000000000,-0.487789178567029
0.262000000000000,-0.554302540960091
0.263000000000000,-0.617919578853500
0.264000000000000,-0.677836730821667
0.265000000000000,-0.733311168010508
0.266000000000000,-0.783677342140405
0.267000000000000,-0.828361754781660
0.268000000000000,-0.866895590441422
0.269000000000000,-0.898924908086878
0.270000000000000,-0.924218145312432
0.271000000000000,-0.942670754973240
0.272000000000000,-0.954306864140700
0.273000000000000,-0.959277917964888
0.274000000000000,-0.957858344666160
0.275000000000000,-0.950438350612257
0.276000000000000,-0.937514024479840
0.277000000000000,-0.919674995128135
0.278000000000000,-0.897589947413850
0.279000000000000,-0.871990352285612
0.280000000000000,-0.843652810832254
0.281000000000000,-0.813380445457879
0.282000000000000,-0.781983794195221
0.283000000000000,-0.750261675787683
0.284000000000000,-0.718982493285797
0.285000000000000,-0.688866432515236
0.286000000000000,-0.660568989163837
0.287000000000000,-0.634666224963064
0.288000000000000,-0.611642110326801
0.289000000000000,-0.591878258920650
0.290000000000000,-0.575646300247952
0.291000000000000,-0.563103070918762
0.292000000000000,-0.554288735427588
0.293000000000000,-0.549127874726369
0.294000000000000,-0.547433507428645
0.295000000000000,-0.548913935929161
0.296000000000000,-0.553182239858203
0.297000000000000,-0.559768173833142
0.298000000000000,-0.568132167033919
0.299000000000000,-0.577681070178878
0.300000000000000,-0.587785252292474
0.301000000000000,-0.597796616300908
0.302000000000000,-0.607067079787442
0.303000000000000,-0.614967055745382
0.304000000000000,-0.620903468166768
0.305000000000000,-0.624336848798526
0.306000000000000,-0.624797084102096
0.307000000000000,-0.621897414808093
0.308000000000000,-0.615346333642425
0.309000000000000,-0.604957078750554
0.310000000000000,-0.590654479782452
0.311000000000000,-0.572478979057488
0.312000000000000,-0.550587720093536
0.313000000000000,-0.525252668336254
0.314000000000000,-0.496855802375003
0.315000000000000,-0.465881486471247
0.316000000000000,-0.432906205065660
0.317000000000000,-0.398585905350159
0.318000000000000,-0.363641253378083
0.319000000000000,-0.328841161075368
0.320000000000000,-0.294984984628213
0.321000000000000,-0.262883827994662
0.322000000000000,-0.233341407897285
0.323000000000000,-0.207134948042687
0.324000000000000,-0.184996570198246
0.325000000000000,-0.167595638137637
0.326000000000000,-0.155522487628058
0.327000000000000,-0.149273942133515
0.328000000000000,-0.149240970572437
0.329000000000000,-0.155698791358799
0.330000000000000,-0.168799667354438
0.331000000000000,-0.188568570731539
0.332000000000000,-0.214901826701612
0.333000000000000,-0.247568772333230
0.334000000000000,-0.286216393043529
0.335000000000000,-0.330376826619081
0.336000000000000,-0.379477554588565
0.337000000000000,-0.432854035154931
0.338000000000000,-0.489764472311931
0.339000000000000,-0.549406363683980
0.340000000000000,-0.610934426319783
0.341000000000000,-0.673479466203545
0.342000000000000,-0.736167734445051
0.343000000000000,-0.798140301531245
0.344000000000000,-0.858571980950615
0.345000000000000,-0.916689344938089
0.346000000000000,-0.971787397749175
0.347000000000000,-1.02324450519869
0.348000000000000,-1.07053522236974
0.349000000000000,-1.11324071334912
0.350000000000000,-1.15105651629515
0.351000000000000,-1.18379747263033
0.352000000000000,-1.21139970905856
0.353000000000000,-1.23391963371662
0.354000000000000,-1.25152998129069
0.355000000000000,-1.26451301455341
0.356000000000000,-1.27325105971551
0.357000000000000,-1.27821461851702
0.358000000000000,-1.27994835949404
0.359000000000000,-1.27905534288179
0.360000000000000,-1.27617987687493
0.361000000000000,-1.27198943639550
0.362000000000000,-1.26715609829722
0.363000000000000,-1.26233795850071
0.364000000000000,-1.25816099662605
0.365000000000000,-1.25520184226464
0.366000000000000,-1.25397187439603
0.367000000000000,-1.25490305216556
0.368000000000000,-1.25833583211715
0.369000000000000,-1.26450947508571
0.370000000000000,-1.27355498657585
0.371000000000000,-1.28549086905131
0.372000000000000,-1.30022179474590
0.373000000000000,-1.31754023510287
0.374000000000000,-1.33713100954296
0.375000000000000,-1.35857864376269
0.376000000000000,-1.38137735795946
0.377000000000000,-1.40494343999263
0.378000000000000,-1.42862969912994
0.379000000000000,-1.45174164416229
0.380000000000000,-1.47355498657585
0.381000000000000,-1.49333403621279
0.382000000000000,-1.51035053425117
0.383000000000000,-1.52390245695114
0.384000000000000,-1.53333232372951
0.385000000000000,-1.53804455473926
0.386000000000000,-1.53752144595953
0.387000000000000,-1.53133736328629
0.388000000000000,-1.51917080043124
0.389000000000000,-1.50081399752258
0.390000000000000,-1.47617987687493
0.391000000000000,-1.44530611799277
0.392000000000000,-1.40835626387808
0.393000000000000,-1.36561782340679
0.394000000000000,-1.31749740813200
0.395000000000000,-1.26451301455341
0.396000000000000,-1.20728363287420
0.397000000000000,-1.14651642882686
0.398000000000000,-1.08299180467452
0.399000000000000,-1.01754669751935
0.400000000000000,-0.951056516295153
0.401000000000000,-0.884416152222039
0.402000000000000,-0.818520520235721
0.403000000000000,-0.754245100413100
0.404000000000000,-0.692426948415689
0.405000000000000,-0.633846632463467
0.406000000000000,-0.579211531617129
0.407000000000000,-0.529140896745660
0.408000000000000,-0.484153032311029
0.409000000000000,-0.444654905076470
0.410000000000000,-0.410934426319782
0.411000000000000,-0.383155588572998
0.412000000000000,-0.361356567927888
0.413000000000000,-0.345450830265165
0.414000000000000,-0.335231206172070
0.415000000000000,-0.330376826619080
0.416000000000000,-0.330462741460025
0.417000000000000,-0.334971977222993
0.418000000000000,-0.343309731085654
0.419000000000000,-0.354819345842519
0.420000000000000,-0.368799667354439
0.421000000000000,-0.384523352485872
0.422000000000000,-0.401255672706459
0.423000000000000,-0.418273346919098
0.424000000000000,-0.434882936961544
0.425000000000000,-0.450438350612257
0.426000000000000,-0.464357019531729
0.427000000000000,-0.476134352828270
0.428000000000000,-0.485356110031305
0.429000000000000,-0.491708389121736
0.430000000000000,-0.494984984628213
0.431000000000000,-0.495091936186350
0.432000000000000,-0.492049157762125
0.433000000000000,-0.485989110239923
0.434000000000000,-0.477152553482155
0.435000000000000,-0.465881486471245
0.436000000000000,-0.452609453958507
0.437000000000000,-0.437849463446490
0.438000000000000,-0.422179815709494
0.439000000000000,-0.406228203946507
0.440000000000000,-0.390654479782451
0.441000000000000,-0.376132517623480
0.442000000000000,-0.363331631508403
0.443000000000000,-0.352898010022510
0.444000000000000,-0.345436634768610
0.445000000000000,-0.341494136323906
0.446000000000000,-0.341543018833284
0.447000000000000,-0.345967650959799
0.448000000000000,-0.355052377653423
0.449000000000000,-0.368972055173834
0.450000000000000,-0.387785252292473
0.451000000000000,-0.411430295067896
0.452000000000000,-0.439724262649877
0.453000000000000,-0.472364968943378
0.454000000000000,-0.508935891441708
0.455000000000000,-0.548913935929160
0.456000000000000,-0.591679855845141
0.457000000000000,-0.636531079616133
0.458000000000000,-0.682696639811630
0.459000000000000,-0.729353846029743
0.460000000000000,-0.775646300247953
0.461000000000000,-0.820702820047723
0.462000000000000,-0.863656812460824
0.463000000000000,-0.903665629748648
0.464000000000000,-0.939929438497322
0.465000000000000,-0.971709144989856
0.466000000000000,-0.998342942619281
0.467000000000000,-1.01926108057327
0.468000000000000,-1.03399849632924
0.469000000000000,-1.04220500658495
0.470000000000000,-1.04365281083225
0.471000000000000,-1.03824112739659
0.472000000000000,-1.02599785179789
0.473000000000000,-1.00707820001790
0.474000000000000,-0.981760372896334
0.475000000000000,-0.950438350612257
0.476000000000000,-0.913611996249664
0.477000000000000,-0.871874713075124
0.478000000000000,-0.825898959756657
0.479000000000000,-0.776419979862258
0.480000000000000,-0.724218145312433
0.481000000000000,-0.670100346959807
0.482000000000000,-0.614880888307402
0.483000000000000,-0.559362349996079
0.484000000000000,-0.504316892806921
0.485000000000000,-0.450468455535890
0.486000000000000,-0.398476281488182
0.487000000000000,-0.348920174067918
0.488000000000000,-0.302287838826071
0.489000000000000,-0.258964617439956
0.490000000000000,-0.219225859710542
0.491000000000000,-0.183232114243953
0.492000000000000,-0.151027248643042
0.493000000000000,-0.122539537495607
0.494000000000000,-0.0975856829952829
0.495000000000000,-0.0758776604794794
0.496000000000000,-0.0570322113037024
0.497000000000000,-0.0405827400148890
0.498000000000000,-0.0259933133505006
0.499000000000000,-0.0126744066399652
0.500000000000000,-9.55472095589571e-16
0.501000000000000,0.0126744066399633
0.502000000000000,0.0259933133504987
0.503000000000000,0.0405827400148872
0.504000000000000,0.0570322113037006
0.505000000000000,0.0758776604794776
0.506000000000000,0.0975856829952811
0.507000000000000,0.122539537495605
0.508000000000000,0.151027248643041
0.509000000000000,0.183232114243952
0.510000000000000,0.219225859710542
0.511000000000000,0.258964617439955
0.512000000000000,0.302287838826071
0.513000000000000,0.348920174067916
0.514000000000000,0.398476281488181
0.515000000000000,0.450468455535888
0.516000000000000,0.504316892806920
0.517000000000000,0.559362349996077
0.518000000000000,0.614880888307402
0.519000000000000,0.670100346959807
0.520000000000000,0.724218145312432
0.521000000000000,0.776419979862259
0.522000000000000,0.825898959756660
0.523000000000000,0.871874713075125
0.524000000000000,0.913611996249666
0.525000000000000,0.950438350612257
0.526000000000000,0.981760372896336
0.527000000000000,1.00707820001790
0.528000000000000,1.02599785179789
0.529000000000000,1.03824112739659
0.530000000000000,1.04365281083225
0.531000000000000,1.04220500658495
0.532000000000000,1.03399849632924
0.533000000000000,1.01926108057327
0.534000000000000,0.998342942619281
0.535000000000000,0.971709144989853
0.536000000000000,0.939929438497322
0.537000000000000,0.903665629748644
0.538000000000000,0.863656812460821
0.539000000000000,0.820702820047723
0.540000000000000,0.775646300247951
0.541000000000000,0.729353846029743
0.542000000000000,0.682696639811628
0.543000000000000,0.636531079616132
0.544000000000000,0.591679855845136
0.545000000000000,0.548913935929160
0.546000000000000,0.508935891441704
0.547000000000000,0.472364968943377
0.548000000000000,0.439724262649877
0.549000000000000,0.411430295067897
0.550000000000000,0.387785252292472
0.551000000000000,0.368972055173836
0.552000000000000,0.355052377653422
0.553000000000000,0.345967650959797
0.554000000000000,0.341543018833284
0.555000000000000,0.341494136323907
0.556000000000000,0.345436634768612
0.557000000000000,0.352898010022512
0.558000000000000,0.363331631508407
0.559000000000000,0.376132517623480
0.560000000000000,0.390654479782455
0.561000000000000,0.406228203946506
0.562000000000000,0.422179815709495
0.563000000000000,0.437849463446490
0.564000000000000,0.452609453958508
0.565000000000000,0.465881486471249
0.566000000000000,0.477152553482157
0.567000000000000,0.485989110239925
0.568000000000000,0.492049157762125
0.569000000000000,0.495091936186351
0.570000000000000,0.494984984628212
0.571000000000000,0.491708389121735
0.572000000000000,0.485356110031305
0.573000000000000,0.476134352828269
0.574000000000000,0.464357019531729
0.575000000000000,0.450438350612255
0.576000000000000,0.434882936961542
0.577000000000000,0.418273346919099
0.578000000000000,0.401255672706458
0.579000000000000,0.384523352485873
0.580000000000000,0.368799667354438
0.581000000000000,0.354819345842520
0.582000000000000,0.343309731085655
0.583000000000000,0.334971977222993
0.584000000000000,0.330462741460024
0.585000000000000,0.330376826619078
0.586000000000000,0.335231206172069
0.587000000000000,0.345450830265165
0.588000000000000,0.361356567927887
0.589000000000000,0.383155588572998
0.590000000000000,0.410934426319781
0.591000000000000,0.444654905076469
0.592000000000000,0.484153032311026
0.593000000000000,0.529140896745658
0.594000000000000,0.579211531617126
0.595000000000000,0.633846632463465
0.596000000000000,0.692426948415690
0.597000000000000,0.754245100413099
0.598000000000000,0.818520520235723
0.599000000000000,0.884416152222038
0.600000000000000,0.951056516295153
0.601000000000000,1.01754669751934
0.602000000000000,1.08299180467451
0.603000000000000,1.14651642882685
0.604000000000000,1.20728363287419
0.605000000000000,1.26451301455341
0.606000000000000,1.31749740813200
0.607000000000000,1.36561782340679
0.608000000000000,1.40835626387808
0.609000000000000,1.44530611799277
0.610000000000000,1.47617987687492
0.611000000000000,1.50081399752258
0.612000000000000,1.51917080043124
0.613000000000000,1.53133736328629
0.614000000000000,1.53752144595954
0.615000000000000,1.53804455473926
0.616000000000000,1.53333232372951
0.617000000000000,1.52390245695114
0.618000000000000,1.51035053425117
0.619000000000000,1.49333403621279
0.620000000000000,1.47355498657585
0.621000000000000,1.45174164416229
0.622000000000000,1.42862969912994
0.623000000000000,1.40494343999263
0.624000000000000,1.38137735795946
0.625000000000000,1.35857864376269
0.626000000000000,1.33713100954296
0.627000000000000,1.31754023510286
0.628000000000000,1.30022179474590
0.629000000000000,1.28549086905131
0.630000000000000,1.27355498657585
0.631000000000000,1.26450947508571
0.632000000000000,1.25833583211715
0.633000000000000,1.25490305216556
0.634000000000000,1.25397187439603
0.635000000000000,1.25520184226464
0.636000000000000,1.25816099662605
0.637000000000000,1.26233795850071
0.638000000000000,1.26715609829722
0.639000000000000,1.27198943639550
0.640000000000000,1.27617987687492
0.641000000000000,1.27905534288179
0.642000000000000,1.27994835949404
0.643000000000000,1.27821461851702
0.644000000000000,1.27325105971551
0.645000000000000,1.26451301455342
0.646000000000000,1.25152998129069
0.647000000000000,1.23391963371662
0.648000000000000,1.21139970905856
0.649000000000000,1.18379747263033
0.650000000000000,1.15105651629515
0.651000000000000,1.11324071334912
0.652000000000000,1.07053522236974
0.653000000000000,1.02324450519869
0.654000000000000,0.971787397749173
0.655000000000000,0.916689344938089
0.656000000000000,0.858571980950612
0.657000000000000,0.798140301531241
0.658000000000000,0.736167734445047
0.659000000000000,0.673479466203541
0.660000000000000,0.610934426319783
0.661000000000000,0.549406363683978
0.662000000000000,0.489764472311930
0.663000000000000,0.432854035154927
0.664000000000000,0.379477554588563
0.665000000000000,0.330376826619079
0.666000000000000,0.286216393043527
0.667000000000000,0.247568772333229
0.668000000000000,0.214901826701611
0.669000000000000,0.188568570731538
0.670000000000000,0.168799667354438
0.671000000000000,0.155698791358798
0.672000000000000,0.149240970572438
0.673000000000000,0.149273942133515
0.674000000000000,0.155522487628060
0.675000000000000,0.167595638137639
0.676000000000000,0.184996570198248
0.677000000000000,0.207134948042689
0.678000000000000,0.233341407897285
0.679000000000000,0.262883827994664
0.680000000000000,0.294984984628212
0.681000000000000,0.328841161075371
0.682000000000000,0.363641253378086
0.683000000000000,0.398585905350162
0.684000000000000,0.432906205065663
0.685000000000000,0.465881486471249
0.686000000000000,0.496855802375004
0.687000000000000,0.525252668336254
0.688000000000000,0.550587720093537
0.689000000000000,0.572478979057486
0.690000000000000,0.590654479782453
0.691000000000000,0.604957078750556
0.692000000000000,0.615346333642424
0.693000000000000,0.621897414808095
0.694000000000000,0.624797084102093
0.695000000000000,0.624336848798526
0.696000000000000,0.620903468166764
0.697000000000000,0.614967055745381
0.698000000000000,0.607067079787440
0.699000000000000,0.597796616300907
0.700000000000000,0.587785252292475
0.701000000000000,0.577681070178875
0.702000000000000,0.568132167033920
0.703000000000000,0.559768173833138
0.704000000000000,0.553182239858202
0.705000000000000,0.548913935929160
0.706000000000000,0.547433507428645
0.707000000000000,0.549127874726370
0.708000000000000,0.554288735427587
0.709000000000000,0.563103070918762
0.710000000000000,0.575646300247951
0.711000000000000,0.591878258920649
0.712000000000000,0.611642110326799
0.713000000000000,0.634666224963065
0.714000000000000,0.660568989163835
0.715000000000000,0.688866432515237
0.716000000000000,0.718982493285796
0.717000000000000,0.750261675787685
0.718000000000000,0.781983794195221
0.719000000000000,0.813380445457881
0.720000000000000,0.843652810832254
0.721000000000000,0.871990352285613
0.722000000000000,0.897589947413850
0.723000000000000,0.919674995128133
0.724000000000000,0.937514024479841
0.725000000000000,0.950438350612256
0.726000000000000,0.957858344666161
0.727000000000000,0.959277917964888
0.728000000000000,0.954306864140702
0.729000000000000,0.942670754973240
0.730000000000000,0.924218145312433
0.731000000000000,0.898924908086878
0.732000000000000,0.866895590441424
0.733000000000000,0.828361754781662
0.734000000000000,0.783677342140405
0.735000000000000,0.733311168010510
0.736000000000000,0.677836730821666
0.737000000000000,0.617919578853500
0.738000000000000,0.554302540960092
0.739000000000000,0.487789178567031
0.740000000000000,0.419225859710541
0.741000000000000,0.349482889354938
0.742000000000000,0.279435153027085
0.743000000000000,0.209942742385371
0.744000000000000,0.141832031411779
0.745000000000000,0.0758776604794781
0.746000000000000,0.0127858628872096
0.747000000000000,-0.0468204648748764
0.748000000000000,-0.102414591033539
0.749000000000000,-0.153576368471018
0.750000000000000,-0.199999999999997
0.751000000000000,-0.241498967767035
0.752000000000000,-0.278008015484521
0.753000000000000,-0.309582144800468
0.754000000000000,-0.336392660637187
0.755000000000000,-0.358720372954093
0.756000000000000,-0.376946132328767
0.757000000000000,-0.391538942281185
0.758000000000000,-0.403041950777062
0.759000000000000,-0.412056675371025
0.760000000000000,-0.419225859710538
0.761000000000000,-0.425215392550938
0.762000000000000,-0.430695743210109
0.763000000000000,-0.436323378957681
0.764000000000000,-0.442722629904673
0.765000000000000,-0.450468455535889
0.766000000000000,-0.460070544390423
0.767000000000000,-0.471959145106313
0.768000000000000,-0.486472983923360
0.769000000000000,-0.503849571848822
0.770000000000000,-0.524218145312432
0.771000000000000,-0.547595418735184
0.772000000000000,-0.573884257622639
0.773000000000000,-0.602875308289541
0.774000000000000,-0.634251546916182
0.775000000000000,-0.667595638137639
0.776000000000000,-0.702399923562852
0.777000000000000,-0.738078795232318
0.778000000000000,-0.773983149663872
0.779000000000000,-0.809416566269520
0.780000000000000,-0.843652810832256
0.781000000000000,-0.875954231473973
0.782000000000000,-0.905590591945203
0.783000000000000,-0.931857875683504
0.784000000000000,-0.954096594202788
0.785000000000000,-0.971709144989857
0.786000000000000,-0.984175786913817
0.787000000000000,-0.991068834638413
0.788000000000000,-0.992064716844863
0.789000000000000,-0.986953595158705
0.790000000000000,-0.975646300247951
0.791000000000000,-0.958178407156818
0.792000000000000,-0.934711341945649
0.793000000000000,-0.905530484401716
0.794000000000000,-0.871040305178624
0.795000000000000,-0.831756648403776
0.796000000000000,-0.788296340775191
0.797000000000000,-0.741364373728956
0.798000000000000,-0.691738964783897
0.799000000000000,-0.640254856194970
0.800000000000000,-0.587785252292472
0.801000000000000,-0.535222830284815
0.802000000000000,-0.483460282037459
0.803000000000000,-0.433370855849562
0.804000000000000,-0.385789367249775
0.805000000000000,-0.341494136323906
0.806000000000000,-0.301190286352113
0.807000000000000,-0.265494805132746
0.808000000000000,-0.234923727124363
0.809000000000000,-0.209881742512499
0.810000000000000,-0.190654479782452
0.811000000000000,-0.177403642819431
0.812000000000000,-0.170165113575475
0.813000000000000,-0.168850058660906
0.814000000000000,-0.173249004625024
0.815000000000000,-0.183038773996630
0.816000000000000,-0.197792104148673
0.817000000000000,-0.216989705454341
0.818000000000000,-0.240034455628104
0.819000000000000,-0.266267375059280
0.820000000000000,-0.294984984628214
0.821000000000000,-0.325457614010756
0.822000000000000,-0.356948205647264
0.823000000000000,-0.388731147938510
0.824000000000000,-0.420110671115238
0.825000000000000,-0.450438350612258
0.826000000000000,-0.479129285378039
0.827000000000000,-0.505676551808862
0.828000000000000,-0.529663577090501
0.829000000000000,-0.550774127596855
0.830000000000000,-0.568799667354439
0.831000000000000,-0.583643906969595
0.832000000000000,-0.595324433219673
0.833000000000000,-0.603971382008577
0.834000000000000,-0.609823190793508
0.835000000000000,-0.613219539093697
0.836000000000000,-0.614591655505551
0.837000000000000,-0.614450235050748
0.838000000000000,-0.613371270061910
0.839000000000000,-0.611980149700068
0.840000000000000,-0.610934426319781
0.841000000000000,-0.610905680187449
0.842000000000000,-0.612560936695071
0.843000000000000,-0.616544101635425
0.844000000000000,-0.623457880033621
0.845000000000000,-0.633846632463468
0.846000000000000,-0.648180599999194
0.847000000000000,-0.666841895523339
0.848000000000000,-0.690112615851678
0.849000000000000,-0.718165377111059
0.850000000000000,-0.751056516295151
0.851000000000000,-0.788722136392270
0.852000000000000,-0.830977102540493
0.853000000000000,-0.877517024041273
0.854000000000000,-0.927923183540712
0.855000000000000,-0.981670302078792
0.856000000000000,-1.03813695879852
0.857000000000000,-1.09661841862120
0.858000000000000,-1.15634156174406
0.859000000000000,-1.21648155686570
0.860000000000000,-1.27617987687492
0.861000000000000,-1.33456322241159
0.862000000000000,-1.39076289604720
0.863000000000000,-1.44393415839653
0.864000000000000,-1.49327509754304
0.865000000000000,-1.53804455473926
0.866000000000000,-1.57757867214601
0.867000000000000,-1.61130566184091
0.868000000000000,-1.63875843863521
0.869000000000000,-1.65958481132377
0.870000000000000,-1.67355498657585
0.871000000000000,-1.68056620528936
0.872000000000000,-1.68064440126396
0.873000000000000,-1.67394284477821
0.874000000000000,-1.66073780729294
0.875000000000000,-1.64142135623731
0.876000000000000,-1.61649145887645
0.877000000000000,-1.58653963988845
0.878000000000000,-1.55223649687992
0.879000000000000,-1.51431543017838
0.880000000000000,-1.47355498657585
0.881000000000000,-1.43076025019669
0.882000000000000,-1.38674373650119
0.883000000000000,-1.34230625705532
0.884000000000000,-1.29821822281252
0.885000000000000,-1.25520184226464
0.886000000000000,-1.21391464820956
0.887000000000000,-1.17493475361095
0.888000000000000,-1.13874819391318
0.889000000000000,-1.10573866128452
0.890000000000000,-1.07617987687492
0.891000000000000,-1.05023078175472
0.892000000000000,-1.02793365736002
0.893000000000000,-1.00921521373144
0.894000000000000,-0.993890610382024
0.895000000000000,-0.981670302078797
0.896000000000000,-0.972169531957206
0.897000000000000,-0.964920228931041
0.898000000000000,-0.959385006924541
0.899000000000000,-0.954972911503253
0.900000000000000,-0.951056516295154
0.901000000000000,-0.946989938238131
0.902000000000000,-0.942127317985706
0.903000000000000,-0.935841300308923
0.904000000000000,-0.927541049332681
0.905000000000000,-0.916689344938087
0.906000000000000,-0.902818329367109
0.907000000000000,-0.885543506421009
0.908000000000000,-0.864575638829090
0.909000000000000,-0.839730241314526
0.910000000000000,-0.810934426319782
0.911000000000000,-0.778230924811054
0.912000000000000,-0.741779174445949
0.913000000000000,-0.701853439940513
0.914000000000000,-0.658838003922049
0.915000000000000,-0.613219539093696
0.916000000000000,-0.565576842377011
0.917000000000000,-0.516568177118811
0.918000000000000,-0.466916528835633
0.919000000000000,-0.417393131858613
0.920000000000000,-0.368799667354436
0.921000000000000,-0.321949566469778
0.922000000000000,-0.277648874956478
0.923000000000000,-0.236677147023280
0.924000000000000,-0.199768836044550
0.925000000000000,-0.167595638137636
0.926000000000000,-0.140750221781750
0.927000000000000,-0.119731743152923
0.928000000000000,-0.104933503513244
0.929000000000000,-0.0966330528836796
0.930000000000000,-0.0949849846282120
0.931000000000000,-0.100016599948294
0.932000000000000,-0.111626551244064
0.933000000000000,-0.129586500564579
0.934000000000000,-0.153545755732179
0.935000000000000,-0.183038773996630
0.936000000000000,-0.217495353041518
0.937000000000000,-0.256253263550675
0.938000000000000,-0.298573017959518
0.939000000000000,-0.343654417930416
0.940000000000000,-0.390654479782455
0.941000000000000,-0.438706303639573
0.942000000000000,-0.486938429258389
0.943000000000000,-0.534494209918332
0.944000000000000,-0.580550735685602
0.945000000000000,-0.624336848798526
0.946000000000000,-0.665149816583266
0.947000000000000,-0.702370260635147
0.948000000000000,-0.735474984171485
0.949000000000000,-0.764047391411892
0.950000000000000,-0.787785252292474
0.951000000000000,-0.806505631305953
0.952000000000000,-0.820146869167939
0.953000000000000,-0.828767578618724
0.954000000000000,-0.832542689191686
0.955000000000000,-0.831756648403777
0.956000000000000,-0.826793956762126
0.957000000000000,-0.818127279511950
0.958000000000000,-0.806303437561609
0.959000000000000,-0.791927632045837
0.960000000000000,-0.775646300247953
0.961000000000000,-0.758129034031631
0.962000000000000,-0.740050014710846
0.963000000000000,-0.722069429852827
0.964000000000000,-0.704815337580333
0.965000000000000,-0.688866432515237
0.966000000000000,-0.674736144869303
0.967000000000000,-0.662858470897921
0.968000000000000,-0.653575889811181
0.969000000000000,-0.647129670346900
0.970000000000000,-0.643652810832254
0.971000000000000,-0.643165791158540
0.972000000000000,-0.645575245279830
0.973000000000000,-0.650675590342552
0.974000000000000,-0.658153575146356
0.975000000000000,-0.667595638137636
0.976000000000000,-0.678497895332679
0.977000000000000,-0.690278513179307
0.978000000000000,-0.702292162006680
0.979000000000000,-0.713846193846165
0.980000000000000,-0.724218145312435
0.981000000000000,-0.732674132975899
0.982000000000000,-0.738487686057382
0.983000000000000,-0.740958549891896
0.984000000000000,-0.739430993723909
0.985000000000000,-0.733311168010510
0.986000000000000,-0.722083079238162
0.987000000000000,-0.705322783743264
0.988000000000000,-0.682710445344133
0.989000000000000,-0.654039953678012
0.990000000000000,-0.619225859710543
0.991000000000000,-0.578307450482009
0.992000000000000,-0.531449855161105
0.993000000000000,-0.478942147170956
0.994000000000000,-0.421192480745261
0.995000000000000,-0.358720372954098
0.996000000000000,-0.292146312220693
0.997000000000000,-0.222178939910710
0.998000000000000,-0.149600111100478
0.999000000000000,-0.0752481926560566
1.00000000000000,-1.51806684643345e-15
1.00100000000000,0.0752481926560645
1.00200000000000,0.149600111100475
1.00300000000000,0.222178939910712
1.00400000000000,0.292146312220690
1.00500000000000,0.358720372954104
1.00600000000000,0.421192480745258
1.00700000000000,0.478942147170958
1.00800000000000,0.531449855161102
1.00900000000000,0.578307450482012
1.01000000000000,0.619225859710540
1.01100000000000,0.654039953678013
1.01200000000000,0.682710445344131
1.01300000000000,0.705322783743263
1.01400000000000,0.722083079238159
1.01500000000000,0.733311168010506
1.01600000000000,0.739430993723906
1.01700000000000,0.740958549891895
1.01800000000000,0.738487686057379
1.01900000000000,0.732674132975892
1.02000000000000,0.724218145312434
1.02100000000000,0.713846193846166
1.02200000000000,0.702292162006679
1.02300000000000,0.690278513179302
1.02400000000000,0.678497895332677
1.02500000000000,0.667595638137637
1.02600000000000,0.658153575146355
1.02700000000000,0.650675590342552
1.02800000000000,0.645575245279830
1.02900000000000,0.643165791158538
1.03000000000000,0.643652810832255
1.03100000000000,0.647129670346898
1.03200000000000,0.653575889811181
1.03300000000000,0.662858470897922
1.03400000000000,0.674736144869306
1.03500000000000,0.688866432515235
1.03600000000000,0.704815337580334
1.03700000000000,0.722069429852832
1.03800000000000,0.740050014710845
1.03900000000000,0.758129034031630
1.04000000000000,0.775646300247955
1.04100000000000,0.791927632045842
1.04200000000000,0.806303437561606
1.04300000000000,0.818127279511952
1.04400000000000,0.826793956762134
1.04500000000000,0.831756648403775
1.04600000000000,0.832542689191685
1.04700000000000,0.828767578618726
1.04800000000000,0.820146869167942
1.04900000000000,0.806505631305951
1.05000000000000,0.787785252292472
1.05100000000000,0.764047391411894
1.05200000000000,0.735474984171479
1.05300000000000,0.702370260635148
1.05400000000000,0.665149816583262
1.05500000000000,0.624336848798530
1.05600000000000,0.580550735685594
1.05700000000000,0.534494209918334
1.05800000000000,0.486938429258383
1.05900000000000,0.438706303639577
1.06000000000000,0.390654479782451
1.06100000000000,0.343654417930417
1.06200000000000,0.298573017959515
1.06300000000000,0.256253263550673
1.06400000000000,0.217495353041517
1.06500000000000,0.183038773996630
1.06600000000000,0.153545755732176
1.06700000000000,0.129586500564578
1.06800000000000,0.111626551244062
1.06900000000000,0.100016599948296
1.07000000000000,0.0949849846282111
1.07100000000000,0.0966330528836796
1.07200000000000,0.104933503513244
1.07300000000000,0.119731743152923
1.07400000000000,0.140750221781754
1.07500000000000,0.167595638137636
1.07600000000000,0.199768836044556
1.07700000000000,0.236677147023279
1.07800000000000,0.277648874956479
1.07900000000000,0.321949566469777
1.08000000000000,0.368799667354441
1.08100000000000,0.417393131858613
1.08200000000000,0.466916528835634
1.08300000000000,0.516568177118810
1.08400000000000,0.565576842377014
1.08500000000000,0.613219539093696
1.08600000000000,0.658838003922049
1.08700000000000,0.701853439940509
1.08800000000000,0.741779174445955
1.08900000000000,0.778230924811052
1.09000000000000,0.810934426319783
1.09100000000000,0.839730241314520
1.09200000000000,0.864575638829092
1.09300000000000,0.885543506421007
1.09400000000000,0.902818329367107
1.09500000000000,0.916689344938088
1.09600000000000,0.927541049332682
1.09700000000000,0.935841300308920
1.09800000000000,0.942127317985698
1.09900000000000,0.946989938238132
1.10000000000000,0.951056516295155
1.10100000000000,0.954972911503250
1.10200000000000,0.959385006924533
1.10300000000000,0.964920228931041
1.10400000000000,0.972169531957207
1.10500000000000,0.981670302078791
1.10600000000000,0.993890610382025
1.10700000000000,1.00921521373144
1.10800000000000,1.02793365736002
1.10900000000000,1.05023078175471
1.11000000000000,1.07617987687493
1.11100000000000,1.10573866128452
1.11200000000000,1.13874819391318
1.11300000000000,1.17493475361095
1.11400000000000,1.21391464820956
1.11500000000000,1.25520184226464
1.11600000000000,1.29821822281252
1.11700000000000,1.34230625705533
1.11800000000000,1.38674373650119
1.11900000000000,1.43076025019669
1.12000000000000,1.47355498657585
1.12100000000000,1.51431543017838
1.12200000000000,1.55223649687993
1.12300000000000,1.58653963988845
1.12400000000000,1.61649145887645
1.12500000000000,1.64142135623731
1.12600000000000,1.66073780729294
1.12700000000000,1.67394284477821
1.12800000000000,1.68064440126397
1.12900000000000,1.68056620528936
1.13000000000000,1.67355498657585
1.13100000000000,1.65958481132377
1.13200000000000,1.63875843863521
1.13300000000000,1.61130566184091
1.13400000000000,1.57757867214600
1.13500000000000,1.53804455473926
1.13600000000000,1.49327509754304
1.13700000000000,1.44393415839653
1.13800000000000,1.39076289604720
1.13900000000000,1.33456322241159
1.14000000000000,1.27617987687492
1.14100000000000,1.21648155686570
1.14200000000000,1.15634156174405
1.14300000000000,1.09661841862121
1.14400000000000,1.03813695879851
1.14500000000000,0.981670302078798
1.14600000000000,0.927923183540703
1.14700000000000,0.877517024041276
1.14800000000000,0.830977102540495
1.14900000000000,0.788722136392269
1.15000000000000,0.751056516295149
1.15100000000000,0.718165377111061
1.15200000000000,0.690112615851682
1.15300000000000,0.666841895523338
1.15400000000000,0.648180599999197
1.15500000000000,0.633846632463471
1.15600000000000,0.623457880033625
1.15700000000000,0.616544101635427
1.15800000000000,0.612560936695072
1.15900000000000,0.610905680187455
1.16000000000000,0.610934426319785
1.16100000000000,0.611980149700071
1.16200000000000,0.613371270061911
1.16300000000000,0.614450235050752
1.16400000000000,0.614591655505551
1.16500000000000,0.613219539093699
1.16600000000000,0.609823190793510
1.16700000000000,0.603971382008577
1.16800000000000,0.595324433219674
1.16900000000000,0.583643906969594
1.17000000000000,0.568799667354442
1.17100000000000,0.550774127596852
1.17200000000000,0.529663577090502
1.17300000000000,0.505676551808862
1.17400000000000,0.479129285378039
1.17500000000000,0.450438350612254
1.17600000000000,0.420110671115238
1.17700000000000,0.388731147938504
1.17800000000000,0.356948205647264
1.17900000000000,0.325457614010755
1.18000000000000,0.294984984628214
1.18100000000000,0.266267375059273
1.18200000000000,0.240034455628103
1.18300000000000,0.216989705454341
1.18400000000000,0.197792104148670
1.18500000000000,0.183038773996628
1.18600000000000,0.173249004625025
1.18700000000000,0.168850058660905
1.18800000000000,0.170165113575471
1.18900000000000,0.177403642819433
1.19000000000000,0.190654479782451
1.19100000000000,0.209881742512498
1.19200000000000,0.234923727124364
1.19300000000000,0.265494805132750
1.19400000000000,0.301190286352112
1.19500000000000,0.341494136323906
1.19600000000000,0.385789367249779
1.19700000000000,0.433370855849563
1.19800000000000,0.483460282037458
1.19900000000000,0.535222830284823
1.20000000000000,0.587785252292473
1.20100000000000,0.640254856194970
1.20200000000000,0.691738964783892
1.20300000000000,0.741364373728965
1.20400000000000,0.788296340775188
1.20500000000000,0.831756648403779
1.20600000000000,0.871040305178620
1.20700000000000,0.905530484401720
1.20800000000000,0.934711341945647
1.20900000000000,0.958178407156817
1.21000000000000,0.975646300247953
1.21100000000000,0.986953595158706
1.21200000000000,0.992064716844862
1.21300000000000,0.991068834638409
1.21400000000000,0.984175786913817
1.21500000000000,0.971709144989853
1.21600000000000,0.954096594202786
1.21700000000000,0.931857875683503
1.21800000000000,0.905590591945200
1.21900000000000,0.875954231473972
1.22000000000000,0.843652810832254
1.22100000000000,0.809416566269517
1.22200000000000,0.773983149663875
1.22300000000000,0.738078795232314
1.22400000000000,0.702399923562852
1.22500000000000,0.667595638137634
1.22600000000000,0.634251546916184
1.22700000000000,0.602875308289539
1.22800000000000,0.573884257622640
1.22900000000000,0.547595418735184
1.23000000000000,0.524218145312433
1.23100000000000,0.503849571848824
1.23200000000000,0.486472983923361
1.23300000000000,0.471959145106315
1.23400000000000,0.460070544390427
1.23500000000000,0.450468455535888
1.23600000000000,0.442722629904679
1.23700000000000,0.436323378957679
1.23800000000000,0.430695743210115
1.23900000000000,0.425215392550937
1.24000000000000,0.419225859710545
1.24100000000000,0.412056675371026
1.24200000000000,0.403041950777062
1.24300000000000,0.391538942281189
1.24400000000000,0.376946132328768
1.24500000000000,0.358720372954097
1.24600000000000,0.336392660637187
1.24700000000000,0.309582144800470
1.24800000000000,0.278008015484524
1.24900000000000,0.241498967767038
1.25000000000000,0.200000000000000
1.25100000000000,0.153576368471015
1.25200000000000,0.102414591033545
1.25300000000000,0.0468204648748695
1.25400000000000,-0.0127858628872082
1.25500000000000,-0.0758776604794802
1.25600000000000,-0.141832031411773
1.25700000000000,-0.209942742385379
1.25800000000000,-0.279435153027085
1.25900000000000,-0.349482889354937
1.26000000000000,-0.419225859710542
1.26100000000000,-0.487789178567038
1.26200000000000,-0.554302540960087
1.26300000000000,-0.617919578853502
1.26400000000000,-0.677836730821666
1.26500000000000,-0.733311168010514
1.26600000000000,-0.783677342140401
1.26700000000000,-0.828361754781661
1.26800000000000,-0.866895590441422
1.26900000000000,-0.898924908086880
1.27000000000000,-0.924218145312430
1.27100000000000,-0.942670754973241
1.27200000000000,-0.954306864140699
1.27300000000000,-0.959277917964887
1.27400000000000,-0.957858344666158
1.27500000000000,-0.950438350612255
1.27600000000000,-0.937514024479838
1.27700000000000,-0.919674995128132
1.27800000000000,-0.897589947413848
1.27900000000000,-0.871990352285608
1.28000000000000,-0.843652810832258
1.28100000000000,-0.813380445457886
1.28200000000000,-0.781983794195220
1.28300000000000,-0.750261675787685
1.28400000000000,-0.718982493285800
1.28500000000000,-0.688866432515236
1.28600000000000,-0.660568989163836
1.28700000000000,-0.634666224963069
1.28800000000000,-0.611642110326802
1.28900000000000,-0.591878258920649
1.29000000000000,-0.575646300247952
1.29100000000000,-0.563103070918766
1.29200000000000,-0.554288735427590
1.29300000000000,-0.549127874726369
1.29400000000000,-0.547433507428648
1.29500000000000,-0.548913935929164
1.29600000000000,-0.553182239858199
1.29700000000000,-0.559768173833142
1.29800000000000,-0.568132167033920
1.29900000000000,-0.577681070178882
1.30000000000000,-0.587785252292473
1.30100000000000,-0.597796616300911
1.30200000000000,-0.607067079787445
1.30300000000000,-0.614967055745378
1.30400000000000,-0.620903468166768
1.30500000000000,-0.624336848798526
1.30600000000000,-0.624797084102096
1.30700000000000,-0.621897414808092
1.30800000000000,-0.615346333642425
1.30900000000000,-0.604957078750557
1.31000000000000,-0.590654479782454
1.31100000000000,-0.572478979057488
1.31200000000000,-0.550587720093535
1.31300000000000,-0.525252668336258
1.31400000000000,-0.496855802374998
1.31500000000000,-0.465881486471247
1.31600000000000,-0.432906205065658
1.31700000000000,-0.398585905350165
1.31800000000000,-0.363641253378080
1.31900000000000,-0.328841161075368
1.32000000000000,-0.294984984628214
1.32100000000000,-0.262883827994661
1.32200000000000,-0.233341407897282
1.32300000000000,-0.207134948042691
1.32400000000000,-0.184996570198247
1.32500000000000,-0.167595638137637
1.32600000000000,-0.155522487628057
1.32700000000000,-0.149273942133516
1.32800000000000,-0.149240970572437
1.32900000000000,-0.155698791358797
1.33000000000000,-0.168799667354439
1.33100000000000,-0.188568570731536
1.33200000000000,-0.214901826701613
1.33300000000000,-0.247568772333228
1.33400000000000,-0.286216393043532
1.33500000000000,-0.330376826619076
1.33600000000000,-0.379477554588568
1.33700000000000,-0.432854035154928
1.33800000000000,-0.489764472311930
1.33900000000000,-0.549406363683978
1.34000000000000,-0.610934426319788
1.34100000000000,-0.673479466203542
1.34200000000000,-0.736167734445049
1.34300000000000,-0.798140301531242
1.34400000000000,-0.858571980950618
1.34500000000000,-0.916689344938081
1.34600000000000,-0.971787397749179
1.34700000000000,-1.02324450519868
1.34800000000000,-1.07053522236975
1.34900000000000,-1.11324071334911
1.35000000000000,-1.15105651629516
1.35100000000000,-1.18379747263032
1.35200000000000,-1.21139970905856
1.35300000000000,-1.23391963371662
1.35400000000000,-1.25152998129069
1.35500000000000,-1.26451301455341
1.35600000000000,-1.27325105971551
1.35700000000000,-1.27821461851702
1.35800000000000,-1.27994835949404
1.35900000000000,-1.27905534288179
1.36000000000000,-1.27617987687492
1.36100000000000,-1.27198943639550
1.36200000000000,-1.26715609829722
1.36300000000000,-1.26233795850071
1.36400000000000,-1.25816099662605
1.36500000000000,-1.25520184226464
1.36600000000000,-1.25397187439602
1.36700000000000,-1.25490305216556
1.36800000000000,-1.25833583211715
1.36900000000000,-1.26450947508571
1.37000000000000,-1.27355498657585
1.37100000000000,-1.28549086905131
1.37200000000000,-1.30022179474590
1.37300000000000,-1.31754023510287
1.37400000000000,-1.33713100954297
1.37500000000000,-1.35857864376269
1.37600000000000,-1.38137735795946
1.37700000000000,-1.40494343999263
1.37800000000000,-1.42862969912995
1.37900000000000,-1.45174164416229
1.38000000000000,-1.47355498657585
1.38100000000000,-1.49333403621278
1.38200000000000,-1.51035053425117
1.38300000000000,-1.52390245695114
1.38400000000000,-1.53333232372951
1.38500000000000,-1.53804455473926
1.38600000000000,-1.53752144595953
1.38700000000000,-1.53133736328629
1.38800000000000,-1.51917080043124
1.38900000000000,-1.50081399752258
1.39000000000000,-1.47617987687492
1.39100000000000,-1.44530611799277
1.39200000000000,-1.40835626387808
1.39300000000000,-1.36561782340679
1.39400000000000,-1.31749740813200
1.39500000000000,-1.26451301455341
1.39600000000000,-1.20728363287419
1.39700000000000,-1.14651642882686
1.39800000000000,-1.08299180467451
1.39900000000000,-1.01754669751935
1.40000000000000,-0.951056516295146
1.40100000000000,-0.884416152222041
1.40200000000000,-0.818520520235716
1.40300000000000,-0.754245100413107
1.40400000000000,-0.692426948415683
1.40500000000000,-0.633846632463468
1.40600000000000,-0.579211531617124
1.40700000000000,-0.529140896745658
1.40800000000000,-0.484153032311034
1.40900000000000,-0.444654905076471
1.41000000000000,-0.410934426319789
1.41100000000000,-0.383155588572997
1.41200000000000,-0.361356567927893
1.41300000000000,-0.345450830265168
1.41400000000000,-0.335231206172068
1.41500000000000,-0.330376826619081
1.41600000000000,-0.330462741460027
1.41700000000000,-0.334971977222999
1.41800000000000,-0.343309731085651
1.41900000000000,-0.354819345842522
1.42000000000000,-0.368799667354441
1.42100000000000,-0.384523352485872
1.42200000000000,-0.401255672706456
1.42300000000000,-0.418273346919101
1.42400000000000,-0.434882936961540
1.42500000000000,-0.450438350612256
1.42600000000000,-0.464357019531731
1.42700000000000,-0.476134352828272
1.42800000000000,-0.485356110031304
1.42900000000000,-0.491708389121735
1.43000000000000,-0.494984984628213
1.43100000000000,-0.495091936186348
1.43200000000000,-0.492049157762126
1.43300000000000,-0.485989110239925
1.43400000000000,-0.477152553482155
1.43500000000000,-0.465881486471242
1.43600000000000,-0.452609453958508
1.43700000000000,-0.437849463446488
1.43800000000000,-0.422179815709491
1.43900000000000,-0.406228203946504
1.44000000000000,-0.390654479782452
1.44100000000000,-0.376132517623478
1.44200000000000,-0.363331631508399
1.44300000000000,-0.352898010022512
1.44400000000000,-0.345436634768609
1.44500000000000,-0.341494136323904
1.44600000000000,-0.341543018833280
1.44700000000000,-0.345967650959799
1.44800000000000,-0.355052377653422
1.44900000000000,-0.368972055173832
1.45000000000000,-0.387785252292474
1.45100000000000,-0.411430295067900
1.45200000000000,-0.439724262649876
1.45300000000000,-0.472364968943376
1.45400000000000,-0.508935891441705
1.45500000000000,-0.548913935929164
1.45600000000000,-0.591679855845138
1.45700000000000,-0.636531079616130
1.45800000000000,-0.682696639811626
1.45900000000000,-0.729353846029747
1.46000000000000,-0.775646300247951
1.46100000000000,-0.820702820047725
1.46200000000000,-0.863656812460819
1.46300000000000,-0.903665629748651
1.46400000000000,-0.939929438497317
1.46500000000000,-0.971709144989857
1.46600000000000,-0.998342942619282
1.46700000000000,-1.01926108057327
1.46800000000000,-1.03399849632924
1.46900000000000,-1.04220500658496
1.47000000000000,-1.04365281083226
1.47100000000000,-1.03824112739659
1.47200000000000,-1.02599785179789
1.47300000000000,-1.00707820001790
1.47400000000000,-0.981760372896335
1.47500000000000,-0.950438350612252
1.47600000000000,-0.913611996249666
1.47700000000000,-0.871874713075122
1.47800000000000,-0.825898959756659
1.47900000000000,-0.776419979862255
1.48000000000000,-0.724218145312432
1.48100000000000,-0.670100346959800
1.48200000000000,-0.614880888307408
1.48300000000000,-0.559362349996072
1.48400000000000,-0.504316892806923
1.48500000000000,-0.450468455535886
1.48600000000000,-0.398476281488182
1.48700000000000,-0.348920174067914
1.48800000000000,-0.302287838826075
1.48900000000000,-0.258964617439955
1.49000000000000,-0.219225859710541
1.49100000000000,-0.183232114243952
1.49200000000000,-0.151027248643047
1.49300000000000,-0.122539537495603
1.49400000000000,-0.0975856829952820
1.49500000000000,-0.0758776604794797
1.49600000000000,-0.0570322113037100
1.49700000000000,-0.0405827400148830
1.49800000000000,-0.0259933133505007
1.49900000000000,-0.0126744066399673
1.50000000000000,-3.57695902252881e-15
1.50100000000000,0.0126744066399666
1.50200000000000,0.0259933133504950
1.50300000000000,0.0405827400148829
1.50400000000000,0.0570322113037045
1.50500000000000,0.0758776604794807
1.50600000000000,0.0975856829952768
1.50700000000000,0.122539537495603
1.50800000000000,0.151027248643042
1.50900000000000,0.183232114243953
1.51000000000000,0.219225859710536
1.51100000000000,0.258964617439962
1.51200000000000,0.302287838826071
1.51300000000000,0.348920174067918
1.51400000000000,0.398476281488179
1.51500000000000,0.450468455535894
1.51600000000000,0.504316892806920
1.51700000000000,0.559362349996082
1.51800000000000,0.614880888307405
1.51900000000000,0.670100346959810
1.52000000000000,0.724218145312430
1.52100000000000,0.776419979862265
1.52200000000000,0.825898959756658
1.52300000000000,0.871874713075130
1.52400000000000,0.913611996249665
1.52500000000000,0.950438350612262
1.52600000000000,0.981760372896334
1.52700000000000,1.00707820001790
1.52800000000000,1.02599785179789
1.52900000000000,1.03824112739659
1.53000000000000,1.04365281083226
1.53100000000000,1.04220500658495
1.53200000000000,1.03399849632924
1.53300000000000,1.01926108057326
1.53400000000000,0.998342942619282
1.53500000000000,0.971709144989852
1.53600000000000,0.939929438497317
1.53700000000000,0.903665629748651
1.53800000000000,0.863656812460820
1.53900000000000,0.820702820047726
1.54000000000000,0.775646300247952
1.54100000000000,0.729353846029749
1.54200000000000,0.682696639811628
1.54300000000000,0.636531079616131
1.54400000000000,0.591679855845140
1.54500000000000,0.548913935929166
1.54600000000000,0.508935891441707
1.54700000000000,0.472364968943378
1.54800000000000,0.439724262649878
1.54900000000000,0.411430295067902
1.55000000000000,0.387785252292476
1.55100000000000,0.368972055173835
1.55200000000000,0.355052377653424
1.55300000000000,0.345967650959802
1.55400000000000,0.341543018833283
1.55500000000000,0.341494136323906
1.55600000000000,0.345436634768612
1.55700000000000,0.352898010022515
1.55800000000000,0.363331631508402
1.55900000000000,0.376132517623480
1.56000000000000,0.390654479782455
1.56100000000000,0.406228203946506
1.56200000000000,0.422179815709494
1.56300000000000,0.437849463446490
1.56400000000000,0.452609453958510
1.56500000000000,0.465881486471244
1.56600000000000,0.477152553482156
1.56700000000000,0.485989110239926
1.56800000000000,0.492049157762127
1.56900000000000,0.495091936186349
1.57000000000000,0.494984984628213
1.57100000000000,0.491708389121735
1.57200000000000,0.485356110031303
1.57300000000000,0.476134352828271
1.57400000000000,0.464357019531730
1.57500000000000,0.450438350612255
1.57600000000000,0.434882936961539
1.57700000000000,0.418273346919099
1.57800000000000,0.401255672706454
1.57900000000000,0.384523352485870
1.58000000000000,0.368799667354439
1.58100000000000,0.354819345842519
1.58200000000000,0.343309731085648
1.58300000000000,0.334971977222996
1.58400000000000,0.330462741460024
1.58500000000000,0.330376826619078
1.58600000000000,0.335231206172065
1.58700000000000,0.345450830265165
1.58800000000000,0.361356567927889
1.58900000000000,0.383155588572993
1.59000000000000,0.410934426319786
1.59100000000000,0.444654905076467
1.59200000000000,0.484153032311030
1.59300000000000,0.529140896745655
1.59400000000000,0.579211531617135
1.59500000000000,0.633846632463464
1.59600000000000,0.692426948415691
1.59700000000000,0.754245100413104
1.59800000000000,0.818520520235726
1.59900000000000,0.884416152222037
1.60000000000000,0.951056516295155
1.60100000000000,1.01754669751935
1.60200000000000,1.08299180467452
1.60300000000000,1.14651642882685
1.60400000000000,1.20728363287420
1.60500000000000,1.26451301455341
1.60600000000000,1.31749740813200
1.60700000000000,1.36561782340678
1.60800000000000,1.40835626387809
1.60900000000000,1.44530611799277
1.61000000000000,1.47617987687493
1.61100000000000,1.50081399752257
1.61200000000000,1.51917080043124
1.61300000000000,1.53133736328629
1.61400000000000,1.53752144595953
1.61500000000000,1.53804455473926
1.61600000000000,1.53333232372951
1.61700000000000,1.52390245695114
1.61800000000000,1.51035053425117
1.61900000000000,1.49333403621278
1.62000000000000,1.47355498657585
1.62100000000000,1.45174164416229
1.62200000000000,1.42862969912994
1.62300000000000,1.40494343999263
1.62400000000000,1.38137735795946
1.62500000000000,1.35857864376269
1.62600000000000,1.33713100954296
1.62700000000000,1.31754023510287
1.62800000000000,1.30022179474590
1.62900000000000,1.28549086905131
1.63000000000000,1.27355498657585
1.63100000000000,1.26450947508571
1.63200000000000,1.25833583211715
1.63300000000000,1.25490305216556
1.63400000000000,1.25397187439603
1.63500000000000,1.25520184226464
1.63600000000000,1.25816099662605
1.63700000000000,1.26233795850071
1.63800000000000,1.26715609829723
1.63900000000000,1.27198943639551
1.64000000000000,1.27617987687493
1.64100000000000,1.27905534288180
1.64200000000000,1.27994835949404
1.64300000000000,1.27821461851703
1.64400000000000,1.27325105971550
1.64500000000000,1.26451301455341
1.64600000000000,1.25152998129070
1.64700000000000,1.23391963371662
1.64800000000000,1.21139970905856
1.64900000000000,1.18379747263033
1.65000000000000,1.15105651629515
1.65100000000000,1.11324071334911
1.65200000000000,1.07053522236974
1.65300000000000,1.02324450519869
1.65400000000000,0.971787397749176
1.65500000000000,0.916689344938089
1.65600000000000,0.858571980950605
1.65700000000000,0.798140301531240
1.65800000000000,0.736167734445039
1.65900000000000,0.673479466203540
1.66000000000000,0.610934426319778
1.66100000000000,0.549406363683981
1.66200000000000,0.489764472311926
1.66300000000000,0.432854035154931
1.66400000000000,0.379477554588555
1.66500000000000,0.330376826619082
1.66600000000000,0.286216393043534
1.66700000000000,0.247568772333228
1.66800000000000,0.214901826701617
1.66900000000000,0.188568570731538
1.67000000000000,0.168799667354441
1.67100000000000,0.155698791358799
1.67200000000000,0.149240970572439
1.67300000000000,0.149273942133515
1.67400000000000,0.155522487628058
1.67500000000000,0.167595638137642
1.67600000000000,0.184996570198244
1.67700000000000,0.207134948042692
1.67800000000000,0.233341407897288
1.67900000000000,0.262883827994662
1.68000000000000,0.294984984628214
1.68100000000000,0.328841161075368
1.68200000000000,0.363641253378080
1.68300000000000,0.398585905350160
1.68400000000000,0.432906205065658
1.68500000000000,0.465881486471251
1.68600000000000,0.496855802374994
1.68700000000000,0.525252668336257
1.68800000000000,0.550587720093535
1.68900000000000,0.572478979057486
1.69000000000000,0.590654479782452
1.69100000000000,0.604957078750556
1.69200000000000,0.615346333642423
1.69300000000000,0.621897414808087
1.69400000000000,0.624797084102097
1.69500000000000,0.624336848798523
1.69600000000000,0.620903468166761
1.69700000000000,0.614967055745375
1.69800000000000,0.607067079787442
1.69900000000000,0.597796616300908
1.70000000000000,0.587785252292469
1.70100000000000,0.577681070178885
1.70200000000000,0.568132167033922
1.70300000000000,0.559768173833134
1.70400000000000,0.553182239858201
1.70500000000000,0.548913935929161
1.70600000000000,0.547433507428642
1.70700000000000,0.549127874726366
1.70800000000000,0.554288735427588
1.70900000000000,0.563103070918765
1.71000000000000,0.575646300247950
1.71100000000000,0.591878258920648
1.71200000000000,0.611642110326799
1.71300000000000,0.634666224963068
1.71400000000000,0.660568989163838
1.71500000000000,0.688866432515235
1.71600000000000,0.718982493285800
1.71700000000000,0.750261675787685
1.71800000000000,0.781983794195220
1.71900000000000,0.813380445457881
1.72000000000000,0.843652810832253
1.72100000000000,0.871990352285618
1.72200000000000,0.897589947413844
1.72300000000000,0.919674995128140
1.72400000000000,0.937514024479844
1.72500000000000,0.950438350612257
1.72600000000000,0.957858344666160
1.72700000000000,0.959277917964888
1.72800000000000,0.954306864140702
1.72900000000000,0.942670754973240
1.73000000000000,0.924218145312431
1.73100000000000,0.898924908086877
1.73200000000000,0.866895590441423
1.73300000000000,0.828361754781658
1.73400000000000,0.783677342140406
1.73500000000000,0.733311168010507
1.73600000000000,0.677836730821670
1.73700000000000,0.617919578853499
1.73800000000000,0.554302540960097
1.73900000000000,0.487789178567022
1.74000000000000,0.419225859710540
1.74100000000000,0.349482889354928
1.74200000000000,0.279435153027084
1.74300000000000,0.209942742385368
1.74400000000000,0.141832031411776
1.74500000000000,0.0758776604794763
1.74600000000000,0.0127858628872129
1.74700000000000,-0.0468204648748804
1.74800000000000,-0.102414591033541
1.74900000000000,-0.153576368471021
1.75000000000000,-0.199999999999995
1.75100000000000,-0.241498967767043
1.75200000000000,-0.278008015484517
1.75300000000000,-0.309582144800471
1.75400000000000,-0.336392660637182
1.75500000000000,-0.358720372954104
1.75600000000000,-0.376946132328765
1.75700000000000,-0.391538942281183
1.75800000000000,-0.403041950777052
1.75900000000000,-0.412056675371024
1.76000000000000,-0.419225859710534
1.76100000000000,-0.425215392550935
1.76200000000000,-0.430695743210112
1.76300000000000,-0.436323378957682
1.76400000000000,-0.442722629904674
1.76500000000000,-0.450468455535884
1.76600000000000,-0.460070544390428
1.76700000000000,-0.471959145106311
1.76800000000000,-0.486472983923356
1.76900000000000,-0.503849571848826
1.77000000000000,-0.524218145312429
1.77100000000000,-0.547595418735186
1.77200000000000,-0.573884257622638
1.77300000000000,-0.602875308289549
1.77400000000000,-0.634251546916178
1.77500000000000,-0.667595638137644
1.77600000000000,-0.702399923562856
1.77700000000000,-0.738078795232320
1.77800000000000,-0.773983149663875
1.77900000000000,-0.809416566269524
1.78000000000000,-0.843652810832256
1.78100000000000,-0.875954231473972
1.78200000000000,-0.905590591945201
1.78300000000000,-0.931857875683514
1.78400000000000,-0.954096594202784
1.78500000000000,-0.971709144989859
1.78600000000000,-0.984175786913822
1.78700000000000,-0.991068834638412
1.78800000000000,-0.992064716844862
1.78900000000000,-0.986953595158705
1.79000000000000,-0.975646300247955
1.79100000000000,-0.958178407156814
1.79200000000000,-0.934711341945649
1.79300000000000,-0.905530484401721
1.79400000000000,-0.871040305178618
1.79500000000000,-0.831756648403786
1.79600000000000,-0.788296340775188
1.79700000000000,-0.741364373728962
1.79800000000000,-0.691738964783895
1.79900000000000,-0.640254856194974
1.80000000000000,-0.587785252292475
1.80100000000000,-0.535222830284824
1.80200000000000,-0.483460282037467
1.80300000000000,-0.433370855849569
1.80400000000000,-0.385789367249776
1.80500000000000,-0.341494136323912
1.80600000000000,-0.301190286352112
1.80700000000000,-0.265494805132748
1.80800000000000,-0.234923727124366
1.80900000000000,-0.209881742512500
1.81000000000000,-0.190654479782451
1.81100000000000,-0.177403642819435
1.81200000000000,-0.170165113575475
1.81300000000000,-0.168850058660905
1.81400000000000,-0.173249004625025
1.81500000000000,-0.183038773996633
1.81600000000000,-0.197792104148673
1.81700000000000,-0.216989705454343
1.81800000000000,-0.240034455628104
1.81900000000000,-0.266267375059273
1.82000000000000,-0.294984984628210
1.82100000000000,-0.325457614010749
1.82200000000000,-0.356948205647270
1.82300000000000,-0.388731147938499
1.82400000000000,-0.420110671115239
1.82500000000000,-0.450438350612257
1.82600000000000,-0.479129285378038
1.82700000000000,-0.505676551808861
1.82800000000000,-0.529663577090498
1.82900000000000,-0.550774127596851
1.83000000000000,-0.568799667354440
1.83100000000000,-0.583643906969594
1.83200000000000,-0.595324433219671
1.83300000000000,-0.603971382008571
1.83400000000000,-0.609823190793508
1.83500000000000,-0.613219539093697
1.83600000000000,-0.614591655505552
1.83700000000000,-0.614450235050749
1.83800000000000,-0.613371270061913
1.83900000000000,-0.611980149700072
1.84000000000000,-0.610934426319775
1.84100000000000,-0.610905680187445
1.84200000000000,-0.612560936695068
1.84300000000000,-0.616544101635417
1.84400000000000,-0.623457880033621
1.84500000000000,-0.633846632463467
1.84600000000000,-0.648180599999196
1.84700000000000,-0.666841895523333
1.84800000000000,-0.690112615851683
1.84900000000000,-0.718165377111059
1.85000000000000,-0.751056516295153
1.85100000000000,-0.788722136392266
1.85200000000000,-0.830977102540501
1.85300000000000,-0.877517024041273
1.85400000000000,-0.927923183540711
1.85500000000000,-0.981670302078795
1.85600000000000,-1.03813695879852
1.85700000000000,-1.09661841862120
1.85800000000000,-1.15634156174407
1.85900000000000,-1.21648155686570
1.86000000000000,-1.27617987687493
1.86100000000000,-1.33456322241160
1.86200000000000,-1.39076289604720
1.86300000000000,-1.44393415839653
1.86400000000000,-1.49327509754304
1.86500000000000,-1.53804455473926
1.86600000000000,-1.57757867214601
1.86700000000000,-1.61130566184090
1.86800000000000,-1.63875843863521
1.86900000000000,-1.65958481132377
1.87000000000000,-1.67355498657585
1.87100000000000,-1.68056620528936
1.87200000000000,-1.68064440126396
1.87300000000000,-1.67394284477821
1.87400000000000,-1.66073780729294
1.87500000000000,-1.64142135623731
1.87600000000000,-1.61649145887644
1.87700000000000,-1.58653963988844
1.87800000000000,-1.55223649687992
1.87900000000000,-1.51431543017838
1.88000000000000,-1.47355498657584
1.88100000000000,-1.43076025019669
1.88200000000000,-1.38674373650119
1.88300000000000,-1.34230625705533
1.88400000000000,-1.29821822281251
1.88500000000000,-1.25520184226465
1.88600000000000,-1.21391464820955
1.88700000000000,-1.17493475361095
1.88800000000000,-1.13874819391318
1.88900000000000,-1.10573866128452
1.89000000000000,-1.07617987687493
1.89100000000000,-1.05023078175472
1.89200000000000,-1.02793365736002
1.89300000000000,-1.00921521373144
1.89400000000000,-0.993890610382029
1.89500000000000,-0.981670302078800
1.89600000000000,-0.972169531957208
1.89700000000000,-0.964920228931046
1.89800000000000,-0.959385006924536
1.89900000000000,-0.954972911503255
1.90000000000000,-0.951056516295152
1.90100000000000,-0.946989938238137
1.90200000000000,-0.942127317985705
1.90300000000000,-0.935841300308919
1.90400000000000,-0.927541049332684
1.90500000000000,-0.916689344938096
1.90600000000000,-0.902818329367107
1.90700000000000,-0.885543506421010
1.90800000000000,-0.864575638829091
1.90900000000000,-0.839730241314524
1.91000000000000,-0.810934426319780
1.91100000000000,-0.778230924811055
1.91200000000000,-0.741779174445948
1.91300000000000,-0.701853439940509
1.91400000000000,-0.658838003922043
1.91500000000000,-0.613219539093700
1.91600000000000,-0.565576842377007
1.91700000000000,-0.516568177118812
1.91800000000000,-0.466916528835632
1.91900000000000,-0.417393131858616
1.92000000000000,-0.368799667354443
1.92100000000000,-0.321949566469784
1.92200000000000,-0.277648874956485
1.92300000000000,-0.236677147023275
1.92400000000000,-0.199768836044561
1.92500000000000,-0.167595638137635
1.92600000000000,-0.140750221781752
1.92700000000000,-0.119731743152923
1.92800000000000,-0.104933503513244
1.92900000000000,-0.0966330528836794
1.93000000000000,-0.0949849846282121
1.93100000000000,-0.100016599948296
1.93200000000000,-0.111626551244060
1.93300000000000,-0.129586500564578
1.93400000000000,-0.153545755732180
1.93500000000000,-0.183038773996630
1.93600000000000,-0.217495353041515
1.93700000000000,-0.256253263550668
1.93800000000000,-0.298573017959514
1.93900000000000,-0.343654417930410
1.94000000000000,-0.390654479782443
1.94100000000000,-0.438706303639581
1.94200000000000,-0.486938429258387
1.94300000000000,-0.534494209918331
1.94400000000000,-0.580550735685595
1.94500000000000,-0.624336848798528
1.94600000000000,-0.665149816583260
1.94700000000000,-0.702370260635142
1.94800000000000,-0.735474984171478
1.94900000000000,-0.764047391411892
1.95000000000000,-0.787785252292470
1.95100000000000,-0.806505631305950
1.95200000000000,-0.820146869167939
1.95300000000000,-0.828767578618723
1.95400000000000,-0.832542689191681
1.95500000000000,-0.831756648403778
1.95600000000000,-0.826793956762131
1.95700000000000,-0.818127279511954
1.95800000000000,-0.806303437561607
1.95900000000000,-0.791927632045834
1.96000000000000,-0.775646300247947
1.96100000000000,-0.758129034031626
1.96200000000000,-0.740050014710836
1.96300000000000,-0.722069429852830
1.96400000000000,-0.704815337580332
1.96500000000000,-0.688866432515236
1.96600000000000,-0.674736144869306
1.96700000000000,-0.662858470897918
1.96800000000000,-0.653575889811182
1.96900000000000,-0.647129670346899
1.97000000000000,-0.643652810832257
1.97100000000000,-0.643165791158539
1.97200000000000,-0.645575245279831
1.97300000000000,-0.650675590342553
1.97400000000000,-0.658153575146357
1.97500000000000,-0.667595638137643
1.97600000000000,-0.678497895332673
1.97700000000000,-0.690278513179312
1.97800000000000,-0.702292162006687
1.97900000000000,-0.713846193846169
1.98000000000000,-0.724218145312436
1.98100000000000,-0.732674132975897
1.98200000000000,-0.738487686057383
1.98300000000000,-0.740958549891894
1.98400000000000,-0.739430993723910
1.98500000000000,-0.733311168010512
1.98600000000000,-0.722083079238160
1.98700000000000,-0.705322783743268
1.98800000000000,-0.682710445344136
1.98900000000000,-0.654039953678009
1.99000000000000,-0.619225859710544
1.99100000000000,-0.578307450482011
1.99200000000000,-0.531449855161106
1.99300000000000,-0.478942147170947
1.99400000000000,-0.421192480745268
1.99500000000000,-0.358720372954089
1.99600000000000,-0.292146312220690
1.99700000000000,-0.222178939910701
1.99800000000000,-0.149600111100481
1.99900000000000,-0.0752481926560510
2.00000000000000,-3.03613369286689e-15
2.00100000000000,0.0752481926560449
2.00200000000000,0.149600111100497
2.00300000000000,0.222178939910716
2.00400000000000,0.292146312220684
2.00500000000000,0.358720372954083
2.00600000000000,0.421192480745272
2.00700000000000,0.478942147170957
2.00800000000000,0.531449855161100
2.00900000000000,0.578307450482005
2.01000000000000,0.619225859710548
2.01100000000000,0.654039953678011
2.01200000000000,0.682710445344130
2.01300000000000,0.705322783743262
2.01400000000000,0.722083079238163
2.01500000000000,0.733311168010506
2.01600000000000,0.739430993723905
2.01700000000000,0.740958549891889
2.01800000000000,0.738487686057374
2.01900000000000,0.732674132975899
2.02000000000000,0.724218145312431
2.02100000000000,0.713846193846165
2.02200000000000,0.702292162006677
2.02300000000000,0.690278513179303
2.02400000000000,0.678497895332670
2.02500000000000,0.667595638137641
2.02600000000000,0.658153575146351
2.02700000000000,0.650675590342550
2.02800000000000,0.645575245279829
2.02900000000000,0.643165791158538
2.03000000000000,0.643652810832254
2.03100000000000,0.647129670346899
2.03200000000000,0.653575889811183
2.03300000000000,0.662858470897919
2.03400000000000,0.674736144869304
2.03500000000000,0.688866432515236
2.03600000000000,0.704815337580334
2.03700000000000,0.722069429852832
2.03800000000000,0.740050014710852
2.03900000000000,0.758129034031638
2.04000000000000,0.775646300247944
2.04100000000000,0.791927632045837
2.04200000000000,0.806303437561607
2.04300000000000,0.818127279511961
2.04400000000000,0.826793956762134
2.04500000000000,0.831756648403782
2.04600000000000,0.832542689191694
2.04700000000000,0.828767578618728
2.04800000000000,0.820146869167936
2.04900000000000,0.806505631305960
2.05000000000000,0.787785252292477
2.05100000000000,0.764047391411882
2.05200000000000,0.735474984171488
2.05300000000000,0.702370260635145
2.05400000000000,0.665149816583267
2.05500000000000,0.624336848798527
2.05600000000000,0.580550735685598
2.05700000000000,0.534494209918339
2.05800000000000,0.486938429258392
2.05900000000000,0.438706303639562
2.06000000000000,0.390654479782450
2.06100000000000,0.343654417930412
2.06200000000000,0.298573017959523
2.06300000000000,0.256253263550669
2.06400000000000,0.217495353041516
2.06500000000000,0.183038773996626
2.06600000000000,0.153545755732182
2.06700000000000,0.129586500564571
2.06800000000000,0.111626551244064
2.06900000000000,0.100016599948297
2.07000000000000,0.0949849846282123
2.07100000000000,0.0966330528836817
2.07200000000000,0.104933503513244
2.07300000000000,0.119731743152922
2.07400000000000,0.140750221781750
2.07500000000000,0.167595638137645
2.07600000000000,0.199768836044560
2.07700000000000,0.236677147023274
2.07800000000000,0.277648874956471
2.07900000000000,0.321949566469787
2.08000000000000,0.368799667354441
2.08100000000000,0.417393131858614
2.08200000000000,0.466916528835626
2.08300000000000,0.516568177118824
2.08400000000000,0.565576842377014
2.08500000000000,0.613219539093692
2.08600000000000,0.658838003922039
2.08700000000000,0.701853439940522
2.08800000000000,0.741779174445949
2.08900000000000,0.778230924811051
2.09000000000000,0.810934426319781
2.09100000000000,0.839730241314526
2.09200000000000,0.864575638829093
2.09300000000000,0.885543506420998
2.09400000000000,0.902818329367101
2.09500000000000,0.916689344938090
2.09600000000000,0.927541049332669
2.09700000000000,0.935841300308912
2.09800000000000,0.942127317985706
2.09900000000000,0.946989938238131
2.10000000000000,0.951056516295153
2.10100000000000,0.954972911503256
2.10200000000000,0.959385006924529
2.10300000000000,0.964920228931037
2.10400000000000,0.972169531957208
2.10500000000000,0.981670302078794
2.10600000000000,0.993890610382023
2.10700000000000,1.00921521373144
2.10800000000000,1.02793365736002
2.10900000000000,1.05023078175472
2.11000000000000,1.07617987687492
2.11100000000000,1.10573866128453
2.11200000000000,1.13874819391319
2.11300000000000,1.17493475361094
2.11400000000000,1.21391464820955
2.11500000000000,1.25520184226465
2.11600000000000,1.29821822281252
2.11700000000000,1.34230625705532
2.11800000000000,1.38674373650119
2.11900000000000,1.43076025019671
2.12000000000000,1.47355498657585
2.12100000000000,1.51431543017837
2.12200000000000,1.55223649687992
2.12300000000000,1.58653963988846
2.12400000000000,1.61649145887645
2.12500000000000,1.64142135623731
2.12600000000000,1.66073780729294
2.12700000000000,1.67394284477822
2.12800000000000,1.68064440126396
2.12900000000000,1.68056620528936
2.13000000000000,1.67355498657585
2.13100000000000,1.65958481132376
2.13200000000000,1.63875843863521
2.13300000000000,1.61130566184090
2.13400000000000,1.57757867214601
2.13500000000000,1.53804455473926
2.13600000000000,1.49327509754304
2.13700000000000,1.44393415839653
2.13800000000000,1.39076289604721
2.13900000000000,1.33456322241158
2.14000000000000,1.27617987687491
2.14100000000000,1.21648155686571
2.14200000000000,1.15634156174407
2.14300000000000,1.09661841862120
2.14400000000000,1.03813695879852
2.14500000000000,0.981670302078792
2.14600000000000,0.927923183540722
2.14700000000000,0.877517024041264
2.14800000000000,0.830977102540488
2.14900000000000,0.788722136392279
2.15000000000000,0.751056516295158
2.15100000000000,0.718165377111049
2.15200000000000,0.690112615851684
2.15300000000000,0.666841895523339
2.15400000000000,0.648180599999208
2.15500000000000,0.633846632463472
2.15600000000000,0.623457880033619
2.15700000000000,0.616544101635430
2.15800000000000,0.612560936695074
2.15900000000000,0.610905680187449
2.16000000000000,0.610934426319790
2.16100000000000,0.611980149700077
2.16200000000000,0.613371270061913
2.16300000000000,0.614450235050757
2.16400000000000,0.614591655505551
2.16500000000000,0.613219539093697
2.16600000000000,0.609823190793512
2.16700000000000,0.603971382008575
2.16800000000000,0.595324433219678
2.16900000000000,0.583643906969596
2.17000000000000,0.568799667354440
2.17100000000000,0.550774127596851
2.17200000000000,0.529663577090498
2.17300000000000,0.505676551808862
2.17400000000000,0.479129285378040
2.17500000000000,0.450438350612249
2.17600000000000,0.420110671115229
2.17700000000000,0.388731147938499
2.17800000000000,0.356948205647270
2.17900000000000,0.325457614010758
2.18000000000000,0.294984984628209
2.18100000000000,0.266267375059275
2.18200000000000,0.240034455628100
2.18300000000000,0.216989705454338
2.18400000000000,0.197792104148667
2.18500000000000,0.183038773996627
2.18600000000000,0.173249004625023
2.18700000000000,0.168850058660908
2.18800000000000,0.170165113575471
2.18900000000000,0.177403642819432
2.19000000000000,0.190654479782455
2.19100000000000,0.209881742512492
2.19200000000000,0.234923727124367
2.19300000000000,0.265494805132739
2.19400000000000,0.301190286352110
2.19500000000000,0.341494136323904
2.19600000000000,0.385789367249780
2.19700000000000,0.433370855849566
2.19800000000000,0.483460282037471
2.19900000000000,0.535222830284799
2.20000000000000,0.587785252292477
2.20100000000000,0.640254856194978
2.20200000000000,0.691738964783893
2.20300000000000,0.741364373728956
2.20400000000000,0.788296340775192
2.20500000000000,0.831756648403784
2.20600000000000,0.871040305178622
2.20700000000000,0.905530484401704
2.20800000000000,0.934711341945653
2.20900000000000,0.958178407156822
2.21000000000000,0.975646300247947
2.21100000000000,0.986953595158703
2.21200000000000,0.992064716844867
2.21300000000000,0.991068834638406
2.21400000000000,0.984175786913820
2.21500000000000,0.971709144989854
2.21600000000000,0.954096594202783
2.21700000000000,0.931857875683503
2.21800000000000,0.905590591945197
2.21900000000000,0.875954231473971
2.22000000000000,0.843652810832246
2.22100000000000,0.809416566269521
2.22200000000000,0.773983149663875
2.22300000000000,0.738078795232321
2.22400000000000,0.702399923562845
2.22500000000000,0.667595638137634
2.22600000000000,0.634251546916179
2.22700000000000,0.602875308289551
2.22800000000000,0.573884257622632
2.22900000000000,0.547595418735185
2.23000000000000,0.524218145312433
2.23100000000000,0.503849571848827
2.23200000000000,0.486472983923361
2.23300000000000,0.471959145106314
2.23400000000000,0.460070544390430
2.23500000000000,0.450468455535893
2.23600000000000,0.442722629904672
2.23700000000000,0.436323378957678
2.23800000000000,0.430695743210118
2.23900000000000,0.425215392550942
2.24000000000000,0.419225859710548
2.24100000000000,0.412056675371036
2.24200000000000,0.403041950777059
2.24300000000000,0.391538942281197
2.24400000000000,0.376946132328766
2.24500000000000,0.358720372954094
2.24600000000000,0.336392660637196
2.24700000000000,0.309582144800478
2.24800000000000,0.278008015484513
2.24900000000000,0.241498967767041
2.25000000000000,0.200000000000002
2.25100000000000,0.153576368471020
2.25200000000000,0.102414591033536
2.25300000000000,0.0468204648748712
2.25400000000000,-0.0127858628871998
2.25500000000000,-0.0758776604794702
2.25600000000000,-0.141832031411796
2.25700000000000,-0.209942742385366
2.25800000000000,-0.279435153027078
2.25900000000000,-0.349482889354928
2.26000000000000,-0.419225859710550
2.26100000000000,-0.487789178567037
2.26200000000000,-0.554302540960098
2.26300000000000,-0.617919578853495
2.26400000000000,-0.677836730821682
2.26500000000000,-0.733311168010506
2.26600000000000,-0.783677342140402
2.26700000000000,-0.828361754781654
2.26800000000000,-0.866895590441426
2.26900000000000,-0.898924908086881
2.27000000000000,-0.924218145312430
2.27100000000000,-0.942670754973235
2.27200000000000,-0.954306864140703
2.27300000000000,-0.959277917964891
2.27400000000000,-0.957858344666158
2.27500000000000,-0.950438350612255
2.27600000000000,-0.937514024479836
2.27700000000000,-0.919674995128127
2.27800000000000,-0.897589947413843
2.27900000000000,-0.871990352285619
2.28000000000000,-0.843652810832249
2.28100000000000,-0.813380445457875
2.28200000000000,-0.781983794195223
2.28300000000000,-0.750261675787685
2.28400000000000,-0.718982493285783
2.28500000000000,-0.688866432515231
2.28600000000000,-0.660568989163839
2.28700000000000,-0.634666224963064
2.28800000000000,-0.611642110326799
2.28900000000000,-0.591878258920646
2.29000000000000,-0.575646300247958
2.29100000000000,-0.563103070918767
2.29200000000000,-0.554288735427585
2.29300000000000,-0.549127874726373
2.29400000000000,-0.547433507428646
2.29500000000000,-0.548913935929158
2.29600000000000,-0.553182239858208
2.29700000000000,-0.559768173833144
2.29800000000000,-0.568132167033919
2.29900000000000,-0.577681070178889
2.30000000000000,-0.587785252292481
2.30100000000000,-0.597796616300915
2.30200000000000,-0.607067079787446
2.30300000000000,-0.614967055745379
2.30400000000000,-0.620903468166777
2.30500000000000,-0.624336848798531
2.30600000000000,-0.624797084102094
2.30700000000000,-0.621897414808097
2.30800000000000,-0.615346333642426
2.30900000000000,-0.604957078750549
2.31000000000000,-0.590654479782454
2.31100000000000,-0.572478979057488
2.31200000000000,-0.550587720093535
2.31300000000000,-0.525252668336249
2.31400000000000,-0.496855802374995
2.31500000000000,-0.465881486471256
2.31600000000000,-0.432906205065669
2.31700000000000,-0.398585905350153
2.31800000000000,-0.363641253378083
2.31900000000000,-0.328841161075368
2.32000000000000,-0.294984984628212
2.32100000000000,-0.262883827994652
2.32200000000000,-0.233341407897287
2.32300000000000,-0.207134948042689
2.32400000000000,-0.184996570198250
2.32500000000000,-0.167595638137635
2.32600000000000,-0.155522487628056
2.32700000000000,-0.149273942133512
2.32800000000000,-0.149240970572439
2.32900000000000,-0.155698791358797
2.33000000000000,-0.168799667354438
2.33100000000000,-0.188568570731538
2.33200000000000,-0.214901826701605
2.33300000000000,-0.247568772333235
2.33400000000000,-0.286216393043535
2.33500000000000,-0.330376826619079
2.33600000000000,-0.379477554588551
2.33700000000000,-0.432854035154939
2.33800000000000,-0.489764472311929
2.33900000000000,-0.549406363683977
2.34000000000000,-0.610934426319768
2.34100000000000,-0.673479466203554
2.34200000000000,-0.736167734445060
2.34300000000000,-0.798140301531229
2.34400000000000,-0.858571980950600
2.34500000000000,-0.916689344938099
2.34600000000000,-0.971787397749171
2.34700000000000,-1.02324450519868
2.34800000000000,-1.07053522236974
2.34900000000000,-1.11324071334912
2.35000000000000,-1.15105651629516
2.35100000000000,-1.18379747263032
2.35200000000000,-1.21139970905855
2.35300000000000,-1.23391963371663
2.35400000000000,-1.25152998129068
2.35500000000000,-1.26451301455341
2.35600000000000,-1.27325105971550
2.35700000000000,-1.27821461851701
2.35800000000000,-1.27994835949404
2.35900000000000,-1.27905534288180
2.36000000000000,-1.27617987687492
2.36100000000000,-1.27198943639550
2.36200000000000,-1.26715609829721
2.36300000000000,-1.26233795850070
2.36400000000000,-1.25816099662605
2.36500000000000,-1.25520184226463
2.36600000000000,-1.25397187439603
2.36700000000000,-1.25490305216556
2.36800000000000,-1.25833583211715
2.36900000000000,-1.26450947508571
2.37000000000000,-1.27355498657585
2.37100000000000,-1.28549086905130
2.37200000000000,-1.30022179474590
2.37300000000000,-1.31754023510287
2.37400000000000,-1.33713100954296
2.37500000000000,-1.35857864376269
2.37600000000000,-1.38137735795946
2.37700000000000,-1.40494343999264
2.37800000000000,-1.42862969912995
2.37900000000000,-1.45174164416230
2.38000000000000,-1.47355498657584
2.38100000000000,-1.49333403621279
2.38200000000000,-1.51035053425118
2.38300000000000,-1.52390245695114
2.38400000000000,-1.53333232372951
2.38500000000000,-1.53804455473927
2.38600000000000,-1.53752144595954
2.38700000000000,-1.53133736328630
2.38800000000000,-1.51917080043125
2.38900000000000,-1.50081399752257
2.39000000000000,-1.47617987687493
2.39100000000000,-1.44530611799278
2.39200000000000,-1.40835626387808
2.39300000000000,-1.36561782340678
2.39400000000000,-1.31749740813200
2.39500000000000,-1.26451301455341
2.39600000000000,-1.20728363287421
2.39700000000000,-1.14651642882685
2.39800000000000,-1.08299180467450
2.39900000000000,-1.01754669751935
2.40000000000000,-0.951056516295154
2.40100000000000,-0.884416152222030
2.40200000000000,-0.818520520235722
2.40300000000000,-0.754245100413101
2.40400000000000,-0.692426948415703
2.40500000000000,-0.633846632463457
2.40600000000000,-0.579211531617119
2.40700000000000,-0.529140896745663
2.40800000000000,-0.484153032311037
2.40900000000000,-0.444654905076459
2.41000000000000,-0.410934426319783
2.41100000000000,-0.383155588572998
2.41200000000000,-0.361356567927899
2.41300000000000,-0.345450830265166
2.41400000000000,-0.335231206172070
2.41500000000000,-0.330376826619091
2.41600000000000,-0.330462741460023
2.41700000000000,-0.334971977222991
2.41800000000000,-0.343309731085658
2.41900000000000,-0.354819345842523
2.42000000000000,-0.368799667354440
2.42100000000000,-0.384523352485880
2.42200000000000,-0.401255672706466
2.42300000000000,-0.418273346919095
2.42400000000000,-0.434882936961541
2.42500000000000,-0.450438350612261
2.42600000000000,-0.464357019531733
2.42700000000000,-0.476134352828272
2.42800000000000,-0.485356110031307
2.42900000000000,-0.491708389121737
2.43000000000000,-0.494984984628213
2.43100000000000,-0.495091936186352
2.43200000000000,-0.492049157762123
2.43300000000000,-0.485989110239924
2.43400000000000,-0.477152553482157
2.43500000000000,-0.465881486471242
2.43600000000000,-0.452609453958503
2.43700000000000,-0.437849463446488
2.43800000000000,-0.422179815709493
2.43900000000000,-0.406228203946508
2.44000000000000,-0.390654479782446
2.44100000000000,-0.376132517623479
2.44200000000000,-0.363331631508403
2.44300000000000,-0.352898010022500
2.44400000000000,-0.345436634768613
2.44500000000000,-0.341494136323913
2.44600000000000,-0.341543018833280
2.44700000000000,-0.345967650959798
2.44800000000000,-0.355052377653414
2.44900000000000,-0.368972055173828
2.45000000000000,-0.387785252292477
2.45100000000000,-0.411430295067893
2.45200000000000,-0.439724262649873
2.45300000000000,-0.472364968943373
2.45400000000000,-0.508935891441705
2.45500000000000,-0.548913935929164
2.45600000000000,-0.591679855845144
2.45700000000000,-0.636531079616126
2.45800000000000,-0.682696639811643
2.45900000000000,-0.729353846029747
2.46000000000000,-0.775646300247944
2.46100000000000,-0.820702820047717
2.46200000000000,-0.863656812460824
2.46300000000000,-0.903665629748650
2.46400000000000,-0.939929438497326
2.46500000000000,-0.971709144989851
2.46600000000000,-0.998342942619289
2.46700000000000,-1.01926108057327
2.46800000000000,-1.03399849632924
2.46900000000000,-1.04220500658495
2.47000000000000,-1.04365281083226
2.47100000000000,-1.03824112739659
2.47200000000000,-1.02599785179789
2.47300000000000,-1.00707820001790
2.47400000000000,-0.981760372896333
2.47500000000000,-0.950438350612256
2.47600000000000,-0.913611996249667
2.47700000000000,-0.871874713075132
2.47800000000000,-0.825898959756648
2.47900000000000,-0.776419979862252
2.48000000000000,-0.724218145312427
2.48100000000000,-0.670100346959816
2.48200000000000,-0.614880888307396
2.48300000000000,-0.559362349996073
2.48400000000000,-0.504316892806921
2.48500000000000,-0.450468455535898
2.48600000000000,-0.398476281488169
2.48700000000000,-0.348920174067918
2.48800000000000,-0.302287838826078
2.48900000000000,-0.258964617439962
2.49000000000000,-0.219225859710539
2.49100000000000,-0.183232114243954
2.49200000000000,-0.151027248643043
2.49300000000000,-0.122539537495619
2.49400000000000,-0.0975856829952838
2.49500000000000,-0.0758776604794708
2.49600000000000,-0.0570322113037072
2.49700000000000,-0.0405827400148903
2.49800000000000,-0.0259933133505080
2.49900000000000,-0.0126744066399692
2.50000000000000,-4.06681774218775e-15
2.50100000000000,0.0126744066399470
2.50200000000000,0.0259933133504929
2.50300000000000,0.0405827400148930
2.50400000000000,0.0570322113036958
2.50500000000000,0.0758776604794726
2.50600000000000,0.0975856829952885
2.50700000000000,0.122539537495601
2.50800000000000,0.151027248643039
2.50900000000000,0.183232114243953
2.51000000000000,0.219225859710544
2.51100000000000,0.258964617439959
2.51200000000000,0.302287838826064
2.51300000000000,0.348920174067909
2.51400000000000,0.398476281488194
2.51500000000000,0.450468455535893
2.51600000000000,0.504316892806924
2.51700000000000,0.559362349996067
2.51800000000000,0.614880888307408
2.51900000000000,0.670100346959809
2.52000000000000,0.724218145312431
2.52100000000000,0.776419979862253
2.52200000000000,0.825898959756673
2.52300000000000,0.871874713075134
2.52400000000000,0.913611996249660
2.52500000000000,0.950438350612250
2.52600000000000,0.981760372896341
2.52700000000000,1.00707820001790
2.52800000000000,1.02599785179789
2.52900000000000,1.03824112739659
2.53000000000000,1.04365281083225
2.53100000000000,1.04220500658495
2.53200000000000,1.03399849632924
2.53300000000000,1.01926108057327
2.53400000000000,0.998342942619279
2.53500000000000,0.971709144989852
2.53600000000000,0.939929438497317
2.53700000000000,0.903665629748651
2.53800000000000,0.863656812460807
2.53900000000000,0.820702820047719
2.54000000000000,0.775646300247958
2.54100000000000,0.729353846029749
2.54200000000000,0.682696639811613
2.54300000000000,0.636531079616130
2.54400000000000,0.591679855845136
2.54500000000000,0.548913935929164
2.54600000000000,0.508935891441697
2.54700000000000,0.472364968943369
2.54800000000000,0.439724262649883
2.54900000000000,0.411430295067900
2.55000000000000,0.387785252292466
2.55100000000000,0.368972055173840
2.55200000000000,0.355052377653427
2.55300000000000,0.345967650959796
2.55400000000000,0.341543018833284
2.55500000000000,0.341494136323905
2.55600000000000,0.345436634768606
2.55700000000000,0.352898010022516
2.55800000000000,0.363331631508410
2.55900000000000,0.376132517623495
2.56000000000000,0.390654479782453
2.56100000000000,0.406228203946504
2.56200000000000,0.422179815709499
2.56300000000000,0.437849463446491
2.56400000000000,0.452609453958506
2.56500000000000,0.465881486471253
2.56600000000000,0.477152553482158
2.56700000000000,0.485989110239927
2.56800000000000,0.492049157762128
2.56900000000000,0.495091936186352
2.57000000000000,0.494984984628209
2.57100000000000,0.491708389121734
2.57200000000000,0.485356110031303
2.57300000000000,0.476134352828269
2.57400000000000,0.464357019531735
2.57500000000000,0.450438350612259
2.57600000000000,0.434882936961540
2.57700000000000,0.418273346919096
2.57800000000000,0.401255672706457
2.57900000000000,0.384523352485865
2.58000000000000,0.368799667354432
2.58100000000000,0.354819345842516
2.58200000000000,0.343309731085655
2.58300000000000,0.334971977222993
2.58400000000000,0.330462741460017
2.58500000000000,0.330376826619075
2.58600000000000,0.335231206172065
2.58700000000000,0.345450830265160
2.58800000000000,0.361356567927886
2.58900000000000,0.383155588573000
2.59000000000000,0.410934426319773
2.59100000000000,0.444654905076473
2.59200000000000,0.484153032311034
2.59300000000000,0.529140896745653
2.59400000000000,0.579211531617123
2.59500000000000,0.633846632463472
2.59600000000000,0.692426948415686
2.59700000000000,0.754245100413099
2.59800000000000,0.818520520235705
2.59900000000000,0.884416152222049
2.60000000000000,0.951056516295161
2.60100000000000,1.01754669751934
2.60200000000000,1.08299180467451
2.60300000000000,1.14651642882688
2.60400000000000,1.20728363287419
2.60500000000000,1.26451301455341
2.60600000000000,1.31749740813200
2.60700000000000,1.36561782340679
2.60800000000000,1.40835626387809
2.60900000000000,1.44530611799276
2.61000000000000,1.47617987687492
2.61100000000000,1.50081399752258
2.61200000000000,1.51917080043124
2.61300000000000,1.53133736328629
2.61400000000000,1.53752144595953
2.61500000000000,1.53804455473926
2.61600000000000,1.53333232372951
2.61700000000000,1.52390245695114
2.61800000000000,1.51035053425117
2.61900000000000,1.49333403621278
2.62000000000000,1.47355498657584
2.62100000000000,1.45174164416228
2.62200000000000,1.42862969912994
2.62300000000000,1.40494343999262
2.62400000000000,1.38137735795945
2.62500000000000,1.35857864376269
2.62600000000000,1.33713100954297
2.62700000000000,1.31754023510286
2.62800000000000,1.30022179474590
2.62900000000000,1.28549086905131
2.63000000000000,1.27355498657585
2.63100000000000,1.26450947508571
2.63200000000000,1.25833583211715
2.63300000000000,1.25490305216556
2.63400000000000,1.25397187439603
2.63500000000000,1.25520184226464
2.63600000000000,1.25816099662605
2.63700000000000,1.26233795850072
2.63800000000000,1.26715609829723
2.63900000000000,1.27198943639551
2.64000000000000,1.27617987687493
2.64100000000000,1.27905534288179
2.64200000000000,1.27994835949404
2.64300000000000,1.27821461851703
2.64400000000000,1.27325105971551
2.64500000000000,1.26451301455343
2.64600000000000,1.25152998129069
2.64700000000000,1.23391963371662
2.64800000000000,1.21139970905856
2.64900000000000,1.18379747263033
2.65000000000000,1.15105651629516
2.65100000000000,1.11324071334911
2.65200000000000,1.07053522236974
2.65300000000000,1.02324450519868
2.65400000000000,0.971787397749187
2.65500000000000,0.916689344938079
2.65600000000000,0.858571980950605
2.65700000000000,0.798140301531248
2.65800000000000,0.736167734445054
2.65900000000000,0.673479466203534
2.66000000000000,0.610934426319773
2.66100000000000,0.549406363683982
2.66200000000000,0.489764472311942
2.66300000000000,0.432854035154922
2.66400000000000,0.379477554588557
2.66500000000000,0.330376826619083
2.66600000000000,0.286216393043532
2.66700000000000,0.247568772333218
2.66800000000000,0.214901826701608
2.66900000000000,0.188568570731538
2.67000000000000,0.168799667354442
2.67100000000000,0.155698791358799
2.67200000000000,0.149240970572439
2.67300000000000,0.149273942133519
2.67400000000000,0.155522487628062
2.67500000000000,0.167595638137645
2.67600000000000,0.184996570198244
2.67700000000000,0.207134948042685
2.67800000000000,0.233341407897286
2.67900000000000,0.262883827994670
2.68000000000000,0.294984984628220
2.68100000000000,0.328841161075371
2.68200000000000,0.363641253378085
2.68300000000000,0.398585905350173
2.68400000000000,0.432906205065657
2.68500000000000,0.465881486471249
2.68600000000000,0.496855802375004
2.68700000000000,0.525252668336257
2.68800000000000,0.550587720093539
2.68900000000000,0.572478979057492
2.69000000000000,0.590654479782446
2.69100000000000,0.604957078750550
2.69200000000000,0.615346333642433
2.69300000000000,0.621897414808092
2.69400000000000,0.624797084102095
2.69500000000000,0.624336848798515
2.69600000000000,0.620903468166760
2.69700000000000,0.614967055745386
2.69800000000000,0.607067079787437
2.69900000000000,0.597796616300906
2.70000000000000,0.587785252292477
2.70100000000000,0.577681070178871
2.70200000000000,0.568132167033916
2.70300000000000,0.559768173833141
2.70400000000000,0.553182239858190
2.70500000000000,0.548913935929161
2.70600000000000,0.547433507428635
2.70700000000000,0.549127874726362
2.70800000000000,0.554288735427591
2.70900000000000,0.563103070918757
2.71000000000000,0.575646300247949
2.71100000000000,0.591878258920648
2.71200000000000,0.611642110326797
2.71300000000000,0.634666224963062
2.71400000000000,0.660568989163843
2.71500000000000,0.688866432515234
2.71600000000000,0.718982493285805
2.71700000000000,0.750261675787694
2.71800000000000,0.781983794195226
2.71900000000000,0.813380445457873
2.72000000000000,0.843652810832252
2.72100000000000,0.871990352285616
2.72200000000000,0.897589947413855
2.72300000000000,0.919674995128137
2.72400000000000,0.937514024479846
2.72500000000000,0.950438350612262
2.72600000000000,0.957858344666158
2.72700000000000,0.959277917964888
2.72800000000000,0.954306864140702
2.72900000000000,0.942670754973244
2.73000000000000,0.924218145312435
2.73100000000000,0.898924908086887
2.73200000000000,0.866895590441416
2.73300000000000,0.828361754781653
2.73400000000000,0.783677342140411
2.73500000000000,0.733311168010516
2.73600000000000,0.677836730821657
2.73700000000000,0.617919578853500
2.73800000000000,0.554302540960093
2.73900000000000,0.487789178567032
2.74000000000000,0.419225859710526
2.74100000000000,0.349482889354931
2.74200000000000,0.279435153027081
2.74300000000000,0.209942742385381
2.74400000000000,0.141832031411766
2.74500000000000,0.0758776604794805
2.74600000000000,0.0127858628872111
2.74700000000000,-0.0468204648748675
2.74800000000000,-0.102414591033548
2.74900000000000,-0.153576368471022
2.75000000000000,-0.199999999999997
2.75100000000000,-0.241498967767021
2.75200000000000,-0.278008015484524
2.75300000000000,-0.309582144800474
2.75400000000000,-0.336392660637177
2.75500000000000,-0.358720372954096
2.75600000000000,-0.376946132328766
2.75700000000000,-0.391538942281183
2.75800000000000,-0.403041950777058
2.75900000000000,-0.412056675371012
2.76000000000000,-0.419225859710536
2.76100000000000,-0.425215392550933
2.76200000000000,-0.430695743210111
2.76300000000000,-0.436323378957680
2.76400000000000,-0.442722629904677
2.76500000000000,-0.450468455535883
2.76600000000000,-0.460070544390420
2.76700000000000,-0.471959145106309
2.76800000000000,-0.486472983923360
2.76900000000000,-0.503849571848824
2.77000000000000,-0.524218145312430
2.77100000000000,-0.547595418735183
2.77200000000000,-0.573884257622642
2.77300000000000,-0.602875308289542
2.77400000000000,-0.634251546916181
2.77500000000000,-0.667595638137636
2.77600000000000,-0.702399923562863
2.77700000000000,-0.738078795232318
2.77800000000000,-0.773983149663871
2.77900000000000,-0.809416566269520
2.78000000000000,-0.843652810832260
2.78100000000000,-0.875954231473980
2.78200000000000,-0.905590591945206
2.78300000000000,-0.931857875683506
2.78400000000000,-0.954096594202801
2.78500000000000,-0.971709144989859
2.78600000000000,-0.984175786913817
2.78700000000000,-0.991068834638413
2.78800000000000,-0.992064716844862
2.78900000000000,-0.986953595158701
2.79000000000000,-0.975646300247955
2.79100000000000,-0.958178407156820
2.79200000000000,-0.934711341945654
2.79300000000000,-0.905530484401713
2.79400000000000,-0.871040305178619
2.79500000000000,-0.831756648403787
2.79600000000000,-0.788296340775180
2.79700000000000,-0.741364373728947
2.79800000000000,-0.691738964783908
2.79900000000000,-0.640254856194980
2.80000000000000,-0.587785252292456
2.80100000000000,-0.535222830284812
2.80200000000000,-0.483460282037459
2.80300000000000,-0.433370855849557
2.80400000000000,-0.385789367249768
2.80500000000000,-0.341494136323896
2.80600000000000,-0.301190286352126
2.80700000000000,-0.265494805132754
2.80800000000000,-0.234923727124353
2.80900000000000,-0.209881742512500
2.81000000000000,-0.190654479782452
2.81100000000000,-0.177403642819431
2.81200000000000,-0.170165113575479
2.81300000000000,-0.168850058660906
2.81400000000000,-0.173249004625021
2.81500000000000,-0.183038773996632
2.81600000000000,-0.197792104148668
2.81700000000000,-0.216989705454349
2.81800000000000,-0.240034455628110
2.81900000000000,-0.266267375059279
2.82000000000000,-0.294984984628207
2.82100000000000,-0.325457614010758
2.82200000000000,-0.356948205647266
2.82300000000000,-0.388731147938503
2.82400000000000,-0.420110671115231
2.82500000000000,-0.450438350612263
2.82600000000000,-0.479129285378041
2.82700000000000,-0.505676551808859
2.82800000000000,-0.529663577090496
2.82900000000000,-0.550774127596857
2.83000000000000,-0.568799667354437
2.83100000000000,-0.583643906969587
2.83200000000000,-0.595324433219667
2.83300000000000,-0.603971382008577
2.83400000000000,-0.609823190793500
2.83500000000000,-0.613219539093700
2.83600000000000,-0.614591655505556
2.83700000000000,-0.614450235050742
2.83800000000000,-0.613371270061905
2.83900000000000,-0.611980149700070
2.84000000000000,-0.610934426319772
2.84100000000000,-0.610905680187446
2.84200000000000,-0.612560936695066
2.84300000000000,-0.616544101635422
2.84400000000000,-0.623457880033624
2.84500000000000,-0.633846632463461
2.84600000000000,-0.648180599999191
2.84700000000000,-0.666841895523336
2.84800000000000,-0.690112615851671
2.84900000000000,-0.718165377111063
2.85000000000000,-0.751056516295160
2.85100000000000,-0.788722136392265
2.85200000000000,-0.830977102540489
2.85300000000000,-0.877517024041274
2.85400000000000,-0.927923183540713
2.85500000000000,-0.981670302078797
2.85600000000000,-1.03813695879850
2.85700000000000,-1.09661841862121
2.85800000000000,-1.15634156174407
2.85900000000000,-1.21648155686569
2.86000000000000,-1.27617987687492
2.86100000000000,-1.33456322241161
2.86200000000000,-1.39076289604721
2.86300000000000,-1.44393415839652
2.86400000000000,-1.49327509754303
2.86500000000000,-1.53804455473926
2.86600000000000,-1.57757867214601
2.86700000000000,-1.61130566184090
2.86800000000000,-1.63875843863521
2.86900000000000,-1.65958481132377
2.87000000000000,-1.67355498657585
2.87100000000000,-1.68056620528936
2.87200000000000,-1.68064440126397
2.87300000000000,-1.67394284477821
2.87400000000000,-1.66073780729294
2.87500000000000,-1.64142135623731
2.87600000000000,-1.61649145887645
2.87700000000000,-1.58653963988844
2.87800000000000,-1.55223649687993
2.87900000000000,-1.51431543017838
2.88000000000000,-1.47355498657585
2.88100000000000,-1.43076025019669
2.88200000000000,-1.38674373650119
2.88300000000000,-1.34230625705532
2.88400000000000,-1.29821822281253
2.88500000000000,-1.25520184226463
2.88600000000000,-1.21391464820955
2.88700000000000,-1.17493475361095
2.88800000000000,-1.13874819391319
2.88900000000000,-1.10573866128451
2.89000000000000,-1.07617987687493
2.89100000000000,-1.05023078175472
2.89200000000000,-1.02793365736003
2.89300000000000,-1.00921521373144
2.89400000000000,-0.993890610382019
2.89500000000000,-0.981670302078805
2.89600000000000,-0.972169531957214
2.89700000000000,-0.964920228931038
2.89800000000000,-0.959385006924549
2.89900000000000,-0.954972911503251
2.90000000000000,-0.951056516295148
2.90100000000000,-0.946989938238135
2.90200000000000,-0.942127317985703
2.90300000000000,-0.935841300308933
2.90400000000000,-0.927541049332689
2.90500000000000,-0.916689344938087
2.90600000000000,-0.902818329367118
2.90700000000000,-0.885543506421009
2.90800000000000,-0.864575638829091
2.90900000000000,-0.839730241314526
2.91000000000000,-0.810934426319782
2.91100000000000,-0.778230924811052
2.91200000000000,-0.741779174445958
2.91300000000000,-0.701853439940501
2.91400000000000,-0.658838003922051
2.91500000000000,-0.613219539093703
2.91600000000000,-0.565576842377017
2.91700000000000,-0.516568177118807
2.91800000000000,-0.466916528835627
2.91900000000000,-0.417393131858608
2.92000000000000,-0.368799667354440
2.92100000000000,-0.321949566469763
2.92200000000000,-0.277648874956475
2.92300000000000,-0.236677147023279
2.92400000000000,-0.199768836044554
2.92500000000000,-0.167595638137632
2.92600000000000,-0.140750221781747
2.92700000000000,-0.119731743152921
2.92800000000000,-0.104933503513245
2.92900000000000,-0.0966330528836779
2.93000000000000,-0.0949849846282119
2.93100000000000,-0.100016599948295
2.93200000000000,-0.111626551244064
2.93300000000000,-0.129586500564585
2.93400000000000,-0.153545755732180
2.93500000000000,-0.183038773996633
2.93600000000000,-0.217495353041515
2.93700000000000,-0.256253263550673
2.93800000000000,-0.298573017959524
2.93900000000000,-0.343654417930412
2.94000000000000,-0.390654479782451
2.94100000000000,-0.438706303639589
2.94200000000000,-0.486938429258389
2.94300000000000,-0.534494209918325
2.94400000000000,-0.580550735685597
2.94500000000000,-0.624336848798510
2.94600000000000,-0.665149816583270
2.94700000000000,-0.702370260635153
2.94800000000000,-0.735474984171479
2.94900000000000,-0.764047391411885
2.95000000000000,-0.787785252292480
2.95100000000000,-0.806505631305947
2.95200000000000,-0.820146869167937
2.95300000000000,-0.828767578618711
2.95400000000000,-0.832542689191684
2.95500000000000,-0.831756648403780
2.95600000000000,-0.826793956762119
2.95700000000000,-0.818127279511955
2.95800000000000,-0.806303437561610
2.95900000000000,-0.791927632045829
2.96000000000000,-0.775646300247948
2.96100000000000,-0.758129034031637
2.96200000000000,-0.740050014710835
2.96300000000000,-0.722069429852824
2.96400000000000,-0.704815337580332
2.96500000000000,-0.688866432515238
2.96600000000000,-0.674736144869300
2.96700000000000,-0.662858470897914
2.96800000000000,-0.653575889811184
2.96900000000000,-0.647129670346903
2.97000000000000,-0.643652810832253
2.97100000000000,-0.643165791158540
2.97200000000000,-0.645575245279830
2.97300000000000,-0.650675590342550
2.97400000000000,-0.658153575146361
2.97500000000000,-0.667595638137643
2.97600000000000,-0.678497895332682
2.97700000000000,-0.690278513179312
2.97800000000000,-0.702292162006690
2.97900000000000,-0.713846193846164
2.98000000000000,-0.724218145312429
2.98100000000000,-0.732674132975898
2.98200000000000,-0.738487686057386
2.98300000000000,-0.740958549891900
2.98400000000000,-0.739430993723919
2.98500000000000,-0.733311168010517
2.98600000000000,-0.722083079238159
2.98700000000000,-0.705322783743263
2.98800000000000,-0.682710445344132
2.98900000000000,-0.654039953678021
2.99000000000000,-0.619225859710540
2.99100000000000,-0.578307450482005
2.99200000000000,-0.531449855161112
2.99300000000000,-0.478942147170967
2.99400000000000,-0.421192480745249
2.99500000000000,-0.358720372954098
2.99600000000000,-0.292146312220693
2.99700000000000,-0.222178939910715
2.99800000000000,-0.149600111100470
2.99900000000000,-0.0752481926560469
3.00000000000000,-1.73439697829821e-14
3.00100000000000,0.0752481926560378
3.00200000000000,0.149600111100493
3.00300000000000,0.222178939910706
3.00400000000000,0.292146312220684
3.00500000000000,0.358720372954089
3.00600000000000,0.421192480745267
3.00700000000000,0.478942147170958
3.00800000000000,0.531449855161103
3.00900000000000,0.578307450481996
3.01000000000000,0.619225859710550
3.01100000000000,0.654039953678012
3.01200000000000,0.682710445344123
3.01300000000000,0.705322783743255
3.01400000000000,0.722083079238153
3.01500000000000,0.733311168010509
3.01600000000000,0.739430993723912
3.01700000000000,0.740958549891892
3.01800000000000,0.738487686057374
3.01900000000000,0.732674132975891
3.02000000000000,0.724218145312422
3.02100000000000,0.713846193846159
3.02200000000000,0.702292162006672
3.02300000000000,0.690278513179307
3.02400000000000,0.678497895332678
3.02500000000000,0.667595638137640
3.02600000000000,0.658153575146350
3.02700000000000,0.650675590342547
3.02800000000000,0.645575245279829
3.02900000000000,0.643165791158539
3.03000000000000,0.643652810832255
3.03100000000000,0.647129670346903
3.03200000000000,0.653575889811184
3.03300000000000,0.662858470897915
3.03400000000000,0.674736144869308
3.03500000000000,0.688866432515241
3.03600000000000,0.704815337580335
3.03700000000000,0.722069429852828
3.03800000000000,0.740050014710846
3.03900000000000,0.758129034031642
3.04000000000000,0.775646300247953
3.04100000000000,0.791927632045834
3.04200000000000,0.806303437561620
3.04300000000000,0.818127279511960
3.04400000000000,0.826793956762124
3.04500000000000,0.831756648403785
3.04600000000000,0.832542689191688
3.04700000000000,0.828767578618716
3.04800000000000,0.820146869167943
3.04900000000000,0.806505631305952
3.05000000000000,0.787785252292477
3.05100000000000,0.764047391411889
3.05200000000000,0.735474984171484
3.05300000000000,0.702370260635158
3.05400000000000,0.665149816583253
3.05500000000000,0.624336848798514
3.05600000000000,0.580550735685600
3.05700000000000,0.534494209918328
3.05800000000000,0.486938429258363
3.05900000000000,0.438706303639574
3.06000000000000,0.390654479782453
3.06100000000000,0.343654417930415
3.06200000000000,0.298573017959505
3.06300000000000,0.256253263550660
3.06400000000000,0.217495353041516
3.06500000000000,0.183038773996635
3.06600000000000,0.153545755732165
3.06700000000000,0.129586500564579
3.06800000000000,0.111626551244065
3.06900000000000,0.100016599948296
3.07000000000000,0.0949849846282123
3.07100000000000,0.0966330528836808
3.07200000000000,0.104933503513245
3.07300000000000,0.119731743152920
3.07400000000000,0.140750221781747
3.07500000000000,0.167595638137643
3.07600000000000,0.199768836044553
3.07700000000000,0.236677147023277
3.07800000000000,0.277648874956473
3.07900000000000,0.321949566469791
3.08000000000000,0.368799667354437
3.08100000000000,0.417393131858605
3.08200000000000,0.466916528835623
3.08300000000000,0.516568177118820
3.08400000000000,0.565576842377012
3.08500000000000,0.613219539093698
3.08600000000000,0.658838003922046
3.08700000000000,0.701853439940519
3.08800000000000,0.741779174445952
3.08900000000000,0.778230924811045
3.09000000000000,0.810934426319775
3.09100000000000,0.839730241314529
3.09200000000000,0.864575638829083
3.09300000000000,0.885543506421001
3.09400000000000,0.902818329367109
3.09500000000000,0.916689344938086
3.09600000000000,0.927541049332680
3.09700000000000,0.935841300308924
3.09800000000000,0.942127317985693
3.09900000000000,0.946989938238131
3.10000000000000,0.951056516295139
3.10100000000000,0.954972911503241
3.10200000000000,0.959385006924540
3.10300000000000,0.964920228931035
3.10400000000000,0.972169531957205
3.10500000000000,0.981670302078796
3.10600000000000,0.993890610382011
3.10700000000000,1.00921521373144
3.10800000000000,1.02793365736002
3.10900000000000,1.05023078175471
3.11000000000000,1.07617987687492
3.11100000000000,1.10573866128452
3.11200000000000,1.13874819391318
3.11300000000000,1.17493475361095
3.11400000000000,1.21391464820955
3.11500000000000,1.25520184226465
3.11600000000000,1.29821822281252
3.11700000000000,1.34230625705532
3.11800000000000,1.38674373650119
3.11900000000000,1.43076025019670
3.12000000000000,1.47355498657585
3.12100000000000,1.51431543017838
3.12200000000000,1.55223649687992
3.12300000000000,1.58653963988846
3.12400000000000,1.61649145887645
3.12500000000000,1.64142135623731
3.12600000000000,1.66073780729294
3.12700000000000,1.67394284477821
3.12800000000000,1.68064440126397
3.12900000000000,1.68056620528936
3.13000000000000,1.67355498657585
3.13100000000000,1.65958481132377
3.13200000000000,1.63875843863521
3.13300000000000,1.61130566184090
3.13400000000000,1.57757867214601
3.13500000000000,1.53804455473925
3.13600000000000,1.49327509754304
3.13700000000000,1.44393415839653
3.13800000000000,1.39076289604721
3.13900000000000,1.33456322241159
3.14000000000000,1.27617987687492
3.14100000000000,1.21648155686570
3.14200000000000,1.15634156174407
3.14300000000000,1.09661841862119
3.14400000000000,1.03813695879851
3.14500000000000,0.981670302078804
3.14600000000000,0.927923183540720
3.14700000000000,0.877517024041274
3.14800000000000,0.830977102540497
3.14900000000000,0.788722136392273
3.15000000000000,0.751056516295168
3.15100000000000,0.718165377111058
3.15200000000000,0.690112615851680
3.15300000000000,0.666841895523345
3.15400000000000,0.648180599999200
3.15500000000000,0.633846632463465
3.15600000000000,0.623457880033633
3.15700000000000,0.616544101635431
3.15800000000000,0.612560936695075
3.15900000000000,0.610905680187462
3.16000000000000,0.610934426319780
3.16100000000000,0.611980149700079
3.16200000000000,0.613371270061913
3.16300000000000,0.614450235050750
3.16400000000000,0.614591655505563
3.16500000000000,0.613219539093706
3.16600000000000,0.609823190793506
3.16700000000000,0.603971382008582
3.16800000000000,0.595324433219672
3.16900000000000,0.583643906969592
3.17000000000000,0.568799667354441
3.17100000000000,0.550774127596851
3.17200000000000,0.529663577090498
3.17300000000000,0.505676551808861
3.17400000000000,0.479129285378043
3.17500000000000,0.450438350612252
3.17600000000000,0.420110671115231
3.17700000000000,0.388731147938503
3.17800000000000,0.356948205647265
3.17900000000000,0.325457614010744
3.18000000000000,0.294984984628205
3.18100000000000,0.266267375059277
3.18200000000000,0.240034455628108
3.18300000000000,0.216989705454338
3.18400000000000,0.197792104148665
3.18500000000000,0.183038773996629
3.18600000000000,0.173249004625017
3.18700000000000,0.168850058660902
3.18800000000000,0.170165113575474
3.18900000000000,0.177403642819427
3.19000000000000,0.190654479782448
3.19100000000000,0.209881742512504
3.19200000000000,0.234923727124365
3.19300000000000,0.265494805132750
3.19400000000000,0.301190286352122
3.19500000000000,0.341494136323917
3.19600000000000,0.385789367249782
3.19700000000000,0.433370855849553
3.19800000000000,0.483460282037455
3.19900000000000,0.535222830284834
3.20000000000000,0.587785252292478
3.20100000000000,0.640254856194976
3.20200000000000,0.691738964783905
3.20300000000000,0.741364373728943
3.20400000000000,0.788296340775194
3.20500000000000,0.831756648403783
3.20600000000000,0.871040305178615
3.20700000000000,0.905530484401709
3.20800000000000,0.934711341945660
3.20900000000000,0.958178407156817
3.21000000000000,0.975646300247952
3.21100000000000,0.986953595158697
3.21200000000000,0.992064716844860
3.21300000000000,0.991068834638410
3.21400000000000,0.984175786913815
3.21500000000000,0.971709144989856
3.21600000000000,0.954096594202782
3.21700000000000,0.931857875683504
3.21800000000000,0.905590591945205
3.21900000000000,0.875954231473979
3.22000000000000,0.843652810832245
3.22100000000000,0.809416566269520
3.22200000000000,0.773983149663871
3.22300000000000,0.738078795232319
3.22400000000000,0.702399923562841
3.22500000000000,0.667595638137638
3.22600000000000,0.634251546916183
3.22700000000000,0.602875308289545
3.22800000000000,0.573884257622639
3.22900000000000,0.547595418735187
3.23000000000000,0.524218145312435
3.23100000000000,0.503849571848830
3.23200000000000,0.486472983923357
3.23300000000000,0.471959145106316
3.23400000000000,0.460070544390428
3.23500000000000,0.450468455535891
3.23600000000000,0.442722629904686
3.23700000000000,0.436323378957689
3.23800000000000,0.430695743210120
3.23900000000000,0.425215392550943
3.24000000000000,0.419225859710539
3.24100000000000,0.412056675371022
3.24200000000000,0.403041950777068
3.24300000000000,0.391538942281194
3.24400000000000,0.376946132328766
3.24500000000000,0.358720372954107
3.24600000000000,0.336392660637187
3.24700000000000,0.309582144800485
3.24800000000000,0.278008015484517
3.24900000000000,0.241498967767031
3.25000000000000,0.200000000000007
3.25100000000000,0.153576368471032
3.25200000000000,0.102414591033529
3.25300000000000,0.0468204648748771
3.25400000000000,-0.0127858628872018
3.25500000000000,-0.0758776604794714
3.25600000000000,-0.141832031411787
3.25700000000000,-0.209942742385373
3.25800000000000,-0.279435153027073
3.25900000000000,-0.349482889354923
3.26000000000000,-0.419225859710560
3.26100000000000,-0.487789178567036
3.26200000000000,-0.554302540960097
3.26300000000000,-0.617919578853503
3.26400000000000,-0.677836730821669
3.26500000000000,-0.733311168010510
3.26600000000000,-0.783677342140405
3.26700000000000,-0.828361754781653
3.26800000000000,-0.866895590441427
3.26900000000000,-0.898924908086882
3.27000000000000,-0.924218145312430
3.27100000000000,-0.942670754973239
3.27200000000000,-0.954306864140700
3.27300000000000,-0.959277917964888
3.27400000000000,-0.957858344666161
3.27500000000000,-0.950438350612258
3.27600000000000,-0.937514024479830
3.27700000000000,-0.919674995128124
3.27800000000000,-0.897589947413841
3.27900000000000,-0.871990352285625
3.28000000000000,-0.843652810832241
3.28100000000000,-0.813380445457872
3.28200000000000,-0.781983794195214
3.28300000000000,-0.750261675787684
3.28400000000000,-0.718982493285795
3.28500000000000,-0.688866432515234
3.28600000000000,-0.660568989163844
3.28700000000000,-0.634666224963063
3.28800000000000,-0.611642110326796
3.28900000000000,-0.591878258920653
3.29000000000000,-0.575646300247953
3.29100000000000,-0.563103070918761
3.29200000000000,-0.554288735427596
3.29300000000000,-0.549127874726361
3.29400000000000,-0.547433507428634
3.29500000000000,-0.548913935929159
3.29600000000000,-0.553182239858207
3.29700000000000,-0.559768173833157
3.29800000000000,-0.568132167033933
3.29900000000000,-0.577681070178889
3.30000000000000,-0.587785252292480
3.30100000000000,-0.597796616300912
3.30200000000000,-0.607067079787443
3.30300000000000,-0.614967055745392
3.30400000000000,-0.620903468166766
3.30500000000000,-0.624336848798521
3.30600000000000,-0.624797084102101
3.30700000000000,-0.621897414808097
3.30800000000000,-0.615346333642425
3.30900000000000,-0.604957078750552
3.31000000000000,-0.590654479782449
3.31100000000000,-0.572478979057495
3.31200000000000,-0.550587720093530
3.31300000000000,-0.525252668336244
3.31400000000000,-0.496855802374999
3.31500000000000,-0.465881486471258
3.31600000000000,-0.432906205065646
3.31700000000000,-0.398585905350151
3.31800000000000,-0.363641253378075
3.31900000000000,-0.328841161075359
3.32000000000000,-0.294984984628208
3.32100000000000,-0.262883827994658
3.32200000000000,-0.233341407897285
3.32300000000000,-0.207134948042683
3.32400000000000,-0.184996570198245
3.32500000000000,-0.167595638137638
3.32600000000000,-0.155522487628059
3.32700000000000,-0.149273942133515
3.32800000000000,-0.149240970572435
3.32900000000000,-0.155698791358799
3.33000000000000,-0.168799667354438
3.33100000000000,-0.188568570731532
3.33200000000000,-0.214901826701604
3.33300000000000,-0.247568772333234
3.33400000000000,-0.286216393043534
3.33500000000000,-0.330376826619086
3.33600000000000,-0.379477554588543
3.33700000000000,-0.432854035154936
3.33800000000000,-0.489764472311937
3.33900000000000,-0.549406363683976
3.34000000000000,-0.610934426319779
3.34100000000000,-0.673479466203554
3.34200000000000,-0.736167734445047
3.34300000000000,-0.798140301531241
3.34400000000000,-0.858571980950598
3.34500000000000,-0.916689344938085
3.34600000000000,-0.971787397749173
3.34700000000000,-1.02324450519867
3.34800000000000,-1.07053522236973
3.34900000000000,-1.11324071334913
3.35000000000000,-1.15105651629515
3.35100000000000,-1.18379747263032
3.35200000000000,-1.21139970905856
3.35300000000000,-1.23391963371662
3.35400000000000,-1.25152998129069
3.35500000000000,-1.26451301455341
3.35600000000000,-1.27325105971549
3.35700000000000,-1.27821461851702
3.35800000000000,-1.27994835949403
3.35900000000000,-1.27905534288178
3.36000000000000,-1.27617987687492
3.36100000000000,-1.27198943639550
3.36200000000000,-1.26715609829722
3.36300000000000,-1.26233795850071
3.36400000000000,-1.25816099662605
3.36500000000000,-1.25520184226463
3.36600000000000,-1.25397187439603
3.36700000000000,-1.25490305216556
3.36800000000000,-1.25833583211715
3.36900000000000,-1.26450947508571
3.37000000000000,-1.27355498657585
3.37100000000000,-1.28549086905131
3.37200000000000,-1.30022179474590
3.37300000000000,-1.31754023510287
3.37400000000000,-1.33713100954297
3.37500000000000,-1.35857864376269
3.37600000000000,-1.38137735795946
3.37700000000000,-1.40494343999263
3.37800000000000,-1.42862969912995
3.37900000000000,-1.45174164416229
3.38000000000000,-1.47355498657585
3.38100000000000,-1.49333403621278
3.38200000000000,-1.51035053425117
3.38300000000000,-1.52390245695114
3.38400000000000,-1.53333232372951
3.38500000000000,-1.53804455473927
3.38600000000000,-1.53752144595955
3.38700000000000,-1.53133736328629
3.38800000000000,-1.51917080043124
3.38900000000000,-1.50081399752258
3.39000000000000,-1.47617987687492
3.39100000000000,-1.44530611799277
3.39200000000000,-1.40835626387809
3.39300000000000,-1.36561782340678
3.39400000000000,-1.31749740813200
3.39500000000000,-1.26451301455342
3.39600000000000,-1.20728363287420
3.39700000000000,-1.14651642882686
3.39800000000000,-1.08299180467452
3.39900000000000,-1.01754669751935
3.40000000000000,-0.951056516295168
3.40100000000000,-0.884416152222017
3.40200000000000,-0.818520520235723
3.40300000000000,-0.754245100413116
3.40400000000000,-0.692426948415703
3.40500000000000,-0.633846632463461
3.40600000000000,-0.579211531617123
3.40700000000000,-0.529140896745655
3.40800000000000,-0.484153032311045
3.40900000000000,-0.444654905076466
3.41000000000000,-0.410934426319780
3.41100000000000,-0.383155588573007
3.41200000000000,-0.361356567927897
3.41300000000000,-0.345450830265159
3.41400000000000,-0.335231206172072
3.41500000000000,-0.330376826619082
3.41600000000000,-0.330462741460024
3.41700000000000,-0.334971977222993
3.41800000000000,-0.343309731085650
3.41900000000000,-0.354819345842521
3.42000000000000,-0.368799667354437
3.42100000000000,-0.384523352485885
3.42200000000000,-0.401255672706472
3.42300000000000,-0.418273346919090
3.42400000000000,-0.434882936961534
3.42500000000000,-0.450438350612265
3.42600000000000,-0.464357019531737
3.42700000000000,-0.476134352828275
3.42800000000000,-0.485356110031307
3.42900000000000,-0.491708389121736
3.43000000000000,-0.494984984628209
3.43100000000000,-0.495091936186350
3.43200000000000,-0.492049157762126
3.43300000000000,-0.485989110239922
3.43400000000000,-0.477152553482156
3.43500000000000,-0.465881486471250
3.43600000000000,-0.452609453958503
3.43700000000000,-0.437849463446472
3.43800000000000,-0.422179815709506
3.43900000000000,-0.406228203946510
3.44000000000000,-0.390654479782459
3.44100000000000,-0.376132517623474
3.44200000000000,-0.363331631508390
3.44300000000000,-0.352898010022501
3.44400000000000,-0.345436634768610
3.44500000000000,-0.341494136323904
3.44600000000000,-0.341543018833286
3.44700000000000,-0.345967650959791
3.44800000000000,-0.355052377653418
3.44900000000000,-0.368972055173842
3.45000000000000,-0.387785252292469
3.45100000000000,-0.411430295067895
3.45200000000000,-0.439724262649879
3.45300000000000,-0.472364968943379
3.45400000000000,-0.508935891441711
3.45500000000000,-0.548913935929152
3.45600000000000,-0.591679855845132
3.45700000000000,-0.636531079616127
3.45800000000000,-0.682696639811639
3.45900000000000,-0.729353846029732
3.46000000000000,-0.775646300247941
3.46100000000000,-0.820702820047709
3.46200000000000,-0.863656812460834
3.46300000000000,-0.903665629748660
3.46400000000000,-0.939929438497325
3.46500000000000,-0.971709144989859
3.46600000000000,-0.998342942619279
3.46700000000000,-1.01926108057327
3.46800000000000,-1.03399849632925
3.46900000000000,-1.04220500658495
3.47000000000000,-1.04365281083225
3.47100000000000,-1.03824112739659
3.47200000000000,-1.02599785179789
3.47300000000000,-1.00707820001790
3.47400000000000,-0.981760372896340
3.47500000000000,-0.950438350612264
3.47600000000000,-0.913611996249675
3.47700000000000,-0.871874713075136
3.47800000000000,-0.825898959756645
3.47900000000000,-0.776419979862245
3.48000000000000,-0.724218145312424
3.48100000000000,-0.670100346959821
3.48200000000000,-0.614880888307392
3.48300000000000,-0.559362349996076
3.48400000000000,-0.504316892806921
3.48500000000000,-0.450468455535891
3.48600000000000,-0.398476281488178
3.48700000000000,-0.348920174067913
3.48800000000000,-0.302287838826069
3.48900000000000,-0.258964617439964
3.49000000000000,-0.219225859710538
3.49100000000000,-0.183232114243961
3.49200000000000,-0.151027248643049
3.49300000000000,-0.122539537495611
3.49400000000000,-0.0975856829952920
3.49500000000000,-0.0758776604794718
3.49600000000000,-0.0570322113036940
3.49700000000000,-0.0405827400148977
3.49800000000000,-0.0259933133505082
3.49900000000000,-0.0126744066399696
3.50000000000000,-1.87675311770487e-14
3.50100000000000,0.0126744066399465
3.50200000000000,0.0259933133505070
3.50300000000000,0.0405827400148826
3.50400000000000,0.0570322113036927
3.50500000000000,0.0758776604794565
3.50600000000000,0.0975856829952835
3.50700000000000,0.122539537495609
3.50800000000000,0.151027248643033
3.50900000000000,0.183232114243945
3.51000000000000,0.219225859710552
3.51100000000000,0.258964617439948
3.51200000000000,0.302287838826063
3.51300000000000,0.348920174067907
3.51400000000000,0.398476281488191
3.51500000000000,0.450468455535900
3.51600000000000,0.504316892806924
3.51700000000000,0.559362349996061
3.51800000000000,0.614880888307412
3.51900000000000,0.670100346959808
3.52000000000000,0.724218145312434
3.52100000000000,0.776419979862260
3.52200000000000,0.825898959756666
3.52300000000000,0.871874713075129
3.52400000000000,0.913611996249668
3.52500000000000,0.950438350612258
3.52600000000000,0.981760372896334
3.52700000000000,1.00707820001790
3.52800000000000,1.02599785179789
3.52900000000000,1.03824112739659
3.53000000000000,1.04365281083226
3.53100000000000,1.04220500658495
3.53200000000000,1.03399849632925
3.53300000000000,1.01926108057327
3.53400000000000,0.998342942619272
3.53500000000000,0.971709144989844
3.53600000000000,0.939929438497317
3.53700000000000,0.903665629748642
3.53800000000000,0.863656812460811
3.53900000000000,0.820702820047722
3.54000000000000,0.775646300247944
3.54100000000000,0.729353846029747
3.54200000000000,0.682696639811625
3.54300000000000,0.636531079616129
3.54400000000000,0.591679855845147
3.54500000000000,0.548913935929167
3.54600000000000,0.508935891441691
3.54700000000000,0.472364968943380
3.54800000000000,0.439724262649879
3.54900000000000,0.411430295067895
3.55000000000000,0.387785252292474
3.55100000000000,0.368972055173835
3.55200000000000,0.355052377653423
3.55300000000000,0.345967650959801
3.55400000000000,0.341543018833281
3.55500000000000,0.341494136323916
3.55600000000000,0.345436634768618
3.55700000000000,0.352898010022516
3.55800000000000,0.363331631508412
3.55900000000000,0.376132517623484
3.56000000000000,0.390654479782453
3.56100000000000,0.406228203946516
3.56200000000000,0.422179815709490
3.56300000000000,0.437849463446482
3.56400000000000,0.452609453958507
3.56500000000000,0.465881486471245
3.56600000000000,0.477152553482170
3.56700000000000,0.485989110239934
3.56800000000000,0.492049157762123
3.56900000000000,0.495091936186353
3.57000000000000,0.494984984628211
3.57100000000000,0.491708389121732
3.57200000000000,0.485356110031302
3.57300000000000,0.476134352828265
3.57400000000000,0.464357019531727
3.57500000000000,0.450438350612254
3.57600000000000,0.434882936961536
3.57700000000000,0.418273346919090
3.57800000000000,0.401255672706456
3.57900000000000,0.384523352485872
3.58000000000000,0.368799667354435
3.58100000000000,0.354819345842518
3.58200000000000,0.343309731085640
3.58300000000000,0.334971977222994
3.58400000000000,0.330462741460024
3.58500000000000,0.330376826619082
3.58600000000000,0.335231206172063
3.58700000000000,0.345450830265161
3.58800000000000,0.361356567927888
3.58900000000000,0.383155588572994
3.59000000000000,0.410934426319778
3.59100000000000,0.444654905076467
3.59200000000000,0.484153032311028
3.59300000000000,0.529140896745661
3.59400000000000,0.579211531617118
3.59500000000000,0.633846632463474
3.59600000000000,0.692426948415697
3.59700000000000,0.754245100413095
3.59800000000000,0.818520520235716
3.59900000000000,0.884416152222049
3.60000000000000,0.951056516295147
3.60100000000000,1.01754669751934
3.60200000000000,1.08299180467450
3.60300000000000,1.14651642882687
3.60400000000000,1.20728363287419
3.60500000000000,1.26451301455340
3.60600000000000,1.31749740813199
3.60700000000000,1.36561782340680
3.60800000000000,1.40835626387808
3.60900000000000,1.44530611799277
3.61000000000000,1.47617987687492
3.61100000000000,1.50081399752258
3.61200000000000,1.51917080043124
3.61300000000000,1.53133736328629
3.61400000000000,1.53752144595953
3.61500000000000,1.53804455473926
3.61600000000000,1.53333232372951
3.61700000000000,1.52390245695114
3.61800000000000,1.51035053425117
3.61900000000000,1.49333403621279
3.62000000000000,1.47355498657585
3.62100000000000,1.45174164416229
3.62200000000000,1.42862969912995
3.62300000000000,1.40494343999262
3.62400000000000,1.38137735795945
3.62500000000000,1.35857864376270
3.62600000000000,1.33713100954297
3.62700000000000,1.31754023510286
3.62800000000000,1.30022179474590
3.62900000000000,1.28549086905130
3.63000000000000,1.27355498657585
3.63100000000000,1.26450947508571
3.63200000000000,1.25833583211715
3.63300000000000,1.25490305216556
3.63400000000000,1.25397187439603
3.63500000000000,1.25520184226464
3.63600000000000,1.25816099662605
3.63700000000000,1.26233795850071
3.63800000000000,1.26715609829722
3.63900000000000,1.27198943639552
3.64000000000000,1.27617987687492
3.64100000000000,1.27905534288179
3.64200000000000,1.27994835949404
3.64300000000000,1.27821461851703
3.64400000000000,1.27325105971552
3.64500000000000,1.26451301455343
3.64600000000000,1.25152998129069
3.64700000000000,1.23391963371662
3.64800000000000,1.21139970905856
3.64900000000000,1.18379747263033
3.65000000000000,1.15105651629516
3.65100000000000,1.11324071334911
3.65200000000000,1.07053522236975
3.65300000000000,1.02324450519869
3.65400000000000,0.971787397749178
3.65500000000000,0.916689344938091
3.65600000000000,0.858571980950617
3.65700000000000,0.798140301531247
3.65800000000000,0.736167734445066
3.65900000000000,0.673479466203523
3.66000000000000,0.610934426319763
3.66100000000000,0.549406363683994
3.66200000000000,0.489764472311944
3.66300000000000,0.432854035154922
3.66400000000000,0.379477554588558
3.66500000000000,0.330376826619076
3.66600000000000,0.286216393043533
3.66700000000000,0.247568772333224
3.66800000000000,0.214901826701607
3.66900000000000,0.188568570731540
3.67000000000000,0.168799667354440
3.67100000000000,0.155698791358797
3.67200000000000,0.149240970572439
3.67300000000000,0.149273942133516
3.67400000000000,0.155522487628059
3.67500000000000,0.167595638137649
3.67600000000000,0.184996570198241
3.67700000000000,0.207134948042679
3.67800000000000,0.233341407897280
3.67900000000000,0.262883827994677
3.68000000000000,0.294984984628224
3.68100000000000,0.328841161075379
3.68200000000000,0.363641253378094
3.68300000000000,0.398585905350165
3.68400000000000,0.432906205065666
3.68500000000000,0.465881486471257
3.68600000000000,0.496855802375002
3.68700000000000,0.525252668336259
3.68800000000000,0.550587720093532
3.68900000000000,0.572478979057485
3.69000000000000,0.590654479782451
3.69100000000000,0.604957078750549
3.69200000000000,0.615346333642428
3.69300000000000,0.621897414808100
3.69400000000000,0.624797084102091
3.69500000000000,0.624336848798517
3.69600000000000,0.620903468166761
3.69700000000000,0.614967055745383
3.69800000000000,0.607067079787448
3.69900000000000,0.597796616300895
3.70000000000000,0.587785252292463
3.70100000000000,0.577681070178872
3.70200000000000,0.568132167033903
3.70300000000000,0.559768173833136
3.70400000000000,0.553182239858201
3.70500000000000,0.548913935929150
3.70600000000000,0.547433507428638
3.70700000000000,0.549127874726378
3.70800000000000,0.554288735427586
3.70900000000000,0.563103070918763
3.71000000000000,0.575646300247955
3.71100000000000,0.591878258920651
3.71200000000000,0.611642110326800
3.71300000000000,0.634666224963054
3.71400000000000,0.660568989163834
3.71500000000000,0.688866432515234
3.71600000000000,0.718982493285806
3.71700000000000,0.750261675787696
3.71800000000000,0.781983794195234
3.71900000000000,0.813380445457865
3.72000000000000,0.843652810832260
3.72100000000000,0.871990352285624
3.72200000000000,0.897589947413859
3.72300000000000,0.919674995128143
3.72400000000000,0.937514024479842
3.72500000000000,0.950438350612258
3.72600000000000,0.957858344666162
3.72700000000000,0.959277917964892
3.72800000000000,0.954306864140702
3.72900000000000,0.942670754973242
3.73000000000000,0.924218145312439
3.73100000000000,0.898924908086886
3.73200000000000,0.866895590441412
3.73300000000000,0.828361754781655
3.73400000000000,0.783677342140411
3.73500000000000,0.733311168010517
3.73600000000000,0.677836730821658
3.73700000000000,0.617919578853491
3.73800000000000,0.554302540960094
3.73900000000000,0.487789178567033
3.74000000000000,0.419225859710527
3.74100000000000,0.349482889354933
3.74200000000000,0.279435153027083
3.74300000000000,0.209942742385371
3.74400000000000,0.141832031411778
3.74500000000000,0.0758776604794793
3.74600000000000,0.0127858628872091
3.74700000000000,-0.0468204648748615
3.74800000000000,-0.102414591033555
3.74900000000000,-0.153576368471012
3.75000000000000,-0.199999999999988
3.75100000000000,-0.241498967767027
3.75200000000000,-0.278008015484513
3.75300000000000,-0.309582144800463
3.75400000000000,-0.336392660637178
3.75500000000000,-0.358720372954091
3.75600000000000,-0.376946132328766
3.75700000000000,-0.391538942281183
3.75800000000000,-0.403041950777045
3.75900000000000,-0.412056675371010
3.76000000000000,-0.419225859710546
3.76100000000000,-0.425215392550932
3.76200000000000,-0.430695743210109
3.76300000000000,-0.436323378957669
3.76400000000000,-0.442722629904676
3.76500000000000,-0.450468455535890
3.76600000000000,-0.460070544390419
3.76700000000000,-0.471959145106307
3.76800000000000,-0.486472983923360
3.76900000000000,-0.503849571848820
3.77000000000000,-0.524218145312431
3.77100000000000,-0.547595418735183
3.77200000000000,-0.573884257622641
3.77300000000000,-0.602875308289544
3.77400000000000,-0.634251546916183
3.77500000000000,-0.667595638137640
3.77600000000000,-0.702399923562858
3.77700000000000,-0.738078795232324
3.77800000000000,-0.773983149663878
3.77900000000000,-0.809416566269524
3.78000000000000,-0.843652810832257
3.78100000000000,-0.875954231473972
3.78200000000000,-0.905590591945198
3.78300000000000,-0.931857875683505
3.78400000000000,-0.954096594202802
3.78500000000000,-0.971709144989851
3.78600000000000,-0.984175786913819
3.78700000000000,-0.991068834638406
3.78800000000000,-0.992064716844870
3.78900000000000,-0.986953595158707
3.79000000000000,-0.975646300247950
3.79100000000000,-0.958178407156828
3.79200000000000,-0.934711341945647
3.79300000000000,-0.905530484401705
3.79400000000000,-0.871040305178623
3.79500000000000,-0.831756648403777
3.79600000000000,-0.788296340775179
3.79700000000000,-0.741364373728959
3.79800000000000,-0.691738964783897
3.79900000000000,-0.640254856194982
3.80000000000000,-0.587785252292470
3.80100000000000,-0.535222830284811
3.80200000000000,-0.483460282037472
3.80300000000000,-0.433370855849570
3.80400000000000,-0.385789367249757
3.80500000000000,-0.341494136323900
3.80600000000000,-0.301190286352123
3.80700000000000,-0.265494805132751
3.80800000000000,-0.234923727124358
3.80900000000000,-0.209881742512493
3.81000000000000,-0.190654479782458
3.81100000000000,-0.177403642819438
3.81200000000000,-0.170165113575473
3.81300000000000,-0.168850058660914
3.81400000000000,-0.173249004625029
3.81500000000000,-0.183038773996633
3.81600000000000,-0.197792104148674
3.81700000000000,-0.216989705454341
3.81800000000000,-0.240034455628102
3.81900000000000,-0.266267375059277
3.82000000000000,-0.294984984628233
3.82100000000000,-0.325457614010750
3.82200000000000,-0.356948205647262
3.82300000000000,-0.388731147938497
3.82400000000000,-0.420110671115248
3.82500000000000,-0.450438350612267
3.82600000000000,-0.479129285378045
3.82700000000000,-0.505676551808855
3.82800000000000,-0.529663577090506
3.82900000000000,-0.550774127596859
3.83000000000000,-0.568799667354434
3.83100000000000,-0.583643906969588
3.83200000000000,-0.595324433219677
3.83300000000000,-0.603971382008575
3.83400000000000,-0.609823190793506
3.83500000000000,-0.613219539093691
3.83600000000000,-0.614591655505554
3.83700000000000,-0.614450235050751
3.83800000000000,-0.613371270061904
3.83900000000000,-0.611980149700069
3.84000000000000,-0.610934426319782
3.84100000000000,-0.610905680187433
3.84200000000000,-0.612560936695076
3.84300000000000,-0.616544101635432
3.84400000000000,-0.623457880033620
3.84500000000000,-0.633846632463462
3.84600000000000,-0.648180599999193
3.84700000000000,-0.666841895523325
3.84800000000000,-0.690112615851679
3.84900000000000,-0.718165377111055
3.85000000000000,-0.751056516295151
3.85100000000000,-0.788722136392272
3.85200000000000,-0.830977102540482
3.85300000000000,-0.877517024041277
3.85400000000000,-0.927923183540715
3.85500000000000,-0.981670302078785
3.85600000000000,-1.03813695879851
3.85700000000000,-1.09661841862121
3.85800000000000,-1.15634156174405
3.85900000000000,-1.21648155686569
3.86000000000000,-1.27617987687490
3.86100000000000,-1.33456322241161
3.86200000000000,-1.39076289604722
3.86300000000000,-1.44393415839651
3.86400000000000,-1.49327509754302
3.86500000000000,-1.53804455473927
3.86600000000000,-1.57757867214601
3.86700000000000,-1.61130566184091
3.86800000000000,-1.63875843863521
3.86900000000000,-1.65958481132377
3.87000000000000,-1.67355498657585
3.87100000000000,-1.68056620528936
3.87200000000000,-1.68064440126396
3.87300000000000,-1.67394284477821
3.87400000000000,-1.66073780729294
3.87500000000000,-1.64142135623731
3.87600000000000,-1.61649145887645
3.87700000000000,-1.58653963988843
3.87800000000000,-1.55223649687993
3.87900000000000,-1.51431543017839
3.88000000000000,-1.47355498657586
3.88100000000000,-1.43076025019668
3.88200000000000,-1.38674373650118
3.88300000000000,-1.34230625705532
3.88400000000000,-1.29821822281252
3.88500000000000,-1.25520184226464
3.88600000000000,-1.21391464820955
3.88700000000000,-1.17493475361094
3.88800000000000,-1.13874819391319
3.88900000000000,-1.10573866128452
3.89000000000000,-1.07617987687492
3.89100000000000,-1.05023078175473
3.89200000000000,-1.02793365736003
3.89300000000000,-1.00921521373143
3.89400000000000,-0.993890610382024
3.89500000000000,-0.981670302078795
3.89600000000000,-0.972169531957218
3.89700000000000,-0.964920228931051
3.89800000000000,-0.959385006924549
3.89900000000000,-0.954972911503254
3.90000000000000,-0.951056516295151
3.90100000000000,-0.946989938238135
3.90200000000000,-0.942127317985717
3.90300000000000,-0.935841300308933
3.90400000000000,-0.927541049332688
3.90500000000000,-0.916689344938091
3.90600000000000,-0.902818329367109
3.90700000000000,-0.885543506421006
3.90800000000000,-0.864575638829100
3.90900000000000,-0.839730241314521
3.91000000000000,-0.810934426319790
3.91100000000000,-0.778230924811059
3.91200000000000,-0.741779174445956
3.91300000000000,-0.701853439940504
3.91400000000000,-0.658838003922051
3.91500000000000,-0.613219539093703
3.91600000000000,-0.565576842377026
3.91700000000000,-0.516568177118799
3.91800000000000,-0.466916528835619
3.91900000000000,-0.417393131858605
3.92000000000000,-0.368799667354432
3.92100000000000,-0.321949566469771
3.92200000000000,-0.277648874956471
3.92300000000000,-0.236677147023273
3.92400000000000,-0.199768836044550
3.92500000000000,-0.167595638137636
3.92600000000000,-0.140750221781751
3.92700000000000,-0.119731743152923
3.92800000000000,-0.104933503513244
3.92900000000000,-0.0966330528836805
3.93000000000000,-0.0949849846282095
3.93100000000000,-0.100016599948297
3.93200000000000,-0.111626551244065
3.93300000000000,-0.129586500564584
3.93400000000000,-0.153545755732187
3.93500000000000,-0.183038773996633
3.93600000000000,-0.217495353041505
3.93700000000000,-0.256253263550682
3.93800000000000,-0.298573017959524
3.93900000000000,-0.343654417930423
3.94000000000000,-0.390654479782462
3.94100000000000,-0.438706303639577
3.94200000000000,-0.486938429258389
3.94300000000000,-0.534494209918336
3.94400000000000,-0.580550735685594
3.94500000000000,-0.624336848798534
3.94600000000000,-0.665149816583259
3.94700000000000,-0.702370260635143
3.94800000000000,-0.735474984171484
3.94900000000000,-0.764047391411890
3.95000000000000,-0.787785252292472
3.95100000000000,-0.806505631305954
3.95200000000000,-0.820146869167931
3.95300000000000,-0.828767578618723
3.95400000000000,-0.832542689191687
3.95500000000000,-0.831756648403768
3.95600000000000,-0.826793956762120
3.95700000000000,-0.818127279511939
3.95800000000000,-0.806303437561598
3.95900000000000,-0.791927632045829
3.96000000000000,-0.775646300247936
3.96100000000000,-0.758129034031630
3.96200000000000,-0.740050014710845
3.96300000000000,-0.722069429852824
3.96400000000000,-0.704815337580331
3.96500000000000,-0.688866432515224
3.96600000000000,-0.674736144869299
3.96700000000000,-0.662858470897920
3.96800000000000,-0.653575889811188
3.96900000000000,-0.647129670346901
3.97000000000000,-0.643652810832256
3.97100000000000,-0.643165791158539
3.97200000000000,-0.645575245279828
3.97300000000000,-0.650675590342548
3.97400000000000,-0.658153575146364
3.97500000000000,-0.667595638137648
3.97600000000000,-0.678497895332687
3.97700000000000,-0.690278513179318
3.97800000000000,-0.702292162006684
3.97900000000000,-0.713846193846169
3.98000000000000,-0.724218145312438
3.98100000000000,-0.732674132975902
3.98200000000000,-0.738487686057385
3.98300000000000,-0.740958549891900
3.98400000000000,-0.739430993723912
3.98500000000000,-0.733311168010519
3.98600000000000,-0.722083079238168
3.98700000000000,-0.705322783743257
3.98800000000000,-0.682710445344137
3.98900000000000,-0.654039953678016
3.99000000000000,-0.619225859710536
3.99100000000000,-0.578307450482012
3.99200000000000,-0.531449855161106
3.99300000000000,-0.478942147170964
3.99400000000000,-0.421192480745254
3.99500000000000,-0.358720372954088
3.99600000000000,-0.292146312220697
3.99700000000000,-0.222178939910718
3.99800000000000,-0.149600111100470
3.99900000000000,-0.0752481926560611
